title,starts_at,ends_at,location_name,address,city,url,image_url,category,audience,price,status,source,source_id,source_url,dedupe_key,description,tags,accessibility,raw_categories,raw_target_audience,raw_accessibility,latitude,longitude,venue_url,venue_contact,venue_extra_info,venue_schedule,venue_category,venue_district,venue_accessibility,venue_tags
Lisbon is buzzing this weekend: must-see events (some free) from March 13 to 15,,,,,Lisbon,https://lisboasecreta.co/en/what-to-do-in-lisbon-weekend/,https://offloadmedia.feverup.com/lisboasecreta.co/wp-content/uploads/2021/11/13113835/mulher-num-miradouro-em-lisboa-fim-de-semana-%40paulo-evangelista.jpeg,,,,approved,lisboa_secreta,what-to-do-in-lisbon-weekend,https://lisboasecreta.co/en/what-to-do-in-lisbon-weekend/,5b763c6789f041dc856f8bb8ed662d85d27f41a2,"Here are our suggestions for things to do in Lisbon this weekend, whether you’re alone, with your significant other, with friends, or with family.",,,,,,,,,,,,,,,
"Goodbye, winter: from this date onwards, you will sleep one hour less, but spend more time in the sun in Lisbon.",,,,,Lisbon,https://lisboasecreta.co/en/change-to-daylight-saving-time/,https://offloadmedia.feverup.com/lisboasecreta.co/wp-content/uploads/2026/03/05120612/horario-de-verao-generica.jpg,,,,approved,lisboa_secreta,change-to-daylight-saving-time,https://lisboasecreta.co/en/change-to-daylight-saving-time/,aa9cc65042a843388ec71542c1edba75785ab473,"The days will get longer! Find out when the time changes in Portugal, how to make the most of daylight saving time, and tips for adjusting your sleep to the loss of an hour.",,,,,,,,,,,,,,,
More than 500 bagpipers will invade Avenida da Liberdade: the biggest St. Patrick’s Day ever comes to Lisbon,,,,,Lisbon,https://lisboasecreta.co/en/parade-bagpipes-st-patricks-day-lisbon/,https://offloadmedia.feverup.com/lisboasecreta.co/wp-content/uploads/2026/03/13095029/desfile-de-st.-patricks-em-lisboa-%40desfilesaopatriciolisboa-_3.jpg,,,,approved,lisboa_secreta,parade-bagpipes-st-patricks-day-lisbon,https://lisboasecreta.co/en/parade-bagpipes-st-patricks-day-lisbon/,f66d16b4165fff0501d95d6188a5462a9a5181ad,"The 3rd edition of the Irish festival has grown and now lasts three days, with downtown Lisbon hosting 15 bands, a big concert in Rossio, and a Guinness panoramic bus leading the parade.",,,,,,,,,,,,,,,
Music Guide: The Best Concerts Already Confirmed for 2026,,,,,Lisbon,https://lisboasecreta.co/en/music-concerts-in-lisbon/,https://offloadmedia.feverup.com/lisboasecreta.co/wp-content/uploads/2022/02/08092637/Estu%CC%81dio-Time-Out-recebe-concertos-tributo-a-Queen-e-Pearl-Jam-%40spencer-davis.jpg,,,,approved,lisboa_secreta,music-concerts-in-lisbon,https://lisboasecreta.co/en/music-concerts-in-lisbon/,7d8da6821c8032de51862f5f11239f579e6789b3,The year 2026 will bring some of your favorite bands and artists to Lisbon. These are the music concerts in Lisbon that have already been confirmed!,,,,,,,,,,,,,,,
All confirmations for NOS Alive 2026 (so far),,,,,Lisbon,https://lisboasecreta.co/en/nos-alive-2026-music-festival/,https://offloadmedia.feverup.com/lisboasecreta.co/wp-content/uploads/2023/11/15135755/pessoas-no-festival-de-musica-nos-alive-%40nos_alive-_1.jpg,,,,approved,lisboa_secreta,nos-alive-2026-music-festival,https://lisboasecreta.co/en/nos-alive-2026-music-festival/,5ccd9f85f2e423548497f167c4d456afb28f274e,"The festival returns to the Algés Promenade with a lineup that blends rock legends, electronic sounds, and major international voices.",,,,,,,,,,,,,,,
"Iñigo Quintero, the global phenomenon behind “Si No Estás,” comes to Lisbon: the Galician star will perform in the capital later this month.",,,,,Lisbon,https://lisboasecreta.co/en/inigo-quintero-concert-in-lisbon/,https://offloadmedia.feverup.com/lisboasecreta.co/wp-content/uploads/2026/03/12205125/inigo-quintero.jpg,,,,approved,lisboa_secreta,inigo-quintero-concert-in-lisbon,https://lisboasecreta.co/en/inigo-quintero-concert-in-lisbon/,4cfbb6b632ca575787b7ba9211eb99bad73842e0,"Iñigo Quintero brings the ""Si No Estás"" phenomenon to Lisbon! Find out everything about the concert at LAV, ticket prices, and what to expect from the Galician star.",,,,,,,,,,,,,,,
Lisbon’s most famous animation festival is back: the 25th edition of MONSTRA brings around 500 films and more than 120 screenings to the capital.,,,,,Lisbon,https://lisboasecreta.co/en/monstra-lisbon-animation-festival/,https://offloadmedia.feverup.com/lisboasecreta.co/wp-content/uploads/2026/03/12160921/festival-monstra.jpg,,,,approved,lisboa_secreta,monstra-lisbon-animation-festival,https://lisboasecreta.co/en/monstra-lisbon-animation-festival/,3a509c80ee2c430a6322fc54a466c83e178fdab1,"Lisbon comes alive in March! Discover the highlights of the 25th edition of MONSTRA, with 500 animated films, and enjoy the best cultural suggestions in the capital.",,,,,,,,,,,,,,,
"This art museum in Lisbon is celebrating its first anniversary with free admission, music, and a rare work by Almada Negreiros.",,,,,Lisbon,https://lisboasecreta.co/en/party-program-first-anniversary-macam-lisbon/,https://offloadmedia.feverup.com/lisboasecreta.co/wp-content/uploads/2026/03/12142246/macam-aniversario.jpg,,,,approved,lisboa_secreta,party-program-first-anniversary-macam-lisbon,https://lisboasecreta.co/en/party-program-first-anniversary-macam-lisbon/,8c1fe4f60493ab8c651bcb0be73bb08b58582679,"MACAM celebrates one year with free admission! On March 21 and 22, Lisbon welcomes guided tours, music, and the historic reunification of Almada Negreiros' panels. Find out the details in the article!",,,,,,,,,,,,,,,
Time travel in Lisbon: 13 essential stops among medieval ruins and masterpieces of national engineering,,,,,Lisbon,https://lisboasecreta.co/en/the-best-lisbon-monuments/,https://offloadmedia.feverup.com/lisboasecreta.co/wp-content/uploads/2022/03/06104819/mosteiro-dos-jeronimos-foto.jpg,,,,approved,lisboa_secreta,the-best-lisbon-monuments,https://lisboasecreta.co/en/the-best-lisbon-monuments/,ab369a20ef99f01a9b88a2155c1b1fad97082a4c,"This is a city that pulsates with life, but is also steeped in history. Discover some of Lisbon's monuments here.",,,,,,,,,,,,,,,
The jewel of Lisbon where princesses get married: this Basilica has a hidden viewpoint with incredible views and is a National Monument.,,,,,Lisbon,https://lisboasecreta.co/en/history-basilica-da-estrela-monument/,https://offloadmedia.feverup.com/lisboasecreta.co/wp-content/uploads/2026/02/18172548/basilica-da-estrela-cover.jpg,,,,approved,lisboa_secreta,history-basilica-da-estrela-monument,https://lisboasecreta.co/en/history-basilica-da-estrela-monument/,602c98afd9f41f72d037aef83fb8092f8ee06e9e,A queen's promise and a secret at the top of Lisbon: discover the Basílica da Estrela beyond the garden. From the 1755 earthquake to the marriage of a princess of Liechtenstein,,,,,,,,,,,,,,,
Festival CriaSons,2026-03-21,2026-03-21,,,Lisbon,https://www.visitlisboa.com/en/events,https://www.visitlisboa.com/rails/active_storage/representations/redirect/eyJfcmFpbHMiOnsiZGF0YSI6MzY2NjYsInB1ciI6ImJsb2JfaWQifX0=--13a04ed0ef88d886bf4104c990ab2ee0ad590cb2/eyJfcmFpbHMiOnsiZGF0YSI6eyJmb3JtYXQiOiJqcGciLCJyZXNpemUiOiI1MTJ4NTEyXHUwMDNlIn0sInB1ciI6InZhcmlhdGlvbiJ9fQ==--0ba8b7f58340100b312280e63751a8a851d1f9fb/crias.jpg,Music,,Free Entry,approved,visitlisboa,en/events/festival-criasons_,https://www.visitlisboa.com/en/events,d2e8668486f375bfc3a11d653a75fc1473cd4cec,,,,,,,,,,,,,,,,
Tide Line. CAM’s Collection,2024-09-21,2026-05-11,,,Lisbon,https://www.visitlisboa.com/en/events,https://www.visitlisboa.com/rails/active_storage/representations/redirect/eyJfcmFpbHMiOnsiZGF0YSI6MjI1NzgsInB1ciI6ImJsb2JfaWQifX0=--24bbedc866eb8b8cf83805b707034315292bde3d/eyJfcmFpbHMiOnsiZGF0YSI6eyJmb3JtYXQiOiJqcGciLCJyZXNpemUiOiI1MTJ4NTEyXHUwMDNlIn0sInB1ciI6InZhcmlhdGlvbiJ9fQ==--0ba8b7f58340100b312280e63751a8a851d1f9fb/Tide-monica-miranda.jpg,Exhibitions,,,approved,visitlisboa,en/events/tide-line-cam-s-collection,https://www.visitlisboa.com/en/events,9387ecfa336bddd8b189496021b04e5c9e1b595a,,,,,,,,,,,,,,,,
"Camões: epic, lyrical, universal.",2024-11-09,2026-06-27,,,Lisbon,https://www.visitlisboa.com/en/events,https://www.visitlisboa.com/rails/active_storage/representations/redirect/eyJfcmFpbHMiOnsiZGF0YSI6MzU3MTYsInB1ciI6ImJsb2JfaWQifX0=--825b89c8f9ba571712875f078b6d2c8505316f77/eyJfcmFpbHMiOnsiZGF0YSI6eyJmb3JtYXQiOiJqcGciLCJyZXNpemUiOiI1MTJ4NTEyXHUwMDNlIn0sInB1ciI6InZhcmlhdGlvbiJ9fQ==--0ba8b7f58340100b312280e63751a8a851d1f9fb/visit-lisboa-Destino-Camoes-epico-lirico-universal.jpg,Exhibitions,,Free Entry,approved,visitlisboa,en/events/camoes-epic-lyrical-universal,https://www.visitlisboa.com/en/events,46df32307a1d8faf3a0ab680fd6b86d48b63ad3a,,,,,,,,,,,,,,,,
"Ah, Amália - Living Experience",2025-01-01,2026-12-31,,Praça David Leandro da Silva,Lisbon,https://www.visitlisboa.com/en/events,https://www.visitlisboa.com/rails/active_storage/representations/redirect/eyJfcmFpbHMiOnsiZGF0YSI6MzUyMzEsInB1ciI6ImJsb2JfaWQifX0=--2224bbde2c47c49726a99e7357670371123c19d8/eyJfcmFpbHMiOnsiZGF0YSI6eyJmb3JtYXQiOiJqcGciLCJyZXNpemUiOiI1MTJ4NTEyXHUwMDNlIn0sInB1ciI6InZhcmlhdGlvbiJ9fQ==--0ba8b7f58340100b312280e63751a8a851d1f9fb/am%C3%A1lia_WTA_th.jpg,Exhibitions,,From €17,approved,visitlisboa,en/events/ah-amalia-living-experience,https://www.visitlisboa.com/en/events,1cda06eb72fa4ca3b713fe75ca1ffb506cef5322,,,,,,,,,,,,,,,,
Museu Banksy Lisbon,2025-01-01,2027-12-31,,Rua Viriato,Lisbon,https://www.visitlisboa.com/en/events,https://www.visitlisboa.com/rails/active_storage/representations/redirect/eyJfcmFpbHMiOnsiZGF0YSI6MTI4MzksInB1ciI6ImJsb2JfaWQifX0=--18cd0d60abe2c21258a9209cb9aec7e82d856b60/eyJfcmFpbHMiOnsiZGF0YSI6eyJmb3JtYXQiOiJqcGciLCJyZXNpemUiOiI1MTJ4NTEyXHUwMDNlIn0sInB1ciI6InZhcmlhdGlvbiJ9fQ==--0ba8b7f58340100b312280e63751a8a851d1f9fb/the-world-of-banksy-lisboa.jpg,Exhibitions,,From €8 to €12,approved,visitlisboa,en/events/museu-banksy-lisbon,https://www.visitlisboa.com/en/events,9eeba9535ac785a46dbc083ba1859ac6fef97731,,,,,,,,,,,,,,,,
Benfica Handicrafts Market,2026-04-11,2026-04-11,,,Lisbon,https://www.visitlisboa.com/en/events,https://www.visitlisboa.com/rails/active_storage/representations/redirect/eyJfcmFpbHMiOnsiZGF0YSI6MjY1NTMsInB1ciI6ImJsb2JfaWQifX0=--57d5b1e990a1587bcd63f2426ec3a6829cb4eb15/eyJfcmFpbHMiOnsiZGF0YSI6eyJmb3JtYXQiOiJqcGciLCJyZXNpemUiOiI1MTJ4NTEyXHUwMDNlIn0sInB1ciI6InZhcmlhdGlvbiJ9fQ==--0ba8b7f58340100b312280e63751a8a851d1f9fb/Feita-de-Artesanato-de-Benfica_25.jpg,Fairs,,Free Entry,approved,visitlisboa,en/events/benfica-handicrafts-market,https://www.visitlisboa.com/en/events,bbc37a00f6e819ecf8fa5fe75272b246146e424a,,,,,,,,,,,,,,,,
Connections,2025-02-22,2026-08-30,,,Lisbon,https://www.visitlisboa.com/en/events,https://www.visitlisboa.com/rails/active_storage/representations/redirect/eyJfcmFpbHMiOnsiZGF0YSI6MzUyNjAsInB1ciI6ImJsb2JfaWQifX0=--fd7efa15dc4528a57fb6b733954fa76e520e5cbe/eyJfcmFpbHMiOnsiZGF0YSI6eyJmb3JtYXQiOiJqcGciLCJyZXNpemUiOiI1MTJ4NTEyXHUwMDNlIn0sInB1ciI6InZhcmlhdGlvbiJ9fQ==--0ba8b7f58340100b312280e63751a8a851d1f9fb/event.jpg,Exhibitions,,,approved,visitlisboa,en/events/connections,https://www.visitlisboa.com/en/events,66680bee3025fb595445fe6d90970b183c71d234,,,,,,,,,,,,,,,,
Istanbul and Lisbon – Soulmates,2025-02-28,2026-12-31,,,Lisbon,https://www.visitlisboa.com/en/events,https://www.visitlisboa.com/rails/active_storage/representations/redirect/eyJfcmFpbHMiOnsiZGF0YSI6MzQ5OTQsInB1ciI6ImJsb2JfaWQifX0=--61a9d1912883d424d3625d76dfdbe61340f0d3c3/eyJfcmFpbHMiOnsiZGF0YSI6eyJmb3JtYXQiOiJqcGciLCJyZXNpemUiOiI1MTJ4NTEyXHUwMDNlIn0sInB1ciI6InZhcmlhdGlvbiJ9fQ==--0ba8b7f58340100b312280e63751a8a851d1f9fb/Istambul-e-Lisboa--Almas-Gemeas.jpg,Exhibitions,,,approved,visitlisboa,en/events/istanbul-and-lisbon-soulmates,https://www.visitlisboa.com/en/events,0ab63cda68025fef49d03ad83eafbd3e0ba625f7,,,,,,,,,,,,,,,,
Take 1 | The Collection of Artist Julião Sarmento,2025-06-04,2026-04-26,,,Lisbon,https://www.visitlisboa.com/en/events,https://www.visitlisboa.com/rails/active_storage/representations/redirect/eyJfcmFpbHMiOnsiZGF0YSI6MzU5OTUsInB1ciI6ImJsb2JfaWQifX0=--c0c4af5c3af28ab32d8907e57e8d2e498fc3a27f/eyJfcmFpbHMiOnsiZGF0YSI6eyJmb3JtYXQiOiJqcGciLCJyZXNpemUiOiI1MTJ4NTEyXHUwMDNlIn0sInB1ciI6InZhcmlhdGlvbiJ9fQ==--0ba8b7f58340100b312280e63751a8a851d1f9fb/visit-lisboa-take-1-a-colecao-do-artista-juliao-sarmento.jpg,Exhibitions,,,approved,visitlisboa,en/events/take-1-the-collection-of-artist-juliao-sarmento,https://www.visitlisboa.com/en/events,82820925df9ab78748b5b834ebb7d6c7a0440b8b,,,,,,,,,,,,,,,,
InArt – Community Arts Festival,2026-05-25,2026-05-31,,,Lisbon,https://www.visitlisboa.com/en/events,https://www.visitlisboa.com/rails/active_storage/representations/redirect/eyJfcmFpbHMiOnsiZGF0YSI6MzYxMjIsInB1ciI6ImJsb2JfaWQifX0=--1e99864ab5cced6120807292f8156fd5186080bc/eyJfcmFpbHMiOnsiZGF0YSI6eyJmb3JtYXQiOiJqcGciLCJyZXNpemUiOiI1MTJ4NTEyXHUwMDNlIn0sInB1ciI6InZhcmlhdGlvbiJ9fQ==--0ba8b7f58340100b312280e63751a8a851d1f9fb/InArt-GEN.jpg,Festivals,,,approved,visitlisboa,en/events/inart-community-arts-festival,https://www.visitlisboa.com/en/events,90df96eedbfa0b17b16b772c815ea3d7cab9e388,,,,,,,,,,,,,,,,
Chronicles of an unknown Lisbon,2025-06-25,2026-03-22,,,Lisbon,https://www.visitlisboa.com/en/events,https://www.visitlisboa.com/rails/active_storage/representations/redirect/eyJfcmFpbHMiOnsiZGF0YSI6MzA1MDAsInB1ciI6ImJsb2JfaWQifX0=--dd0ae7d8b18f213ecb5812cd07a65928c72752ea/eyJfcmFpbHMiOnsiZGF0YSI6eyJmb3JtYXQiOiJqcGciLCJyZXNpemUiOiI1MTJ4NTEyXHUwMDNlIn0sInB1ciI6InZhcmlhdGlvbiJ9fQ==--0ba8b7f58340100b312280e63751a8a851d1f9fb/lisboa-desconhecida-egeac-1.jpg,Exhibitions,,From €3,approved,visitlisboa,en/events/chronicles-of-an-unknown-lisbon,https://www.visitlisboa.com/en/events,2820364c675b79c771ce9ad1f2f602f1860103a8,,,,,,,,,,,,,,,,
Power and Glory,2025-09-14,2026-06-14,,,Lisbon,https://www.visitlisboa.com/en/events,https://www.visitlisboa.com/rails/active_storage/representations/redirect/eyJfcmFpbHMiOnsiZGF0YSI6MzYwMzQsInB1ciI6ImJsb2JfaWQifX0=--1b071042ad46db5460d6170830fa696b8b2caad5/eyJfcmFpbHMiOnsiZGF0YSI6eyJmb3JtYXQiOiJqcGciLCJyZXNpemUiOiI1MTJ4NTEyXHUwMDNlIn0sInB1ciI6InZhcmlhdGlvbiJ9fQ==--0ba8b7f58340100b312280e63751a8a851d1f9fb/2026-visit-O-Poder-e-a-Gloria_Ensaios.jpg,Cinema,,,approved,visitlisboa,en/events/power-and-glory,https://www.visitlisboa.com/en/events,64ce0404718d9ab3b2f4ff64cf05e9f257c2cd7c,,,,,,,,,,,,,,,,
"Scheherazade, the Never-ending Collection of CAM",2025-09-20,2027-09-20,,,Lisbon,https://www.visitlisboa.com/en/events,https://www.visitlisboa.com/rails/active_storage/representations/redirect/eyJfcmFpbHMiOnsiZGF0YSI6MzQxNTAsInB1ciI6ImJsb2JfaWQifX0=--139757b0ad4fc0f6fb4608aa02fe601f1b106b95/eyJfcmFpbHMiOnsiZGF0YSI6eyJmb3JtYXQiOiJqcGciLCJyZXNpemUiOiI1MTJ4NTEyXHUwMDNlIn0sInB1ciI6InZhcmlhdGlvbiJ9fQ==--0ba8b7f58340100b312280e63751a8a851d1f9fb/Gulb__amadeo_86P26-Xerazade-Imagem-principal-de-evento-1.jpg,Exhibitions,,From €12,approved,visitlisboa,en/events/scheherazade-the-never-ending-collection-of-cam,https://www.visitlisboa.com/en/events,db1353f99c80e38924e0a40ade7cedc71196bc06,,,,,,,,,,,,,,,,
Open Storage,2025-09-20,2027-09-20,,,Lisbon,https://www.visitlisboa.com/en/events,https://www.visitlisboa.com/rails/active_storage/representations/redirect/eyJfcmFpbHMiOnsiZGF0YSI6MzQxNjgsInB1ciI6ImJsb2JfaWQifX0=--72ffabd45bfb2549ab2b30a3e8e509321f6f6bf2/eyJfcmFpbHMiOnsiZGF0YSI6eyJmb3JtYXQiOiJqcGciLCJyZXNpemUiOiI1MTJ4NTEyXHUwMDNlIn0sInB1ciI6InZhcmlhdGlvbiJ9fQ==--0ba8b7f58340100b312280e63751a8a851d1f9fb/Gulb_open_storageDSC_1114-imagem-principal-de-evento-1.jpg,Exhibitions,,Free Entry,approved,visitlisboa,en/events/open-storage,https://www.visitlisboa.com/en/events,1f0487f15703f7db1bb0240d7b001ef18ef2ef01,,,,,,,,,,,,,,,,
Hercules - The Heroic Musical,2025-10-17,2026-04-30,,,Lisbon,https://www.visitlisboa.com/en/events,https://www.visitlisboa.com/rails/active_storage/representations/redirect/eyJfcmFpbHMiOnsiZGF0YSI6MzY0NDMsInB1ciI6ImJsb2JfaWQifX0=--a559fe8cf06589d938eb6d9783e6da77e3fd7b42/eyJfcmFpbHMiOnsiZGF0YSI6eyJmb3JtYXQiOiJqcGciLCJyZXNpemUiOiI1MTJ4NTEyXHUwMDNlIn0sInB1ciI6InZhcmlhdGlvbiJ9fQ==--0ba8b7f58340100b312280e63751a8a851d1f9fb/lf2222222.jpg,Theater Opera & Dance,,From €7.5,approved,visitlisboa,en/events/hercules-the-heroic-musical,https://www.visitlisboa.com/en/events,d2f070236b1d642d39a6da69f3430d6360c63b11,,,,,,,,,,,,,,,,
Supercreatures!,2025-10-24,2026-09-30,,,Lisbon,https://www.visitlisboa.com/en/events,https://www.visitlisboa.com/rails/active_storage/representations/redirect/eyJfcmFpbHMiOnsiZGF0YSI6MzYwMjEsInB1ciI6ImJsb2JfaWQifX0=--47333010f799424ae2661b8b9e18f03a8cfc99e1/eyJfcmFpbHMiOnsiZGF0YSI6eyJmb3JtYXQiOiJqcGciLCJyZXNpemUiOiI1MTJ4NTEyXHUwMDNlIn0sInB1ciI6InZhcmlhdGlvbiJ9fQ==--0ba8b7f58340100b312280e63751a8a851d1f9fb/2026-visit-lisboa-supercreatures.jpg,Exhibitions,,From €10,approved,visitlisboa,en/events/supercreatures,https://www.visitlisboa.com/en/events,28692b2738222a48d278b2bc82f7c300feb64f55,,,,,,,,,,,,,,,,
Avenida 211,2025-10-25,2026-04-05,,Avenida 211 is a living archive of the space at that same number on Avenida da Liberdade,Lisbon,https://www.visitlisboa.com/en/events,https://www.visitlisboa.com/rails/active_storage/representations/redirect/eyJfcmFpbHMiOnsiZGF0YSI6MzI5NDUsInB1ciI6ImJsb2JfaWQifX0=--e29d3e894ff7baefd0e41fce418618aefe006853/eyJfcmFpbHMiOnsiZGF0YSI6eyJmb3JtYXQiOiJqcGciLCJyZXNpemUiOiI1MTJ4NTEyXHUwMDNlIn0sInB1ciI6InZhcmlhdGlvbiJ9fQ==--0ba8b7f58340100b312280e63751a8a851d1f9fb/avenida-211.jpg,Exhibitions,,Free Entry,approved,visitlisboa,en/events/avenida-211,https://www.visitlisboa.com/en/events,74994eab9f3a816c575c9752bc0993bec22af29a,,,,,,,,,,,,,,,,
Underground visit to the Loreto Gallery,2026-03-14,2026-03-14,,Praça das Amoreiras,Lisbon,https://www.visitlisboa.com/en/events,https://www.visitlisboa.com/rails/active_storage/representations/redirect/eyJfcmFpbHMiOnsiZGF0YSI6Mjc2OTcsInB1ciI6ImJsb2JfaWQifX0=--bad9ca5c89dcb3b7f1b28f3f6ea2e4ac2c12a398/eyJfcmFpbHMiOnsiZGF0YSI6eyJmb3JtYXQiOiJqcGciLCJyZXNpemUiOiI1MTJ4NTEyXHUwMDNlIn0sInB1ciI6InZhcmlhdGlvbiJ9fQ==--0ba8b7f58340100b312280e63751a8a851d1f9fb/galeria-do-loreto_HD.jpg,Others,,From €6,approved,visitlisboa,en/events/underground-visit-to-the-loreto-gallery,https://www.visitlisboa.com/en/events,e57f108455e36b56cdfec53cf61f8008fb193f17,,,,,,,,,,,,,,,,
Once upon a time...,2025-11-02,2026-06-30,,,Lisbon,https://www.visitlisboa.com/en/events,https://www.visitlisboa.com/rails/active_storage/representations/redirect/eyJfcmFpbHMiOnsiZGF0YSI6MzQwNTQsInB1ciI6ImJsb2JfaWQifX0=--05f0580db8a19f78212cf07c6d8fe889acaac500/eyJfcmFpbHMiOnsiZGF0YSI6eyJmb3JtYXQiOiJqcGciLCJyZXNpemUiOiI1MTJ4NTEyXHUwMDNlIn0sInB1ciI6InZhcmlhdGlvbiJ9fQ==--0ba8b7f58340100b312280e63751a8a851d1f9fb/turismo-lisboa_1400x1087px_eraumavez.jpg,Theater Opera & Dance,,From €14 to €17,approved,visitlisboa,en/events/once-upon-a-time,https://www.visitlisboa.com/en/events,68184bd3f89340bf2bb7042d39f67e87b85ef98f,,,,,,,,,,,,,,,,
Carlos Bunga. Inhabit the Contradiction,2025-11-08,2026-03-30,,,Lisbon,https://www.visitlisboa.com/en/events,https://www.visitlisboa.com/rails/active_storage/representations/redirect/eyJfcmFpbHMiOnsiZGF0YSI6MzU0MDEsInB1ciI6ImJsb2JfaWQifX0=--d77fb55b6ddd89ab69c983a75949438b3e1c1de0/eyJfcmFpbHMiOnsiZGF0YSI6eyJmb3JtYXQiOiJqcGciLCJyZXNpemUiOiI1MTJ4NTEyXHUwMDNlIn0sInB1ciI6InZhcmlhdGlvbiJ9fQ==--0ba8b7f58340100b312280e63751a8a851d1f9fb/visit-lisboa-carlos-bunga-habitar-a-contradicao.jpg,Exhibitions,,From €8 to €12,approved,visitlisboa,en/events/carlos-bunga-inhabit-the-contradiction,https://www.visitlisboa.com/en/events,4a58b9ba828648ef72a2b2fdccaf284c6d7dd7d6,,,,,,,,,,,,,,,,
"Children of All… Children of Whom? ""The Foundlings of the Wheel of Lisbon""",2025-11-17,2026-03-29,,,Lisbon,https://www.visitlisboa.com/en/events,https://www.visitlisboa.com/rails/active_storage/representations/redirect/eyJfcmFpbHMiOnsiZGF0YSI6MzM2NTMsInB1ciI6ImJsb2JfaWQifX0=--a4ee3701c1b09179dfa20d0270dd680d17724bbf/eyJfcmFpbHMiOnsiZGF0YSI6eyJmb3JtYXQiOiJqcGciLCJyZXNpemUiOiI1MTJ4NTEyXHUwMDNlIn0sInB1ciI6InZhcmlhdGlvbiJ9fQ==--0ba8b7f58340100b312280e63751a8a851d1f9fb/exposotos.jpg,Exhibitions,,,approved,visitlisboa,en/events/children-of-all-children-of-whom-the-foundlings-of-the-wheel-of-lisbon,https://www.visitlisboa.com/en/events,bbabd9ae8173d98805f5d7ed029dc21230fbc2b1,,,,,,,,,,,,,,,,
Between Word and Silence,2025-11-22,2026-06-01,,,Lisbon,https://www.visitlisboa.com/en/events,"https://www.visitlisboa.com/rails/active_storage/representations/redirect/eyJfcmFpbHMiOnsiZGF0YSI6MzQyNTYsInB1ciI6ImJsb2JfaWQifX0=--e5603dcd785f708e3da7326f187d0cfc9650fe44/eyJfcmFpbHMiOnsiZGF0YSI6eyJmb3JtYXQiOiJqcGciLCJyZXNpemUiOiI1MTJ4NTEyXHUwMDNlIn0sInB1ciI6InZhcmlhdGlvbiJ9fQ==--0ba8b7f58340100b312280e63751a8a851d1f9fb/Alfredo-Jaar---I-can't-go-on,-I'll-go-on,-2016---Exp-Entre-a-Palavra-e-o-Sile%CC%82ncio_%C2%A9Cortesia-Gal.-Lui%CC%81sa-Strina.jpg",Exhibitions,,,approved,visitlisboa,en/events/between-word-and-silence,https://www.visitlisboa.com/en/events,b084cf6f001af1b9cffbc7305a2fd5d0b1c21ccd,,,,,,,,,,,,,,,,
The self as multiple,2025-11-22,2026-05-04,,,Lisbon,https://www.visitlisboa.com/en/events,https://www.visitlisboa.com/rails/active_storage/representations/redirect/eyJfcmFpbHMiOnsiZGF0YSI6MzQyNTUsInB1ciI6ImJsb2JfaWQifX0=--42ad2492b02e2fbf942e659e984cedd39e717585/eyJfcmFpbHMiOnsiZGF0YSI6eyJmb3JtYXQiOiJqcGciLCJyZXNpemUiOiI1MTJ4NTEyXHUwMDNlIn0sInB1ciI6InZhcmlhdGlvbiJ9fQ==--0ba8b7f58340100b312280e63751a8a851d1f9fb/Ana-Vieira---O-desenho-da-menina-a-fugir-do-seu-suporte_O-eu-como-mu%CC%81ltiplo_%C2%A9MACAM.jpg,Exhibitions,,,approved,visitlisboa,en/events/the-self-as-multiple,https://www.visitlisboa.com/en/events,642ddd1fc4c9c6575e6a67f9ebbc0ad96280da5d,,,,,,,,,,,,,,,,
The Eternal Ark – Fernando Pessoa and Posterity,2025-11-27,2026-12-06,,,Lisbon,https://www.visitlisboa.com/en/events,https://www.visitlisboa.com/rails/active_storage/representations/redirect/eyJfcmFpbHMiOnsiZGF0YSI6MzQyNTQsInB1ciI6ImJsb2JfaWQifX0=--2417e1e20b9c52c651fab5d904391a3927c168ce/eyJfcmFpbHMiOnsiZGF0YSI6eyJmb3JtYXQiOiJqcGciLCJyZXNpemUiOiI1MTJ4NTEyXHUwMDNlIn0sInB1ciI6InZhcmlhdGlvbiJ9fQ==--0ba8b7f58340100b312280e63751a8a851d1f9fb/casa-fernando-pessoa.jpg,Exhibitions,,,approved,visitlisboa,en/events/the-eternal-ark-fernando-pessoa-and-posterity,https://www.visitlisboa.com/en/events,4c2803d6011da13eecd1517f6951b588d6b873dc,,,,,,,,,,,,,,,,
A Place To Be: The Burle Marx Legacy,2025-11-27,2026-04-05,,Praça do Império (train) Cascais line,Lisbon,https://www.visitlisboa.com/en/events,https://www.visitlisboa.com/rails/active_storage/representations/redirect/eyJfcmFpbHMiOnsiZGF0YSI6MzM5NTQsInB1ciI6ImJsb2JfaWQifX0=--25c9c30219bf832d76c8688aaa9de5a17bee5276/eyJfcmFpbHMiOnsiZGF0YSI6eyJmb3JtYXQiOiJqcGciLCJyZXNpemUiOiI1MTJ4NTEyXHUwMDNlIn0sInB1ciI6InZhcmlhdGlvbiJ9fQ==--0ba8b7f58340100b312280e63751a8a851d1f9fb/arquit.jpg,Exhibitions,,Free Entry,approved,visitlisboa,en/events/a-place-to-be-the-burle-marx-legacy,https://www.visitlisboa.com/en/events,d9279d67436a666537411924e021b101afa233ff,,,,,,,,,,,,,,,,
José de Guimarães | Modos de ver – Camões III,2025-11-27,2026-03-15,,,Lisbon,https://www.visitlisboa.com/en/events,https://www.visitlisboa.com/rails/active_storage/representations/redirect/eyJfcmFpbHMiOnsiZGF0YSI6MzYwMTUsInB1ciI6ImJsb2JfaWQifX0=--b174117ae493ae40bf34c75cb700480d8f12ccce/eyJfcmFpbHMiOnsiZGF0YSI6eyJmb3JtYXQiOiJqcGciLCJyZXNpemUiOiI1MTJ4NTEyXHUwMDNlIn0sInB1ciI6InZhcmlhdGlvbiJ9fQ==--0ba8b7f58340100b312280e63751a8a851d1f9fb/2026-visit-lisboa-Modos-de-ver-%E2%80%93-Cam%C3%B5es-III.jpg,Exhibitions,,,approved,visitlisboa,en/events/jose-de-guimaraes-modos-de-ver-camoes-iii,https://www.visitlisboa.com/en/events,f75ddc72a391d6bc63f00b2a5b4379f3d621123f,,,,,,,,,,,,,,,,
Meu nome António. Photographs by Teresa Couto Pinto 1981-1983,2025-12-04,2026-04-26,,,Lisbon,https://www.visitlisboa.com/en/events,https://www.visitlisboa.com/rails/active_storage/representations/redirect/eyJfcmFpbHMiOnsiZGF0YSI6MzQ2MzYsInB1ciI6ImJsb2JfaWQifX0=--edb03b6a93210eb6804341af3ce4c4be50631ba4/eyJfcmFpbHMiOnsiZGF0YSI6eyJmb3JtYXQiOiJqcGciLCJyZXNpemUiOiI1MTJ4NTEyXHUwMDNlIn0sInB1ciI6InZhcmlhdGlvbiJ9fQ==--0ba8b7f58340100b312280e63751a8a851d1f9fb/MUDE-expo-Meu-nome-Anto%CC%81nio_-WHATS-ON.jpg,Exhibitions,,,approved,visitlisboa,en/events/meu-nome-antonio-photographs-by-teresa-couto-pinto-1981-1983,https://www.visitlisboa.com/en/events,8eeb9ca38342ec0cdc37020046b59eec63441026,,,,,,,,,,,,,,,,
Fairs and Markets of Príncipe Real,2026-01-01,2026-12-31,,,Lisbon,https://www.visitlisboa.com/en/events,https://www.visitlisboa.com/rails/active_storage/representations/redirect/eyJfcmFpbHMiOnsiZGF0YSI6NTA4MSwicHVyIjoiYmxvYl9pZCJ9fQ==--b434818ae51b380f8670da65860956c266a62bc8/eyJfcmFpbHMiOnsiZGF0YSI6eyJmb3JtYXQiOiJqcGciLCJyZXNpemUiOiI1MTJ4NTEyXHUwMDNlIn0sInB1ciI6InZhcmlhdGlvbiJ9fQ==--0ba8b7f58340100b312280e63751a8a851d1f9fb/fairs-and-markets-of-principe-real-cover.jpg,Fairs,,Free Entry,approved,visitlisboa,en/events/fairs-and-markets-of-principe-real,https://www.visitlisboa.com/en/events,d7f02514a0a53a7cf23a59cea42cf9206d0aa8a8,,,,,,,,,,,,,,,,
Fado in Chiado,2026-03-16,2026-03-16,,,Lisbon,https://www.visitlisboa.com/en/events,https://www.visitlisboa.com/rails/active_storage/representations/redirect/eyJfcmFpbHMiOnsiZGF0YSI6MzU1MjUsInB1ciI6ImJsb2JfaWQifX0=--b152ded3a5402e3278612905175d023731633d80/eyJfcmFpbHMiOnsiZGF0YSI6eyJmb3JtYXQiOiJqcGciLCJyZXNpemUiOiI1MTJ4NTEyXHUwMDNlIn0sInB1ciI6InZhcmlhdGlvbiJ9fQ==--0ba8b7f58340100b312280e63751a8a851d1f9fb/visit-lisboa-fado-in-chiado-1.jpg,Music,,,approved,visitlisboa,en/events/fado-in-chiado,https://www.visitlisboa.com/en/events,081f1997abcbfe69ee86de23a6cc229e8af8416d,,,,,,,,,,,,,,,,
Comunicar é Natural. A Botânica nas Comunicações,2026-01-09,2026-11-30,,,Lisbon,https://www.visitlisboa.com/en/events,https://www.visitlisboa.com/rails/active_storage/representations/redirect/eyJfcmFpbHMiOnsiZGF0YSI6MzU3MTIsInB1ciI6ImJsb2JfaWQifX0=--92641902027ec44dee7a83347e032da03e17e1ec/eyJfcmFpbHMiOnsiZGF0YSI6eyJmb3JtYXQiOiJqcGciLCJyZXNpemUiOiI1MTJ4NTEyXHUwMDNlIn0sInB1ciI6InZhcmlhdGlvbiJ9fQ==--0ba8b7f58340100b312280e63751a8a851d1f9fb/visit-lisboa-comunicar-e-natural-a-botanica-nas-comunicacoes.jpg,Exhibitions,,Free Entry,approved,visitlisboa,en/events/comunicar-e-natural-a-botanica-nas-comunicacoes,https://www.visitlisboa.com/en/events,6e7c18761e7c230d034c0f6378b52535b5367af0,,,,,,,,,,,,,,,,
Happiness | Mariana Mizarela,2026-01-10,2026-03-29,,,Lisbon,https://www.visitlisboa.com/en/events,https://www.visitlisboa.com/rails/active_storage/representations/redirect/eyJfcmFpbHMiOnsiZGF0YSI6MzYwMDAsInB1ciI6ImJsb2JfaWQifX0=--dbb6525e9b08143491ecb904e2e5fdb69bc41385/eyJfcmFpbHMiOnsiZGF0YSI6eyJmb3JtYXQiOiJqcGciLCJyZXNpemUiOiI1MTJ4NTEyXHUwMDNlIn0sInB1ciI6InZhcmlhdGlvbiJ9fQ==--0ba8b7f58340100b312280e63751a8a851d1f9fb/visit-lisboa-mizarela.jpg,Exhibitions,,Free Entry,approved,visitlisboa,en/events/happiness-mariana-mizarela,https://www.visitlisboa.com/en/events,9fc2b5b9f1e1f4ec23f0c871b692edb3e1f86bf4,,,,,,,,,,,,,,,,
Centenary exhibition of Júlio Pomar,2026-01-10,2026-06-13,,,Lisbon,https://www.visitlisboa.com/en/events,https://www.visitlisboa.com/rails/active_storage/representations/redirect/eyJfcmFpbHMiOnsiZGF0YSI6MzYwMDcsInB1ciI6ImJsb2JfaWQifX0=--d23188ebef50a1eef77a2dddfc95345c81b69dad/eyJfcmFpbHMiOnsiZGF0YSI6eyJmb3JtYXQiOiJqcGciLCJyZXNpemUiOiI1MTJ4NTEyXHUwMDNlIn0sInB1ciI6InZhcmlhdGlvbiJ9fQ==--0ba8b7f58340100b312280e63751a8a851d1f9fb/2026-visit-lisboa-Julio-Pomar-Mojiganga-segundo-Goya-1963-oleo-sobre-tela-162-x-130-cm-scaled.jpg,Exhibitions,,Free Entry,approved,visitlisboa,en/events/centenary-exhibition-of-julio-pomar,https://www.visitlisboa.com/en/events,d2cf0798088fc156b4615e254b0c2ed4c507fae3,,,,,,,,,,,,,,,,
Changing the Guard,2026-03-15,2026-03-15,,,Lisbon,https://www.visitlisboa.com/en/events,https://www.visitlisboa.com/rails/active_storage/representations/redirect/eyJfcmFpbHMiOnsiZGF0YSI6NDYyOSwicHVyIjoiYmxvYl9pZCJ9fQ==--37ae74b54f4e8996fe6ee69665c23d328e1a4a16/eyJfcmFpbHMiOnsiZGF0YSI6eyJmb3JtYXQiOiJqcGciLCJyZXNpemUiOiI1MTJ4NTEyXHUwMDNlIn0sInB1ciI6InZhcmlhdGlvbiJ9fQ==--0ba8b7f58340100b312280e63751a8a851d1f9fb/changing-the-guard-cover.jpg,15 Mar,,Free Entry,approved,visitlisboa,en/events/changing-the-guard,https://www.visitlisboa.com/en/events,4f01faa3567bbb1e12e428912a318a2e0690ea35,,,,,,,,,,,,,,,,
Jardim Aberto (Open garden),2026-04-13,2026-04-13,,,Lisbon,https://www.visitlisboa.com/en/events,https://www.visitlisboa.com/rails/active_storage/representations/redirect/eyJfcmFpbHMiOnsiZGF0YSI6MzU4MjgsInB1ciI6ImJsb2JfaWQifX0=--412fcb391fccfa3f3da0676c6b0f4e081587e68c/eyJfcmFpbHMiOnsiZGF0YSI6eyJmb3JtYXQiOiJqcGciLCJyZXNpemUiOiI1MTJ4NTEyXHUwMDNlIn0sInB1ciI6InZhcmlhdGlvbiJ9fQ==--0ba8b7f58340100b312280e63751a8a851d1f9fb/visit-lisboa-jardim-aberto-open-garden.jpg,Music,,Free Entry,approved,visitlisboa,en/events/jardim-aberto-open-garden,https://www.visitlisboa.com/en/events,fa3746f31ab916bb1ed00b4fcca7f6f7cd80718c,,,,,,,,,,,,,,,,
Jacob Kirkegaard. Testimonium,2026-01-31,2026-05-18,,,Lisbon,https://www.visitlisboa.com/en/events,https://www.visitlisboa.com/rails/active_storage/representations/redirect/eyJfcmFpbHMiOnsiZGF0YSI6MzY0NzMsInB1ciI6ImJsb2JfaWQifX0=--3dfe7f489f3b6bfaee8ed80fb7023d6cdfb533d4/eyJfcmFpbHMiOnsiZGF0YSI6eyJmb3JtYXQiOiJqcGciLCJyZXNpemUiOiI1MTJ4NTEyXHUwMDNlIn0sInB1ciI6InZhcmlhdGlvbiJ9fQ==--0ba8b7f58340100b312280e63751a8a851d1f9fb/visit-lisboa-jacobkirkegaard-fotokreditering.jpg,Exhibitions,,Free Entry,approved,visitlisboa,en/events/jacob-kirkegaard-testimonium,https://www.visitlisboa.com/en/events,98b9687e55887f56ee2b0af2f8af572720d2c6a4,,,,,,,,,,,,,,,,
Nadir Afonso | Territory of Absolute Freedom,2026-02-04,2026-03-14,,,Lisbon,https://www.visitlisboa.com/en/events,https://www.visitlisboa.com/rails/active_storage/representations/redirect/eyJfcmFpbHMiOnsiZGF0YSI6MzU5OTcsInB1ciI6ImJsb2JfaWQifX0=--a6a70ffba7e9190b20925dffacd293cf5889da2b/eyJfcmFpbHMiOnsiZGF0YSI6eyJmb3JtYXQiOiJqcGciLCJyZXNpemUiOiI1MTJ4NTEyXHUwMDNlIn0sInB1ciI6InZhcmlhdGlvbiJ9fQ==--0ba8b7f58340100b312280e63751a8a851d1f9fb/visit-lisboa-Nadir-Afonso.jpg,Exhibitions,,Free Entry,approved,visitlisboa,en/events/nadir-afonso-territory-of-absolute-freedom,https://www.visitlisboa.com/en/events,883af11401ba76d51ff0f584c404143428615fee,,,,,,,,,,,,,,,,
Rituals of light | The bright of Nossa Senhora das Candeias,2026-02-04,2026-05-31,,,Lisbon,https://www.visitlisboa.com/en/events,https://www.visitlisboa.com/rails/active_storage/representations/redirect/eyJfcmFpbHMiOnsiZGF0YSI6MzU5ODcsInB1ciI6ImJsb2JfaWQifX0=--8899993b7c754bdd65a93189415a8221bd787670/eyJfcmFpbHMiOnsiZGF0YSI6eyJmb3JtYXQiOiJqcGciLCJyZXNpemUiOiI1MTJ4NTEyXHUwMDNlIn0sInB1ciI6InZhcmlhdGlvbiJ9fQ==--0ba8b7f58340100b312280e63751a8a851d1f9fb/visit-lisboa-Mostra-Rituais-de-Luz.jpg,Exhibitions,,From €4,approved,visitlisboa,en/events/rituals-of-light-the-bright-of-nossa-senhora-das-candeias,https://www.visitlisboa.com/en/events,5f0db7c12dc389d7cbc7fc911f614048143fa708,,,,,,,,,,,,,,,,
Phoebe Collings-James,2026-02-07,2026-05-10,,,Lisbon,https://www.visitlisboa.com/en/events,https://www.visitlisboa.com/rails/active_storage/representations/redirect/eyJfcmFpbHMiOnsiZGF0YSI6MzU3MjAsInB1ciI6ImJsb2JfaWQifX0=--d4c3753ce3413941b71d04ea4113a84f7444f06d/eyJfcmFpbHMiOnsiZGF0YSI6eyJmb3JtYXQiOiJqcGciLCJyZXNpemUiOiI1MTJ4NTEyXHUwMDNlIn0sInB1ciI6InZhcmlhdGlvbiJ9fQ==--0ba8b7f58340100b312280e63751a8a851d1f9fb/visit-lisboa-PhoebeJoanaLinda.jpg,Exhibitions,,,approved,visitlisboa,en/events/phoebe-collings-james,https://www.visitlisboa.com/en/events,2237cd998ce4b469dcb7dcac303eddc7ecb4a258,,,,,,,,,,,,,,,,
1st Exhibition Cycle,2026-02-10,2026-05-10,,,Lisbon,https://www.visitlisboa.com/en/events,https://www.visitlisboa.com/rails/active_storage/representations/redirect/eyJfcmFpbHMiOnsiZGF0YSI6MzYwNDgsInB1ciI6ImJsb2JfaWQifX0=--313c3b10fe53b87fc66e63bff1bcab8503d09170/eyJfcmFpbHMiOnsiZGF0YSI6eyJmb3JtYXQiOiJqcGciLCJyZXNpemUiOiI1MTJ4NTEyXHUwMDNlIn0sInB1ciI6InZhcmlhdGlvbiJ9fQ==--0ba8b7f58340100b312280e63751a8a851d1f9fb/2026-visit-lisboa-arpad.jpg,Exhibitions,,,approved,visitlisboa,en/events/1st-exhibition-cycle,https://www.visitlisboa.com/en/events,752546954e0a42456cdb7b9e4dbc4b08baa578d1,,,,,,,,,,,,,,,,
Toma! 150 Years of Zé Povinho,2026-02-11,2026-09-06,,,Lisbon,https://www.visitlisboa.com/en/events,https://www.visitlisboa.com/rails/active_storage/representations/redirect/eyJfcmFpbHMiOnsiZGF0YSI6MzY2NTcsInB1ciI6ImJsb2JfaWQifX0=--25b98043a113810a401430445ccc12bf5e20498a/eyJfcmFpbHMiOnsiZGF0YSI6eyJmb3JtYXQiOiJqcGciLCJyZXNpemUiOiI1MTJ4NTEyXHUwMDNlIn0sInB1ciI6InZhcmlhdGlvbiJ9fQ==--0ba8b7f58340100b312280e63751a8a851d1f9fb/150.jpg,Exhibitions,,,approved,visitlisboa,en/events/toma-150-years-of-ze-povinho,https://www.visitlisboa.com/en/events,72c7360b298d5748573134174c0588a0316aba2d,,,,,,,,,,,,,,,,
Guided tour to the Águas Livres Aqueduct,2026-03-22,2026-03-22,,,Lisbon,https://www.visitlisboa.com/en/events,https://www.visitlisboa.com/rails/active_storage/representations/redirect/eyJfcmFpbHMiOnsiZGF0YSI6MTIwNTEsInB1ciI6ImJsb2JfaWQifX0=--69d4dfca0191f9391ab295955304beffb693a8bd/eyJfcmFpbHMiOnsiZGF0YSI6eyJmb3JtYXQiOiJqcGciLCJyZXNpemUiOiI1MTJ4NTEyXHUwMDNlIn0sInB1ciI6InZhcmlhdGlvbiJ9fQ==--0ba8b7f58340100b312280e63751a8a851d1f9fb/AQ.jpg,Others,,From €6,approved,visitlisboa,en/events/guided-tour-to-the-aguas-livres-aqueduct,https://www.visitlisboa.com/en/events,db348b4958c1cffe389ca19a97c14336d5a48ad3,,,,,,,,,,,,,,,,
Hut Hut,2026-02-21,2026-05-17,,Rua Tomás del Negro,Lisbon,https://www.visitlisboa.com/en/events,https://www.visitlisboa.com/rails/active_storage/representations/redirect/eyJfcmFpbHMiOnsiZGF0YSI6MzYwOTYsInB1ciI6ImJsb2JfaWQifX0=--d4412937bfc267d7e5c3d834be9bf4fbda70b776/eyJfcmFpbHMiOnsiZGF0YSI6eyJmb3JtYXQiOiJqcGciLCJyZXNpemUiOiI1MTJ4NTEyXHUwMDNlIn0sInB1ciI6InZhcmlhdGlvbiJ9fQ==--0ba8b7f58340100b312280e63751a8a851d1f9fb/2026-visit-lisboa-Willem-de-Rooij.jpg,Exhibitions,,,approved,visitlisboa,en/events/hut-hut,https://www.visitlisboa.com/en/events,dffb4b758cd42f021c692df02f1d4b513f11fdc0,,,,,,,,,,,,,,,,
"Movie Experiments, Los Angeles",2026-03-18,2026-03-18,,,Lisbon,https://www.visitlisboa.com/en/events,https://www.visitlisboa.com/rails/active_storage/representations/redirect/eyJfcmFpbHMiOnsiZGF0YSI6MzYwOTIsInB1ciI6ImJsb2JfaWQifX0=--bf99757039cd50579d0da23953bfec69ee182f4a/eyJfcmFpbHMiOnsiZGF0YSI6eyJmb3JtYXQiOiJqcGciLCJyZXNpemUiOiI1MTJ4NTEyXHUwMDNlIn0sInB1ciI6InZhcmlhdGlvbiJ9fQ==--0ba8b7f58340100b312280e63751a8a851d1f9fb/2026-visit-lisboa-mupi-movieexperimentsLA_PAV-JS-(1400x1087)-Whatson.jpg,Exhibitions,,,approved,visitlisboa,en/events/movie-experiments-los-angeles,https://www.visitlisboa.com/en/events,51f325b77b6b2fa254af78c6d8683246bacdbe7f,,,,,,,,,,,,,,,,
Mafolofolo,2026-02-26,2026-05-23,,,Lisbon,https://www.visitlisboa.com/en/events,https://www.visitlisboa.com/rails/active_storage/representations/redirect/eyJfcmFpbHMiOnsiZGF0YSI6MzYwODcsInB1ciI6ImJsb2JfaWQifX0=--1276f226be9e2b60cfdb8786a822d11475e57159/eyJfcmFpbHMiOnsiZGF0YSI6eyJmb3JtYXQiOiJqcGciLCJyZXNpemUiOiI1MTJ4NTEyXHUwMDNlIn0sInB1ciI6InZhcmlhdGlvbiJ9fQ==--0ba8b7f58340100b312280e63751a8a851d1f9fb/visit-lisboa-mafolofolo.jpg,Exhibitions,,Free Entry,approved,visitlisboa,en/events/mafolofolo,https://www.visitlisboa.com/en/events,bbd5b614ef063e5588c91e1dbf61dee1d8bf05e1,,,,,,,,,,,,,,,,
Bruno Zhu. Belas Artes,2026-02-28,2026-07-27,,,Lisbon,https://www.visitlisboa.com/en/events,https://www.visitlisboa.com/rails/active_storage/representations/redirect/eyJfcmFpbHMiOnsiZGF0YSI6MzY0NzYsInB1ciI6ImJsb2JfaWQifX0=--9f2b5cb4743c753d480f1bc5693b2acf67d27eb1/eyJfcmFpbHMiOnsiZGF0YSI6eyJmb3JtYXQiOiJqcGciLCJyZXNpemUiOiI1MTJ4NTEyXHUwMDNlIn0sInB1ciI6InZhcmlhdGlvbiJ9fQ==--0ba8b7f58340100b312280e63751a8a851d1f9fb/visit-lisboa-bruno_zhu.jpg,Exhibitions,,Free Entry,approved,visitlisboa,en/events/bruno-zhu-belas-artes,https://www.visitlisboa.com/en/events,bedd62fed36a567d11fc3a5bb57663ed7419790f,,,,,,,,,,,,,,,,
March | Shad Month,2026-03-01,2026-03-31,,,Lisbon,https://www.visitlisboa.com/en/events,https://www.visitlisboa.com/rails/active_storage/representations/redirect/eyJfcmFpbHMiOnsiZGF0YSI6MjUzODgsInB1ciI6ImJsb2JfaWQifX0=--26897a75a6b4dce8eecbce896eae9dc739915e13/eyJfcmFpbHMiOnsiZGF0YSI6eyJmb3JtYXQiOiJqcGciLCJyZXNpemUiOiI1MTJ4NTEyXHUwMDNlIn0sInB1ciI6InZhcmlhdGlvbiJ9fQ==--0ba8b7f58340100b312280e63751a8a851d1f9fb/2025-savel-vila-franca-de-xira.jpg,Others,,,approved,visitlisboa,en/events/march-shad-month,https://www.visitlisboa.com/en/events,f1e69ac69a2cf95b71988dd22c52aa8df14eb54d,,,,,,,,,,,,,,,,
Lx Market,2026-03-15,2026-03-15,,,Lisbon,https://www.visitlisboa.com/en/events,https://www.visitlisboa.com/rails/active_storage/representations/redirect/eyJfcmFpbHMiOnsiZGF0YSI6MjY2MTAsInB1ciI6ImJsb2JfaWQifX0=--8d7c634691a0517f141c166d3c069ba16a558d32/eyJfcmFpbHMiOnsiZGF0YSI6eyJmb3JtYXQiOiJqcGciLCJyZXNpemUiOiI1MTJ4NTEyXHUwMDNlIn0sInB1ciI6InZhcmlhdGlvbiJ9fQ==--0ba8b7f58340100b312280e63751a8a851d1f9fb/LX-Market-2025.jpg,Fairs,,Free Entry,approved,visitlisboa,en/events/lx-market,https://www.visitlisboa.com/en/events,a1c7c220a511b3589ffbdc10ab0bd55c1d566f55,,,,,,,,,,,,,,,,
Feiralegria,2026-03-15,2026-03-15,,Praça da AlegriaPraça da Alegria LisboaThis content is hosted by Google,Lisbon,https://www.visitlisboa.com/en/events,https://www.visitlisboa.com/rails/active_storage/representations/redirect/eyJfcmFpbHMiOnsiZGF0YSI6NTA2OCwicHVyIjoiYmxvYl9pZCJ9fQ==--bdb6c1e8b3028bf4fd4dfb7b7f22fc7892d90fea/eyJfcmFpbHMiOnsiZGF0YSI6eyJmb3JtYXQiOiJqcGciLCJyZXNpemUiOiI1MTJ4NTEyXHUwMDNlIn0sInB1ciI6InZhcmlhdGlvbiJ9fQ==--0ba8b7f58340100b312280e63751a8a851d1f9fb/feiralegria-cover.jpg,Fairs,,Free Entry,approved,visitlisboa,en/events/feiralegria,https://www.visitlisboa.com/en/events,a22bac7d95bd38592c0c4ad2f4f7c16f5f62edaf,,,,,,,,,,,,,,,,
CCB Market,2026-04-05,2026-04-05,,Praça do Império. Free entry. (Tram: 15) (Bus: 729) Centro Cultural de BelémPraça do Império,Lisbon,https://www.visitlisboa.com/en/events,https://www.visitlisboa.com/rails/active_storage/representations/redirect/eyJfcmFpbHMiOnsiZGF0YSI6ODA5MSwicHVyIjoiYmxvYl9pZCJ9fQ==--26384d0a18bec63618134bc2b85f1add33c5998e/eyJfcmFpbHMiOnsiZGF0YSI6eyJmb3JtYXQiOiJqcGciLCJyZXNpemUiOiI1MTJ4NTEyXHUwMDNlIn0sInB1ciI6InZhcmlhdGlvbiJ9fQ==--0ba8b7f58340100b312280e63751a8a851d1f9fb/MERCADO-CCB.jpg,Fairs,,Free Entry,approved,visitlisboa,en/events/ccb-market,https://www.visitlisboa.com/en/events,9cf7c3620dc36e0486a6b48f68782770124d211b,,,,,,,,,,,,,,,,
Markets - Crafts & Design,2026-04-04,2026-04-04,,Praça da Estrela. Free entry.(Elétrico/Tram: 25,Lisbon,https://www.visitlisboa.com/en/events,https://www.visitlisboa.com/rails/active_storage/representations/redirect/eyJfcmFpbHMiOnsiZGF0YSI6NDk4NiwicHVyIjoiYmxvYl9pZCJ9fQ==--1875b107dd3a11713b1310cc5c674c44cd6357f7/eyJfcmFpbHMiOnsiZGF0YSI6eyJmb3JtYXQiOiJqcGciLCJyZXNpemUiOiI1MTJ4NTEyXHUwMDNlIn0sInB1ciI6InZhcmlhdGlvbiJ9fQ==--0ba8b7f58340100b312280e63751a8a851d1f9fb/markets-crafts-design-cover.jpg,Fairs,,Free Entry,approved,visitlisboa,en/events/markets-crafts-design,https://www.visitlisboa.com/en/events,eb1c85d20edca84ad9f803d9a8f8eb2ad7b310e6,,,,,,,,,,,,,,,,
Feira do Relógio,2026-03-15,2026-03-15,,Avenida de Santo Condestável,Lisbon,https://www.visitlisboa.com/en/events,https://www.visitlisboa.com/rails/active_storage/representations/redirect/eyJfcmFpbHMiOnsiZGF0YSI6MzU2ODcsInB1ciI6ImJsb2JfaWQifX0=--5a68e652b5e573b503849a2106934e7e1952cdaa/eyJfcmFpbHMiOnsiZGF0YSI6eyJmb3JtYXQiOiJqcGciLCJyZXNpemUiOiI1MTJ4NTEyXHUwMDNlIn0sInB1ciI6InZhcmlhdGlvbiJ9fQ==--0ba8b7f58340100b312280e63751a8a851d1f9fb/feira-do-relogio-visit-lisboa.jpg,Fairs,,Free Entry,approved,visitlisboa,en/events/feira-do-relogio,https://www.visitlisboa.com/en/events,18cc3cc737cfb5caebe264832fbbe98ce2fb426d,,,,,,,,,,,,,,,,
Feira da Ladra (Flea Market),2026-03-17,2026-03-17,,,Lisbon,https://www.visitlisboa.com/en/events,https://www.visitlisboa.com/rails/active_storage/representations/redirect/eyJfcmFpbHMiOnsiZGF0YSI6MzExMzEsInB1ciI6ImJsb2JfaWQifX0=--2b610dfa2a828035c0fe16e6598cb880f792495d/eyJfcmFpbHMiOnsiZGF0YSI6eyJmb3JtYXQiOiJqcGciLCJyZXNpemUiOiI1MTJ4NTEyXHUwMDNlIn0sInB1ciI6InZhcmlhdGlvbiJ9fQ==--0ba8b7f58340100b312280e63751a8a851d1f9fb/400474_25_1_feira_da_ladra.jpg,Fairs,,Free Entry,approved,visitlisboa,en/events/feira-da-ladra-flea-market,https://www.visitlisboa.com/en/events,4078a206352a7ff78fb7639648239a740c20d42c,,,,,,,,,,,,,,,,
Feira de Alfarrabistas (Antique Book Fair),2026-03-21,2026-03-21,,Rua da Anchieta to buy a rare or second-hand book calmly exhibited on the booksellers’ stalls all day long. From 10 am to 5 pm,Lisbon,https://www.visitlisboa.com/en/events,https://www.visitlisboa.com/rails/active_storage/representations/redirect/eyJfcmFpbHMiOnsiZGF0YSI6NTA2NCwicHVyIjoiYmxvYl9pZCJ9fQ==--494753ffdec1dd1485e142bfef003bb37262c333/eyJfcmFpbHMiOnsiZGF0YSI6eyJmb3JtYXQiOiJqcGciLCJyZXNpemUiOiI1MTJ4NTEyXHUwMDNlIn0sInB1ciI6InZhcmlhdGlvbiJ9fQ==--0ba8b7f58340100b312280e63751a8a851d1f9fb/feira-de-alfarrabistas-antique-book-fair-cover.jpg,Fairs,,Free Entry,approved,visitlisboa,en/events/feira-de-alfarrabistas-antique-book-fair,https://www.visitlisboa.com/en/events,e80057ea957db3709bc7b67f5e26383f93059105,,,,,,,,,,,,,,,,
Sábados da Ribeira,2026-03-21,2026-03-21,,,Lisbon,https://www.visitlisboa.com/en/events,https://www.visitlisboa.com/rails/active_storage/representations/redirect/eyJfcmFpbHMiOnsiZGF0YSI6MzU2OTEsInB1ciI6ImJsb2JfaWQifX0=--bc43e969e702a872e14c2689e7ddd3345920c204/eyJfcmFpbHMiOnsiZGF0YSI6eyJmb3JtYXQiOiJqcGciLCJyZXNpemUiOiI1MTJ4NTEyXHUwMDNlIn0sInB1ciI6InZhcmlhdGlvbiJ9fQ==--0ba8b7f58340100b312280e63751a8a851d1f9fb/mercado-da-ribeira-visit-lisboa-time-out.jpg,Fairs,,Free Entry,approved,visitlisboa,en/events/sabados-da-ribeira,https://www.visitlisboa.com/en/events,f1b612e7a9a5b40aee9092010ad5d3e0dbbc8be0,,,,,,,,,,,,,,,,
Agrobio Organic Market,2026-03-21,2026-03-21,,,Lisbon,https://www.visitlisboa.com/en/events,https://www.visitlisboa.com/rails/active_storage/representations/redirect/eyJfcmFpbHMiOnsiZGF0YSI6ODYwMiwicHVyIjoiYmxvYl9pZCJ9fQ==--9ca388ea6f4a3ff129e223cfeac59e34328d39f3/eyJfcmFpbHMiOnsiZGF0YSI6eyJmb3JtYXQiOiJqcGciLCJyZXNpemUiOiI1MTJ4NTEyXHUwMDNlIn0sInB1ciI6InZhcmlhdGlvbiJ9fQ==--0ba8b7f58340100b312280e63751a8a851d1f9fb/AGROBIO.jpg,Fairs,,Free Entry,approved,visitlisboa,en/events/agrobio-organic-market,https://www.visitlisboa.com/en/events,a8cbec73de9c101f208a9b5f6eabaa591c37f596,,,,,,,,,,,,,,,,
Cartoon Xira,2026-03-07,2026-05-31,,Rua Luís de Camões,Lisbon,https://www.visitlisboa.com/en/events,https://www.visitlisboa.com/rails/active_storage/representations/redirect/eyJfcmFpbHMiOnsiZGF0YSI6MjUzODUsInB1ciI6ImJsb2JfaWQifX0=--91aa7495d245214f9289c0977ee09b12d7467ce3/eyJfcmFpbHMiOnsiZGF0YSI6eyJmb3JtYXQiOiJqcGciLCJyZXNpemUiOiI1MTJ4NTEyXHUwMDNlIn0sInB1ciI6InZhcmlhdGlvbiJ9fQ==--0ba8b7f58340100b312280e63751a8a851d1f9fb/cartoonxira25.jpg,Exhibitions,,Free Entry,approved,visitlisboa,en/events/cartoon-xira,https://www.visitlisboa.com/en/events,d016c97593ada35d0314a07eaab388c107499830,,,,,,,,,,,,,,,,
Futurália,2026-03-11,2026-03-14,,Rua do Bojador,Lisbon,https://www.visitlisboa.com/en/events,https://www.visitlisboa.com/rails/active_storage/representations/redirect/eyJfcmFpbHMiOnsiZGF0YSI6MzY1NDUsInB1ciI6ImJsb2JfaWQifX0=--2adec39b6208d98f6d49a9538ac5ca1b50b9ffe0/eyJfcmFpbHMiOnsiZGF0YSI6eyJmb3JtYXQiOiJqcGciLCJyZXNpemUiOiI1MTJ4NTEyXHUwMDNlIn0sInB1ciI6InZhcmlhdGlvbiJ9fQ==--0ba8b7f58340100b312280e63751a8a851d1f9fb/2026-futuralia.jpg,Fairs,,,approved,visitlisboa,en/events/futuralia,https://www.visitlisboa.com/en/events,e698c7f9ba80062f9b4d73df26de4344e817bcef,,,,,,,,,,,,,,,,
Nauticampo'26,2026-03-11,2026-03-15,,Rua do Bojador,Lisbon,https://www.visitlisboa.com/en/events,https://www.visitlisboa.com/rails/active_storage/representations/redirect/eyJfcmFpbHMiOnsiZGF0YSI6MzU1NTYsInB1ciI6ImJsb2JfaWQifX0=--73a706daca217834ff4b4d89cda9fbd58799f017/eyJfcmFpbHMiOnsiZGF0YSI6eyJmb3JtYXQiOiJqcGciLCJyZXNpemUiOiI1MTJ4NTEyXHUwMDNlIn0sInB1ciI6InZhcmlhdGlvbiJ9fQ==--0ba8b7f58340100b312280e63751a8a851d1f9fb/2026_nauticampo-visit-lisboa.jpg,Fairs,,,approved,visitlisboa,en/events/nauticampo_,https://www.visitlisboa.com/en/events,b46a4cb91bef92aaadcb382f9007c6d32b4ef225,,,,,,,,,,,,,,,,
ModaLisboa - Lisboa Fashion Week'26,2026-03-12,2026-03-15,,Praça do Comércio. Program Pátio da GaléRua do Comércio ala poente,Lisbon,https://www.visitlisboa.com/en/events,https://www.visitlisboa.com/rails/active_storage/representations/redirect/eyJfcmFpbHMiOnsiZGF0YSI6MzU0NzIsInB1ciI6ImJsb2JfaWQifX0=--ffcc3f25890d532e2777fe4da9309131bda9dff4/eyJfcmFpbHMiOnsiZGF0YSI6eyJmb3JtYXQiOiJqcGciLCJyZXNpemUiOiI1MTJ4NTEyXHUwMDNlIn0sInB1ciI6InZhcmlhdGlvbiJ9fQ==--0ba8b7f58340100b312280e63751a8a851d1f9fb/visitlisboa-ModaLisboa---Lisboa-Fashion-Week.jpg,Main Events,,,approved,visitlisboa,en/events/march-modalisboa-lisboa-fashion-week,https://www.visitlisboa.com/en/events,6b6a4c72a50806d2fec1737042eaf1c1aefb19dd,,,,,,,,,,,,,,,,
Monstra - Lisboa Animation Film Festival'26,2026-03-12,2026-03-22,,,Lisbon,https://www.visitlisboa.com/en/events,https://www.visitlisboa.com/rails/active_storage/representations/redirect/eyJfcmFpbHMiOnsiZGF0YSI6MzcwMDcsInB1ciI6ImJsb2JfaWQifX0=--7d9ca2c4d414b00a8569ccce4463a61500c84d1a/eyJfcmFpbHMiOnsiZGF0YSI6eyJmb3JtYXQiOiJqcGciLCJyZXNpemUiOiI1MTJ4NTEyXHUwMDNlIn0sInB1ciI6InZhcmlhdGlvbiJ9fQ==--0ba8b7f58340100b312280e63751a8a851d1f9fb/mo26_whats-on_CML.jpg,Main Events,,,approved,visitlisboa,en/events/monstra-lisboa-animation-film-festival-2,https://www.visitlisboa.com/en/events,730bf03543406758b4f084af0810d6c6eb887f4c,,,,,,,,,,,,,,,,
"Ana, Carolina e Adelaide: ainda estamos aqui",2026-03-12,2026-03-15,,,Lisbon,https://www.visitlisboa.com/en/events,https://www.visitlisboa.com/rails/active_storage/representations/redirect/eyJfcmFpbHMiOnsiZGF0YSI6MzY0NjMsInB1ciI6ImJsb2JfaWQifX0=--7e6340f8473b4cd926eb57ee758b79200633c155/eyJfcmFpbHMiOnsiZGF0YSI6eyJmb3JtYXQiOiJqcGciLCJyZXNpemUiOiI1MTJ4NTEyXHUwMDNlIn0sInB1ciI6InZhcmlhdGlvbiJ9fQ==--0ba8b7f58340100b312280e63751a8a851d1f9fb/mu.jpg,Theater Opera & Dance,,,approved,visitlisboa,en/events/ana-carolina-e-adelaide-ainda-estamos-aqui,https://www.visitlisboa.com/en/events,7d9619be8e14e404702699b2f446d52d329f4178,,,,,,,,,,,,,,,,
Artur Pizarro/Prokofiev 2,2026-03-14,,,,Lisbon,https://www.visitlisboa.com/en/events,https://www.visitlisboa.com/rails/active_storage/representations/redirect/eyJfcmFpbHMiOnsiZGF0YSI6MzU4NzQsInB1ciI6ImJsb2JfaWQifX0=--50541e162b0af40a15d4d80ef9b4c9369b1b2fa5/eyJfcmFpbHMiOnsiZGF0YSI6eyJmb3JtYXQiOiJqcGciLCJyZXNpemUiOiI1MTJ4NTEyXHUwMDNlIn0sInB1ciI6InZhcmlhdGlvbiJ9fQ==--0ba8b7f58340100b312280e63751a8a851d1f9fb/visit-lisboa-artur-pizarro-prokofiev-2.jpg,Music,,From €15 to €35,approved,visitlisboa,en/events/artur-pizarro-prokofiev-2,https://www.visitlisboa.com/en/events,fdfa1ebb6d513ecf1adf50144a9492f720cba819,,,,,,,,,,,,,,,,
Expresso Transatlântico | Capitólio,2026-03-14,,,,Lisbon,https://www.visitlisboa.com/en/events,https://www.visitlisboa.com/rails/active_storage/representations/redirect/eyJfcmFpbHMiOnsiZGF0YSI6MzY2NjMsInB1ciI6ImJsb2JfaWQifX0=--270126c23d7b6fe39fa78fe51da5e42dc1a2ab27/eyJfcmFpbHMiOnsiZGF0YSI6eyJmb3JtYXQiOiJqcGciLCJyZXNpemUiOiI1MTJ4NTEyXHUwMDNlIn0sInB1ciI6InZhcmlhdGlvbiJ9fQ==--0ba8b7f58340100b312280e63751a8a851d1f9fb/express.jpg,Music,,From €15,approved,visitlisboa,en/events/expresso-transatlantico-capitolio,https://www.visitlisboa.com/en/events,1f34bce558b36e9448b3253dc2b7aa558ef8f577,,,,,,,,,,,,,,,,
Kysha & Mine: Lance de Escola – Das aulas ao verão,2026-03-15,,,,Lisbon,https://www.visitlisboa.com/en/events,https://www.visitlisboa.com/rails/active_storage/representations/redirect/eyJfcmFpbHMiOnsiZGF0YSI6MzU0MzgsInB1ciI6ImJsb2JfaWQifX0=--b748074cae05d5897143002de6123a3530b25714/eyJfcmFpbHMiOnsiZGF0YSI6eyJmb3JtYXQiOiJqcGciLCJyZXNpemUiOiI1MTJ4NTEyXHUwMDNlIn0sInB1ciI6InZhcmlhdGlvbiJ9fQ==--0ba8b7f58340100b312280e63751a8a851d1f9fb/FORM-Eventos_PT25_Visitlx_Kysha-&-Mine.jpg,Music,,From €40,approved,visitlisboa,en/events/kysha-mine-lance-de-escola-das-aulas-ao-verao,https://www.visitlisboa.com/en/events,389ac8c64cb44294e205400c01311b847cecfb3a,,,,,,,,,,,,,,,,
Sacramento Handicrafts Market,2026-03-15,,,,Lisbon,https://www.visitlisboa.com/en/events,https://www.visitlisboa.com/rails/active_storage/representations/redirect/eyJfcmFpbHMiOnsiZGF0YSI6NTA3NiwicHVyIjoiYmxvYl9pZCJ9fQ==--859dacd25ee7be9f444cd01fad2bf32b7f476921/eyJfcmFpbHMiOnsiZGF0YSI6eyJmb3JtYXQiOiJqcGciLCJyZXNpemUiOiI1MTJ4NTEyXHUwMDNlIn0sInB1ciI6InZhcmlhdGlvbiJ9fQ==--0ba8b7f58340100b312280e63751a8a851d1f9fb/sacramento-handicrafts-market-cover.jpg,Fairs,,Free Entry,approved,visitlisboa,en/events/sacramento-handicrafts-market,https://www.visitlisboa.com/en/events,949ae157846350f3f0e74ceacf470ce92a0532a0,,,,,,,,,,,,,,,,
Concerto delle donne,2026-03-17,,,,Lisbon,https://www.visitlisboa.com/en/events,https://www.visitlisboa.com/rails/active_storage/representations/redirect/eyJfcmFpbHMiOnsiZGF0YSI6MzU4ODksInB1ciI6ImJsb2JfaWQifX0=--789eb8136fa8068b0a8c61105587cbc33b85b60b/eyJfcmFpbHMiOnsiZGF0YSI6eyJmb3JtYXQiOiJqcGciLCJyZXNpemUiOiI1MTJ4NTEyXHUwMDNlIn0sInB1ciI6InZhcmlhdGlvbiJ9fQ==--0ba8b7f58340100b312280e63751a8a851d1f9fb/visit-lisboa-concerto-delle-donne.jpg,Music,,From €15,approved,visitlisboa,en/events/concerto-delle-donne,https://www.visitlisboa.com/en/events,58cd9924f774bca4c32bf8ca824d65a9a3fc271d,,,,,,,,,,,,,,,,
All Birds,2026-03-18,2026-03-29,,,Lisbon,https://www.visitlisboa.com/en/events,https://www.visitlisboa.com/rails/active_storage/representations/redirect/eyJfcmFpbHMiOnsiZGF0YSI6MzU4NTcsInB1ciI6ImJsb2JfaWQifX0=--eaf8281857dd0c5126a3f3340e357eef979a27bf/eyJfcmFpbHMiOnsiZGF0YSI6eyJmb3JtYXQiOiJqcGciLCJyZXNpemUiOiI1MTJ4NTEyXHUwMDNlIn0sInB1ciI6InZhcmlhdGlvbiJ9fQ==--0ba8b7f58340100b312280e63751a8a851d1f9fb/visit-lisboa-todos-passaros.jpg,Theater Opera & Dance,,From €12 to €15,approved,visitlisboa,en/events/all-birds,https://www.visitlisboa.com/en/events,e17451ef4f57ad3e4266c9ecb76ddd810b88081d,,,,,,,,,,,,,,,,
Poetry Book Fair,2026-03-19,2026-03-22,,,Lisbon,https://www.visitlisboa.com/en/events,https://www.visitlisboa.com/rails/active_storage/representations/redirect/eyJfcmFpbHMiOnsiZGF0YSI6MzY1NTQsInB1ciI6ImJsb2JfaWQifX0=--a9a1584a3b1795a06bf3435c5d906c9b07142ff0/eyJfcmFpbHMiOnsiZGF0YSI6eyJmb3JtYXQiOiJqcGciLCJyZXNpemUiOiI1MTJ4NTEyXHUwMDNlIn0sInB1ciI6InZhcmlhdGlvbiJ9fQ==--0ba8b7f58340100b312280e63751a8a851d1f9fb/Feira-do-Livro-de-Poesia..jpg,Fairs,,,approved,visitlisboa,en/events/poetry-book-fair,https://www.visitlisboa.com/en/events,bbb5b8a1af0d96860b5675cac98f2d5af69b8dc1,,,,,,,,,,,,,,,,
Festival Internacional do Ouriço do Mar,2026-03-20,2026-03-29,,,Lisbon,https://www.visitlisboa.com/en/events,https://www.visitlisboa.com/rails/active_storage/representations/redirect/eyJfcmFpbHMiOnsiZGF0YSI6MjY2NTAsInB1ciI6ImJsb2JfaWQifX0=--df00d4a8872514c1d98c3e6a83038ba07fd0b53f/eyJfcmFpbHMiOnsiZGF0YSI6eyJmb3JtYXQiOiJqcGciLCJyZXNpemUiOiI1MTJ4NTEyXHUwMDNlIn0sInB1ciI6InZhcmlhdGlvbiJ9fQ==--0ba8b7f58340100b312280e63751a8a851d1f9fb/2025_festival-ourico-do-mar_1.jpg,Festivals,,,approved,visitlisboa,en/events/festival-internacional-do-ourico-do-mar,https://www.visitlisboa.com/en/events,1ffb9a3ff9709789f161f81303150a0ba3648201,,,,,,,,,,,,,,,,
Salão Motorclássico,2026-03-20,2026-03-22,,,Lisbon,https://www.visitlisboa.com/en/events,https://www.visitlisboa.com/rails/active_storage/representations/redirect/eyJfcmFpbHMiOnsiZGF0YSI6MzcwNjMsInB1ciI6ImJsb2JfaWQifX0=--7e9da2eaa7d6bbc6da7e0f00bce75b8b33991cd9/eyJfcmFpbHMiOnsiZGF0YSI6eyJmb3JtYXQiOiJqcGciLCJyZXNpemUiOiI1MTJ4NTEyXHUwMDNlIn0sInB1ciI6InZhcmlhdGlvbiJ9fQ==--0ba8b7f58340100b312280e63751a8a851d1f9fb/2026-motorclassico-visit-lisboa_2.jpg,Exhibitions,,,approved,visitlisboa,en/events/salao-motorclassico,https://www.visitlisboa.com/en/events,fc7274c01477a052ac434445f94b42e9395cd601,,,,,,,,,,,,,,,,
Suede,2026-03-20,,,,Lisbon,https://www.visitlisboa.com/en/events,https://www.visitlisboa.com/rails/active_storage/representations/redirect/eyJfcmFpbHMiOnsiZGF0YSI6MzU4MTksInB1ciI6ImJsb2JfaWQifX0=--2b713890666f64fa3ae7902028b1242cd4bde4f4/eyJfcmFpbHMiOnsiZGF0YSI6eyJmb3JtYXQiOiJqcGciLCJyZXNpemUiOiI1MTJ4NTEyXHUwMDNlIn0sInB1ciI6InZhcmlhdGlvbiJ9fQ==--0ba8b7f58340100b312280e63751a8a851d1f9fb/visit-lisboa-suede.jpg,Music,,From €32 to €50,approved,visitlisboa,en/events/suede-26,https://www.visitlisboa.com/en/events,83f412737c70c6fa2dff1dbc7a7774b8004eece0,,,,,,,,,,,,,,,,
Revenge of the 90's,2026-03-21,,,,Lisbon,https://www.visitlisboa.com/en/events,https://www.visitlisboa.com/rails/active_storage/representations/redirect/eyJfcmFpbHMiOnsiZGF0YSI6MzYxNDEsInB1ciI6ImJsb2JfaWQifX0=--8b11c69cbd511c8be72f95e12af834a31ba04040/eyJfcmFpbHMiOnsiZGF0YSI6eyJmb3JtYXQiOiJqcGciLCJyZXNpemUiOiI1MTJ4NTEyXHUwMDNlIn0sInB1ciI6InZhcmlhdGlvbiJ9fQ==--0ba8b7f58340100b312280e63751a8a851d1f9fb/rev.jpg,Music,,From €30,approved,visitlisboa,en/events/revenge-of-the-90-s,https://www.visitlisboa.com/en/events,f63932021e42e9e0e4100094545ca389a8e66a57,,,,,,,,,,,,,,,,
Colours Market at Santa Clara Market,2026-03-21,2026-03-22,,,Lisbon,https://www.visitlisboa.com/en/events,https://www.visitlisboa.com/rails/active_storage/representations/redirect/eyJfcmFpbHMiOnsiZGF0YSI6MjY1NTgsInB1ciI6ImJsb2JfaWQifX0=--f0f8aa2db7d867aea7cc994492f98b9848d9e867/eyJfcmFpbHMiOnsiZGF0YSI6eyJmb3JtYXQiOiJqcGciLCJyZXNpemUiOiI1MTJ4NTEyXHUwMDNlIn0sInB1ciI6InZhcmlhdGlvbiJ9fQ==--0ba8b7f58340100b312280e63751a8a851d1f9fb/Mercardo-das-Cores_Santa-Clara_25.jpg,Fairs,,Free Entry,approved,visitlisboa,en/events/colours-market-at-santa-clara-market,https://www.visitlisboa.com/en/events,d81d7fd0b832d6aead7f26bbd2f1bc58faea57f1,,,,,,,,,,,,,,,,
Largo da Graça Market,2026-03-22,,,,Lisbon,https://www.visitlisboa.com/en/events,https://www.visitlisboa.com/rails/active_storage/representations/redirect/eyJfcmFpbHMiOnsiZGF0YSI6Mjc1ODUsInB1ciI6ImJsb2JfaWQifX0=--8c104ce0aa6f53b7b98a7740b4d19b11a74927f1/eyJfcmFpbHMiOnsiZGF0YSI6eyJmb3JtYXQiOiJqcGciLCJyZXNpemUiOiI1MTJ4NTEyXHUwMDNlIn0sInB1ciI6InZhcmlhdGlvbiJ9fQ==--0ba8b7f58340100b312280e63751a8a851d1f9fb/Feira-da-Gra%C3%A7a-vl.jpg,Fairs,,Free Entry,approved,visitlisboa,en/events/largo-da-graca-market,https://www.visitlisboa.com/en/events,f258f3d18d2e4eb8c29fdec328975b8004c236a1,,,,,,,,,,,,,,,,
Meia Maratona Baía do Seixal,2026-03-22,,,,Lisbon,https://www.visitlisboa.com/en/events,https://www.visitlisboa.com/rails/active_storage/representations/redirect/eyJfcmFpbHMiOnsiZGF0YSI6MzU2MDgsInB1ciI6ImJsb2JfaWQifX0=--0c989f0b6cfdf65a8f9d0de0cad500982b2d9a00/eyJfcmFpbHMiOnsiZGF0YSI6eyJmb3JtYXQiOiJqcGciLCJyZXNpemUiOiI1MTJ4NTEyXHUwMDNlIn0sInB1ciI6InZhcmlhdGlvbiJ9fQ==--0ba8b7f58340100b312280e63751a8a851d1f9fb/2026-Meia-Maratona-Ba%C3%ADa-do-Seixal.jpg,Sports,,,approved,visitlisboa,en/events/meia-maratona-baia-do-seixal,https://www.visitlisboa.com/en/events,367a573fc46c75afd2fd62f45ed0b0dbd95b62af,,,,,,,,,,,,,,,,
Evita,2026-03-25,2026-06-28,,,Lisbon,https://www.visitlisboa.com/en/events,https://www.visitlisboa.com/rails/active_storage/representations/redirect/eyJfcmFpbHMiOnsiZGF0YSI6MzU5MzEsInB1ciI6ImJsb2JfaWQifX0=--93737e0c1c5174e53e105323533c2e495be17ff1/eyJfcmFpbHMiOnsiZGF0YSI6eyJmb3JtYXQiOiJqcGciLCJyZXNpemUiOiI1MTJ4NTEyXHUwMDNlIn0sInB1ciI6InZhcmlhdGlvbiJ9fQ==--0ba8b7f58340100b312280e63751a8a851d1f9fb/visit-lisboa-evita.jpg,Theater Opera & Dance,,From €25 to €35,approved,visitlisboa,en/events/evita,https://www.visitlisboa.com/en/events,2d070bbfc08a6798b341cfbb5d7968caadbb3de3,,,,,,,,,,,,,,,,
In the Heights,2026-03-25,2026-05-03,,,Lisbon,https://www.visitlisboa.com/en/events,https://www.visitlisboa.com/rails/active_storage/representations/redirect/eyJfcmFpbHMiOnsiZGF0YSI6MzU4OTcsInB1ciI6ImJsb2JfaWQifX0=--306f3b2f4990f87e36cbfbd89da63eb6c69942c4/eyJfcmFpbHMiOnsiZGF0YSI6eyJmb3JtYXQiOiJqcGciLCJyZXNpemUiOiI1MTJ4NTEyXHUwMDNlIn0sInB1ciI6InZhcmlhdGlvbiJ9fQ==--0ba8b7f58340100b312280e63751a8a851d1f9fb/visit-lisboa-in-the-heights.jpg,Music,,From €20,approved,visitlisboa,en/events/in-the-heights,https://www.visitlisboa.com/en/events,996fbf3a0cf6bf2b23bb3c25a2938ef6590fc3f6,,,,,,,,,,,,,,,,
"Hornfuckers, by Diana Niepce",2026-03-26,2026-03-28,,,Lisbon,https://www.visitlisboa.com/en/events,https://www.visitlisboa.com/rails/active_storage/representations/redirect/eyJfcmFpbHMiOnsiZGF0YSI6MzU5NDMsInB1ciI6ImJsb2JfaWQifX0=--7af01ef2b728426e7ecd98d53c3bd1f08a039fb9/eyJfcmFpbHMiOnsiZGF0YSI6eyJmb3JtYXQiOiJqcGciLCJyZXNpemUiOiI1MTJ4NTEyXHUwMDNlIn0sInB1ciI6InZhcmlhdGlvbiJ9fQ==--0ba8b7f58340100b312280e63751a8a851d1f9fb/visit-lisboa-hornfuckers-by-diana-niepce.jpg,Theater Opera & Dance,,From €16,approved,visitlisboa,en/events/hornfuckers-by-diana-niepce,https://www.visitlisboa.com/en/events,8ceec20f50eb21c2c19f94a929e68682fc4dc734,,,,,,,,,,,,,,,,
TecStorm’26,2026-03-27,2026-03-29,,,Lisbon,https://www.visitlisboa.com/en/events,https://www.visitlisboa.com/rails/active_storage/representations/redirect/eyJfcmFpbHMiOnsiZGF0YSI6MzQwMzksInB1ciI6ImJsb2JfaWQifX0=--bf1409e8800ae25afbba9ce15239b6d4ffbd4da1/eyJfcmFpbHMiOnsiZGF0YSI6eyJmb3JtYXQiOiJqcGciLCJyZXNpemUiOiI1MTJ4NTEyXHUwMDNlIn0sInB1ciI6InZhcmlhdGlvbiJ9fQ==--0ba8b7f58340100b312280e63751a8a851d1f9fb/hackaton.jpg,Others,,,approved,visitlisboa,en/events/tecstorm-26,https://www.visitlisboa.com/en/events,9eec40f7feadfd4b084b2158cb755483dae1cabc,,,,,,,,,,,,,,,,
Rugby Youth Festival,2026-03-28,2026-03-29,,,Lisbon,https://www.visitlisboa.com/en/events,https://www.visitlisboa.com/rails/active_storage/representations/redirect/eyJfcmFpbHMiOnsiZGF0YSI6MzcwODYsInB1ciI6ImJsb2JfaWQifX0=--5126554db3387c2145625ed5ff26cee50fbe8856/eyJfcmFpbHMiOnsiZGF0YSI6eyJmb3JtYXQiOiJqcGciLCJyZXNpemUiOiI1MTJ4NTEyXHUwMDNlIn0sInB1ciI6InZhcmlhdGlvbiJ9fQ==--0ba8b7f58340100b312280e63751a8a851d1f9fb/visit-lisboa-Rugby-Youth-Festival-26.jpg,Sports,,,approved,visitlisboa,en/events/rugby-youth-festival,https://www.visitlisboa.com/en/events,c053c9a7293f83d7e6c4551d1c8e84581a5ed247,,,,,,,,,,,,,,,,
50 Years of “Wish You Were Here” & “The Dark Side Of The Moon”,2026-03-29,,,,Lisbon,https://www.visitlisboa.com/en/events,https://www.visitlisboa.com/rails/active_storage/representations/redirect/eyJfcmFpbHMiOnsiZGF0YSI6MzY0OTgsInB1ciI6ImJsb2JfaWQifX0=--7060bb8e0d577ac2c476e6156c653fc141816271/eyJfcmFpbHMiOnsiZGF0YSI6eyJmb3JtYXQiOiJqcGciLCJyZXNpemUiOiI1MTJ4NTEyXHUwMDNlIn0sInB1ciI6InZhcmlhdGlvbiJ9fQ==--0ba8b7f58340100b312280e63751a8a851d1f9fb/visit-lisboa-pink-floyd.jpg,Music,,From €39,approved,visitlisboa,en/events/50-years-of-wish-you-were-here-the-dark-side-of-the-moon,https://www.visitlisboa.com/en/events,ae61be047bdf0b2029c1fa517f33b31c06f6237f,,,,,,,,,,,,,,,,
Caparica Surf Fest'26,2026-03-31,2026-04-04,,,Lisbon,https://www.visitlisboa.com/en/events,https://www.visitlisboa.com/rails/active_storage/representations/redirect/eyJfcmFpbHMiOnsiZGF0YSI6MjkxMDksInB1ciI6ImJsb2JfaWQifX0=--239ac79e0c30a6db991b036bf9fd8a2bb57c592f/eyJfcmFpbHMiOnsiZGF0YSI6eyJmb3JtYXQiOiJqcGciLCJyZXNpemUiOiI1MTJ4NTEyXHUwMDNlIn0sInB1ciI6InZhcmlhdGlvbiJ9fQ==--0ba8b7f58340100b312280e63751a8a851d1f9fb/Caparica-Surf-Fest2025.jpg,Sports,,Free Entry,approved,visitlisboa,en/events/caparica-surf-fest,https://www.visitlisboa.com/en/events,6f6417ceade4b8a2b0df905cd39def56c4d4dd73,,,,,,,,,,,,,,,,
Hans Zimmer Live – The Next Level,2026-03-31,,,,Lisbon,https://www.visitlisboa.com/en/events,https://www.visitlisboa.com/rails/active_storage/representations/redirect/eyJfcmFpbHMiOnsiZGF0YSI6MjczNjIsInB1ciI6ImJsb2JfaWQifX0=--4e2142ff9f897b8ae8412b48b6ce894f41251754/eyJfcmFpbHMiOnsiZGF0YSI6eyJmb3JtYXQiOiJqcGciLCJyZXNpemUiOiI1MTJ4NTEyXHUwMDNlIn0sInB1ciI6InZhcmlhdGlvbiJ9fQ==--0ba8b7f58340100b312280e63751a8a851d1f9fb/2025hz2026.jpg,Music,,From €52 to €250,approved,visitlisboa,en/events/hans-zimmer-1,https://www.visitlisboa.com/en/events,d724a1504e14d3c8cfc87d482b24e2739b88906a,,,,,,,,,,,,,,,,
Hedera 4tet x Vera Mantero,2026-04-01,2026-04-02,,,Lisbon,https://www.visitlisboa.com/en/events,https://www.visitlisboa.com/rails/active_storage/representations/redirect/eyJfcmFpbHMiOnsiZGF0YSI6MzU5NDgsInB1ciI6ImJsb2JfaWQifX0=--46d924c0592ceb200d61403f56240be1bf800436/eyJfcmFpbHMiOnsiZGF0YSI6eyJmb3JtYXQiOiJqcGciLCJyZXNpemUiOiI1MTJ4NTEyXHUwMDNlIn0sInB1ciI6InZhcmlhdGlvbiJ9fQ==--0ba8b7f58340100b312280e63751a8a851d1f9fb/visit-lisboa-hedera-4tet-x-vera-mantero.jpg,Music,,From €16,approved,visitlisboa,en/events/hedera-4tet-x-vera-mantero,https://www.visitlisboa.com/en/events,ad98df3fe1ea20cfa592818a60e0aa1a438e9361,,,,,,,,,,,,,,,,
Easter Concert – Requiem by Mozart,2026-04-02,,,,Lisbon,https://www.visitlisboa.com/en/events,https://www.visitlisboa.com/rails/active_storage/representations/redirect/eyJfcmFpbHMiOnsiZGF0YSI6MzU5MTUsInB1ciI6ImJsb2JfaWQifX0=--b3e78e006a6117c23c021dcc3fcdb157acc72cd5/eyJfcmFpbHMiOnsiZGF0YSI6eyJmb3JtYXQiOiJqcGciLCJyZXNpemUiOiI1MTJ4NTEyXHUwMDNlIn0sInB1ciI6InZhcmlhdGlvbiJ9fQ==--0ba8b7f58340100b312280e63751a8a851d1f9fb/visit-lisboa-easterjpg.jpg,Music,,From €7,approved,visitlisboa,en/events/easter-concert-requiem-by-mozart,https://www.visitlisboa.com/en/events,157361f258803c2946387543d565d1c5f3f03de1,,,,,,,,,,,,,,,,
Ibrahim Maalouf & The Trumpets of Michel-Ange,2026-04-04,,,,Lisbon,https://www.visitlisboa.com/en/events,https://www.visitlisboa.com/rails/active_storage/representations/redirect/eyJfcmFpbHMiOnsiZGF0YSI6MzU3NDUsInB1ciI6ImJsb2JfaWQifX0=--30cf73fdd06c1daeb10117093ea72388d2bc711c/eyJfcmFpbHMiOnsiZGF0YSI6eyJmb3JtYXQiOiJqcGciLCJyZXNpemUiOiI1MTJ4NTEyXHUwMDNlIn0sInB1ciI6InZhcmlhdGlvbiJ9fQ==--0ba8b7f58340100b312280e63751a8a851d1f9fb/visit-lisboa-ibrahim-maalouf-the-trumpets-of-michel-ange.jpg,Music,,From €40,approved,visitlisboa,en/events/ibrahim-maalouf-the-trumpets-of-michel-ange,https://www.visitlisboa.com/en/events,82ad4b8cfb2e6fcf599f9ae044fe8e2e6d60cdd5,,,,,,,,,,,,,,,,
Handicrafts and Regional Products Fair | MAFRA,2026-04-04,2026-04-05,,,Lisbon,https://www.visitlisboa.com/en/events,https://www.visitlisboa.com/rails/active_storage/representations/redirect/eyJfcmFpbHMiOnsiZGF0YSI6MzE2OTEsInB1ciI6ImJsb2JfaWQifX0=--8ee6cfb94ef85c1860d9470dc92887c277750503/eyJfcmFpbHMiOnsiZGF0YSI6eyJmb3JtYXQiOiJqcGciLCJyZXNpemUiOiI1MTJ4NTEyXHUwMDNlIn0sInB1ciI6InZhcmlhdGlvbiJ9fQ==--0ba8b7f58340100b312280e63751a8a851d1f9fb/Feira_mensal-mafra.jpg,Fairs,,Free Entry,approved,visitlisboa,en/events/handicrafts-and-regional-products-fair-mafra,https://www.visitlisboa.com/en/events,35a181eb010bf9b03def14c8949ff5a88d0ac52c,,,,,,,,,,,,,,,,
19th Italian Film Festival in Lisbon,2026-04-09,2026-04-19,,,Lisbon,https://www.visitlisboa.com/en/events,https://www.visitlisboa.com/rails/active_storage/representations/redirect/eyJfcmFpbHMiOnsiZGF0YSI6MzYxNjgsInB1ciI6ImJsb2JfaWQifX0=--3920596f3cb29e6917dbae31a9d4e2f21d199dea/eyJfcmFpbHMiOnsiZGF0YSI6eyJmb3JtYXQiOiJqcGciLCJyZXNpemUiOiI1MTJ4NTEyXHUwMDNlIn0sInB1ciI6InZhcmlhdGlvbiJ9fQ==--0ba8b7f58340100b312280e63751a8a851d1f9fb/visit-lisboa-festa-do-cinema-italiano-2026.jpg,Main Events,,From €4 to €5,approved,visitlisboa,en/events/italian-film-festival-1,https://www.visitlisboa.com/en/events,af0fc185967b76119a0bbbeb8db440352e31e7a4,,,,,,,,,,,,,,,,
Todd Webb in Portugal,2026-04-10,2026-07-27,,,Lisbon,https://www.visitlisboa.com/en/events,https://www.visitlisboa.com/rails/active_storage/representations/redirect/eyJfcmFpbHMiOnsiZGF0YSI6MzY0NzcsInB1ciI6ImJsb2JfaWQifX0=--c191776d4a5c74fdb838f5a45adb2f2f5263864e/eyJfcmFpbHMiOnsiZGF0YSI6eyJmb3JtYXQiOiJqcGciLCJyZXNpemUiOiI1MTJ4NTEyXHUwMDNlIn0sInB1ciI6InZhcmlhdGlvbiJ9fQ==--0ba8b7f58340100b312280e63751a8a851d1f9fb/visit-lisboa-Todd-Webb-in-Portugal.jpg,Exhibitions,,Free Entry,approved,visitlisboa,en/events/todd-webb-in-portugal,https://www.visitlisboa.com/en/events,11580537ff425a0b39ea6881d81eb1fc365ae3e1,,,,,,,,,,,,,,,,
Swan Lake,2026-04-10,2026-04-24,,,Lisbon,https://www.visitlisboa.com/en/events,https://www.visitlisboa.com/rails/active_storage/representations/redirect/eyJfcmFpbHMiOnsiZGF0YSI6MzU4OTEsInB1ciI6ImJsb2JfaWQifX0=--819e0da9eb16467f5c39fa4c0635f12f639e7f6e/eyJfcmFpbHMiOnsiZGF0YSI6eyJmb3JtYXQiOiJqcGciLCJyZXNpemUiOiI1MTJ4NTEyXHUwMDNlIn0sInB1ciI6InZhcmlhdGlvbiJ9fQ==--0ba8b7f58340100b312280e63751a8a851d1f9fb/visit-lisboa-swan-lake.jpg,Theater Opera & Dance,,From €15,approved,visitlisboa,en/events/swan-lake-3fabf954-81c6-4aec-aa13-abeefde30ae1,https://www.visitlisboa.com/en/events,125c4d1819b7b3c7f4e05cabd63122620e9c495d,,,,,,,,,,,,,,,,
Carolina de Deus,2026-04-15,,,,Lisbon,https://www.visitlisboa.com/en/events,https://www.visitlisboa.com/rails/active_storage/representations/redirect/eyJfcmFpbHMiOnsiZGF0YSI6MzU3NDksInB1ciI6ImJsb2JfaWQifX0=--eac577e8c0035716760774a19db2c828ce0b0f7b/eyJfcmFpbHMiOnsiZGF0YSI6eyJmb3JtYXQiOiJqcGciLCJyZXNpemUiOiI1MTJ4NTEyXHUwMDNlIn0sInB1ciI6InZhcmlhdGlvbiJ9fQ==--0ba8b7f58340100b312280e63751a8a851d1f9fb/Capa-Carolina.jpg,Music,,From €15 to €25,approved,visitlisboa,en/events/carolina-de-deus-26,https://www.visitlisboa.com/en/events,13c7390c4a05e652330577a74ead546a96e35ac8,,,,,,,,,,,,,,,,
Lxtriathlon Grand Prix,2026-04-19,,,,Lisbon,https://www.visitlisboa.com/en/events,https://www.visitlisboa.com/rails/active_storage/representations/redirect/eyJfcmFpbHMiOnsiZGF0YSI6MzU2MTUsInB1ciI6ImJsb2JfaWQifX0=--7517fd001d8389113b6e157008703138d2935918/eyJfcmFpbHMiOnsiZGF0YSI6eyJmb3JtYXQiOiJqcGciLCJyZXNpemUiOiI1MTJ4NTEyXHUwMDNlIn0sInB1ciI6InZhcmlhdGlvbiJ9fQ==--0ba8b7f58340100b312280e63751a8a851d1f9fb/meia_maratona_alta_de_lisboa-2026-vl.jpg,Sports,,,approved,visitlisboa,en/events/lxtriathlon-grand-prix,https://www.visitlisboa.com/en/events,e20601f60977a63c437658ac7733753693ea0964,,,,,,,,,,,,,,,,
Tannhäuser,2026-04-23,,,,Lisbon,https://www.visitlisboa.com/en/events,https://www.visitlisboa.com/rails/active_storage/representations/redirect/eyJfcmFpbHMiOnsiZGF0YSI6MzU4OTMsInB1ciI6ImJsb2JfaWQifX0=--e740dcd1a2ac14c7c43414eb90f029b31e811c85/eyJfcmFpbHMiOnsiZGF0YSI6eyJmb3JtYXQiOiJqcGciLCJyZXNpemUiOiI1MTJ4NTEyXHUwMDNlIn0sInB1ciI6InZhcmlhdGlvbiJ9fQ==--0ba8b7f58340100b312280e63751a8a851d1f9fb/visit-lisboa-tann.jpg,Music,,From €36,approved,visitlisboa,en/events/tannhauser,https://www.visitlisboa.com/en/events,8000b9d4ce9f57c68595fd799bb577260d102ce0,,,,,,,,,,,,,,,,
SIL - The leading Real Estate Show,2026-04-23,2026-04-25,,,Lisbon,https://www.visitlisboa.com/en/events,https://www.visitlisboa.com/rails/active_storage/representations/redirect/eyJfcmFpbHMiOnsiZGF0YSI6MjkwNzUsInB1ciI6ImJsb2JfaWQifX0=--af1289f0447de2ff78ff169d663184c3a94b4a54/eyJfcmFpbHMiOnsiZGF0YSI6eyJmb3JtYXQiOiJqcGciLCJyZXNpemUiOiI1MTJ4NTEyXHUwMDNlIn0sInB1ciI6InZhcmlhdGlvbiJ9fQ==--0ba8b7f58340100b312280e63751a8a851d1f9fb/sil-salao-imobiliario-sdt.jpg,Fairs,,,approved,visitlisboa,en/events/sil-the-leading-real-estate-show,https://www.visitlisboa.com/en/events,e14082de80eaed04057d0dac7ef456c0e2d6f4e2,,,,,,,,,,,,,,,,
Naruto Shippuden Symphonic Experience,2026-04-24,,,,Lisbon,https://www.visitlisboa.com/en/events,https://www.visitlisboa.com/rails/active_storage/representations/redirect/eyJfcmFpbHMiOnsiZGF0YSI6MzQ5NDgsInB1ciI6ImJsb2JfaWQifX0=--e09095bc32f3e5f96b38112e8f0d73cca3ee2945/eyJfcmFpbHMiOnsiZGF0YSI6eyJmb3JtYXQiOiJqcGciLCJyZXNpemUiOiI1MTJ4NTEyXHUwMDNlIn0sInB1ciI6InZhcmlhdGlvbiJ9fQ==--0ba8b7f58340100b312280e63751a8a851d1f9fb/naruto.jpg,Music,,From €35 to €80,approved,visitlisboa,en/events/naruto-shippuden-symphonic-experience,https://www.visitlisboa.com/en/events,3cc94f8d2ffc1508091be636ee75b9e9670386f5,,,,,,,,,,,,,,,,
Festival Música Viva,2026-04-28,2026-05-03,,,Lisbon,https://www.visitlisboa.com/en/events,https://www.visitlisboa.com/rails/active_storage/representations/redirect/eyJfcmFpbHMiOnsiZGF0YSI6MzU4MzEsInB1ciI6ImJsb2JfaWQifX0=--c7eb127a0f862337386ed57ea4ad32d8a13e5963/eyJfcmFpbHMiOnsiZGF0YSI6eyJmb3JtYXQiOiJqcGciLCJyZXNpemUiOiI1MTJ4NTEyXHUwMDNlIn0sInB1ciI6InZhcmlhdGlvbiJ9fQ==--0ba8b7f58340100b312280e63751a8a851d1f9fb/visit-lisboa-festival-musica-viva.jpg,Festivals,,,approved,visitlisboa,en/events/festival-musica-viva-l,https://www.visitlisboa.com/en/events,619716bc42fb13d337ca30987b76a26d01b6b10c,,,,,,,,,,,,,,,,
IndieLisboa'26,2026-04-30,2026-05-10,,,Lisbon,https://www.visitlisboa.com/en/events,https://www.visitlisboa.com/rails/active_storage/representations/redirect/eyJfcmFpbHMiOnsiZGF0YSI6Mjk5MzcsInB1ciI6ImJsb2JfaWQifX0=--3f56e656750dd531ea9fbb326037e388b433adc8/eyJfcmFpbHMiOnsiZGF0YSI6eyJmb3JtYXQiOiJqcGciLCJyZXNpemUiOiI1MTJ4NTEyXHUwMDNlIn0sInB1ciI6InZhcmlhdGlvbiJ9fQ==--0ba8b7f58340100b312280e63751a8a851d1f9fb/2025-indie-lisboa.jpg,Main Events,,,approved,visitlisboa,en/events/indielisboa-1,https://www.visitlisboa.com/en/events,130de5e9b5397642494a40b1acc7387a98f58a5d,,,,,,,,,,,,,,,,
Open Gardens,,,,,Lisbon,https://www.visitlisboa.com/en/events,https://www.visitlisboa.com/rails/active_storage/representations/redirect/eyJfcmFpbHMiOnsiZGF0YSI6Mjk1NzMsInB1ciI6ImJsb2JfaWQifX0=--273e44a484b5e6d686da909cb76e2d85a6fd8867/eyJfcmFpbHMiOnsiZGF0YSI6eyJmb3JtYXQiOiJqcGciLCJyZXNpemUiOiI1MTJ4NTEyXHUwMDNlIn0sInB1ciI6InZhcmlhdGlvbiJ9fQ==--0ba8b7f58340100b312280e63751a8a851d1f9fb/Jardins-abertos-25-2.jpg,Exhibitions,,Free Entry,approved,visitlisboa,en/events/jardins-abertos,https://www.visitlisboa.com/en/events,0d2b842f3f90b13a586f8dee3f404a5ce882f34f,,,,,,,,,,,,,,,,
KULTURfest - Festival of German Expression Cultures l,,,,,Lisbon,https://www.visitlisboa.com/en/events,https://www.visitlisboa.com/rails/active_storage/representations/redirect/eyJfcmFpbHMiOnsiZGF0YSI6Mjk5NjUsInB1ciI6ImJsb2JfaWQifX0=--c0b1e58de8859b0a61e6fad701e9d4bc90d27ca9/eyJfcmFpbHMiOnsiZGF0YSI6eyJmb3JtYXQiOiJqcGciLCJyZXNpemUiOiI1MTJ4NTEyXHUwMDNlIn0sInB1ciI6InZhcmlhdGlvbiJ9fQ==--0ba8b7f58340100b312280e63751a8a851d1f9fb/Gen25_festival-kulturfest.jpg,May 2026 (to be confirmed),,,approved,visitlisboa,en/events/kulturfest-festival-of-german-expression-cultures-l,https://www.visitlisboa.com/en/events,84b7f872202a5a91b81ab5d60fe21a024993e11d,,,,,,,,,,,,,,,,
Octopus Festival | Ericeira,,,,,Lisbon,https://www.visitlisboa.com/en/events,https://www.visitlisboa.com/rails/active_storage/representations/redirect/eyJfcmFpbHMiOnsiZGF0YSI6MzY2NDcsInB1ciI6ImJsb2JfaWQifX0=--29aeb793c9de6941c058a7df4a8bc810e5062d95/eyJfcmFpbHMiOnsiZGF0YSI6eyJmb3JtYXQiOiJqcGciLCJyZXNpemUiOiI1MTJ4NTEyXHUwMDNlIn0sInB1ciI6InZhcmlhdGlvbiJ9fQ==--0ba8b7f58340100b312280e63751a8a851d1f9fb/gen-visit-lisboa-festival-do-polvo.jpg,Others,,,approved,visitlisboa,en/events/octopus-festival-ericeira,https://www.visitlisboa.com/en/events,7bb67d070b6a561db79f6be2d3a80e5f038753bd,,,,,,,,,,,,,,,,
LAAF - Lisbon Art & Antiques Fair'26,,,,,Lisbon,https://www.visitlisboa.com/en/events,https://www.visitlisboa.com/rails/active_storage/representations/redirect/eyJfcmFpbHMiOnsiZGF0YSI6Mjk3NTgsInB1ciI6ImJsb2JfaWQifX0=--de7dba3cd5b103126a1b9411678404551f998b97/eyJfcmFpbHMiOnsiZGF0YSI6eyJmb3JtYXQiOiJqcGciLCJyZXNpemUiOiI1MTJ4NTEyXHUwMDNlIn0sInB1ciI6InZhcmlhdGlvbiJ9fQ==--0ba8b7f58340100b312280e63751a8a851d1f9fb/2025-LAAF-x-sem-data.jpg,Exhibitions,,,approved,visitlisboa,en/events/laaf-lisbon-art-antiques-fair-2,https://www.visitlisboa.com/en/events,187759a05fc857c5c122e2a0a1c9ed09c61405b1,,,,,,,,,,,,,,,,
Carminho | Eu vou Morrer de Amor ou Resistir,2026-05-01,2026-05-03,,,Lisbon,https://www.visitlisboa.com/en/events,https://www.visitlisboa.com/rails/active_storage/representations/redirect/eyJfcmFpbHMiOnsiZGF0YSI6MzY1MDYsInB1ciI6ImJsb2JfaWQifX0=--d6dfaebec207d5bac230edba1511fdeac71a3c8e/eyJfcmFpbHMiOnsiZGF0YSI6eyJmb3JtYXQiOiJqcGciLCJyZXNpemUiOiI1MTJ4NTEyXHUwMDNlIn0sInB1ciI6InZhcmlhdGlvbiJ9fQ==--0ba8b7f58340100b312280e63751a8a851d1f9fb/visit-lisboa-carminho.jpg,Music,,From €23,approved,visitlisboa,en/events/carminho-eu-vou-morrer-de-amor-ou-resistir,https://www.visitlisboa.com/en/events,da0e979344378cf1c60da04647fc3a2215971422,,,,,,,,,,,,,,,,
José Manuel Neto | Há Fado no Cais,2026-05-02,,,,Lisbon,https://www.visitlisboa.com/en/events,https://www.visitlisboa.com/rails/active_storage/representations/redirect/eyJfcmFpbHMiOnsiZGF0YSI6MzU5MTYsInB1ciI6ImJsb2JfaWQifX0=--a6d000686ea03f2a3a88944a0363661bc5c7bebc/eyJfcmFpbHMiOnsiZGF0YSI6eyJmb3JtYXQiOiJqcGciLCJyZXNpemUiOiI1MTJ4NTEyXHUwMDNlIn0sInB1ciI6InZhcmlhdGlvbiJ9fQ==--0ba8b7f58340100b312280e63751a8a851d1f9fb/visit-lisboa-jose-manuel-neto-ha-fado-no-cais.jpg,Music,,From €5,approved,visitlisboa,en/events/jose-manuel-neto-ha-fado-no-cais,https://www.visitlisboa.com/en/events,433c32658092a023dd4441bf7501b7024e63f807,,,,,,,,,,,,,,,,
Aida – Opera by G. Verdi,2026-05-05,,,,Lisbon,https://www.visitlisboa.com/en/events,https://www.visitlisboa.com/rails/active_storage/representations/redirect/eyJfcmFpbHMiOnsiZGF0YSI6MzU1MTYsInB1ciI6ImJsb2JfaWQifX0=--371de48a533e8760b564d23348fcf0287d43871a/eyJfcmFpbHMiOnsiZGF0YSI6eyJmb3JtYXQiOiJqcGciLCJyZXNpemUiOiI1MTJ4NTEyXHUwMDNlIn0sInB1ciI6InZhcmlhdGlvbiJ9fQ==--0ba8b7f58340100b312280e63751a8a851d1f9fb/Whats-On-Visit-Lisboa-aida-opera-by-g-verdi.jpg,Theater Opera & Dance,,From €40 to €80,approved,visitlisboa,en/events/aida-opera-by-g-verdi,https://www.visitlisboa.com/en/events,8e962a5559faebef63888441fa7d01571e310630,,,,,,,,,,,,,,,,
FIMFA - International Festival of Puppets and Animated Forms'26,2026-05-07,2026-05-31,,,Lisbon,https://www.visitlisboa.com/en/events,https://www.visitlisboa.com/rails/active_storage/representations/redirect/eyJfcmFpbHMiOnsiZGF0YSI6Mjk5MTksInB1ciI6ImJsb2JfaWQifX0=--b00c5f54b53148c7f7eb3f31ca229303e6a55f8c/eyJfcmFpbHMiOnsiZGF0YSI6eyJmb3JtYXQiOiJqcGciLCJyZXNpemUiOiI1MTJ4NTEyXHUwMDNlIn0sInB1ciI6InZhcmlhdGlvbiJ9fQ==--0ba8b7f58340100b312280e63751a8a851d1f9fb/fimfa-25.jpg,Main Events,,,approved,visitlisboa,en/events/fimfa-international-festival-of-puppets-and-animated-forms-1,https://www.visitlisboa.com/en/events,45885b4675ab5ebf856de89c1ddc0480c9e67226,,,,,,,,,,,,,,,,
Open House Lisboa'26,2026-05-09,2026-05-10,,,Lisbon,https://www.visitlisboa.com/en/events,https://www.visitlisboa.com/rails/active_storage/representations/redirect/eyJfcmFpbHMiOnsiZGF0YSI6Mjk3MDQsInB1ciI6ImJsb2JfaWQifX0=--49c315518a8fcaaad21b93849b8616a98e828a54/eyJfcmFpbHMiOnsiZGF0YSI6eyJmb3JtYXQiOiJqcGciLCJyZXNpemUiOiI1MTJ4NTEyXHUwMDNlIn0sInB1ciI6InZhcmlhdGlvbiJ9fQ==--0ba8b7f58340100b312280e63751a8a851d1f9fb/open_house_lisboa_gen25.jpg,Main Events,,,approved,visitlisboa,en/events/open-house-lisboa-2,https://www.visitlisboa.com/en/events,a5f04c3ed3ceeebf881da4feadd986f924b7d80c,,,,,,,,,,,,,,,,
Wings for Life World Run,2026-05-10,,,,Lisbon,https://www.visitlisboa.com/en/events,https://www.visitlisboa.com/rails/active_storage/representations/redirect/eyJfcmFpbHMiOnsiZGF0YSI6MzU2NDAsInB1ciI6ImJsb2JfaWQifX0=--3a4e92ef68dd92f8e5293bafac5291224be884a5/eyJfcmFpbHMiOnsiZGF0YSI6eyJmb3JtYXQiOiJqcGciLCJyZXNpemUiOiI1MTJ4NTEyXHUwMDNlIn0sInB1ciI6InZhcmlhdGlvbiJ9fQ==--0ba8b7f58340100b312280e63751a8a851d1f9fb/red-bull-wings-for-life-world-run-visit-lisboa.jpg,Sports,,,approved,visitlisboa,en/events/wings-for-life-world-run,https://www.visitlisboa.com/en/events,5b437085663d788aaeb2b25961705b362a9bbba5,,,,,,,,,,,,,,,,
"Gipsy Kings by Diego Baliardo | ""A Tu Vera” Tour 2026",2026-05-10,,,,Lisbon,https://www.visitlisboa.com/en/events,https://www.visitlisboa.com/rails/active_storage/representations/redirect/eyJfcmFpbHMiOnsiZGF0YSI6MzUwMzIsInB1ciI6ImJsb2JfaWQifX0=--a9da51f559a87b73455ca52cef4cc653751a1b4b/eyJfcmFpbHMiOnsiZGF0YSI6eyJmb3JtYXQiOiJqcGciLCJyZXNpemUiOiI1MTJ4NTEyXHUwMDNlIn0sInB1ciI6InZhcmlhdGlvbiJ9fQ==--0ba8b7f58340100b312280e63751a8a851d1f9fb/gk.jpg,Music,,From €25 to €50,approved,visitlisboa,en/events/gipsy-kings-by-diego-baliardo-a-tu-vera-tour-2026,https://www.visitlisboa.com/en/events,7d595452c9e39750a1c4db0fd9b4f7c48a95d4ff,,,,,,,,,,,,,,,,
Ecar Show'26,2026-05-15,2026-05-17,,,Lisbon,https://www.visitlisboa.com/en/events,https://www.visitlisboa.com/rails/active_storage/representations/redirect/eyJfcmFpbHMiOnsiZGF0YSI6Mjk3MjUsInB1ciI6ImJsb2JfaWQifX0=--d9c1579e8e8c8719ef2588b4c5cf6a3e9171417f/eyJfcmFpbHMiOnsiZGF0YSI6eyJmb3JtYXQiOiJqcGciLCJyZXNpemUiOiI1MTJ4NTEyXHUwMDNlIn0sInB1ciI6InZhcmlhdGlvbiJ9fQ==--0ba8b7f58340100b312280e63751a8a851d1f9fb/ecarshow_GEN25.jpg,Fairs,,,approved,visitlisboa,en/events/ecar-show-2,https://www.visitlisboa.com/en/events,5911cb2b9b693bb652c26ab9e12c3c71c4caaba5,,,,,,,,,,,,,,,,
James Taylor Quartet,2026-05-16,,,,Lisbon,https://www.visitlisboa.com/en/events,https://www.visitlisboa.com/rails/active_storage/representations/redirect/eyJfcmFpbHMiOnsiZGF0YSI6MzU0MzcsInB1ciI6ImJsb2JfaWQifX0=--00354c56c164ba486513586384e16cc3ef0c5e40/eyJfcmFpbHMiOnsiZGF0YSI6eyJmb3JtYXQiOiJqcGciLCJyZXNpemUiOiI1MTJ4NTEyXHUwMDNlIn0sInB1ciI6InZhcmlhdGlvbiJ9fQ==--0ba8b7f58340100b312280e63751a8a851d1f9fb/Visit-lisboa_James-Taylor-Quartet_16-maio.jpg,Music,,From €35,approved,visitlisboa,en/events/james-taylor-quartet,https://www.visitlisboa.com/en/events,67899067ae5324d3d6cc843a9de3569c10abcab9,,,,,,,,,,,,,,,,
James Taylor Quartet,2026-05-16,,,,Lisbon,https://www.visitlisboa.com/en/events,https://www.visitlisboa.com/rails/active_storage/representations/redirect/eyJfcmFpbHMiOnsiZGF0YSI6MzY1MTMsInB1ciI6ImJsb2JfaWQifX0=--7ac7905b6de63ca24cd63524592a3fc8f6a90eb3/eyJfcmFpbHMiOnsiZGF0YSI6eyJmb3JtYXQiOiJqcGciLCJyZXNpemUiOiI1MTJ4NTEyXHUwMDNlIn0sInB1ciI6InZhcmlhdGlvbiJ9fQ==--0ba8b7f58340100b312280e63751a8a851d1f9fb/visit-lisboa-james-taylor-quartet.jpg,Music,,From €35,approved,visitlisboa,en/events/james-taylor-quartet-0526,https://www.visitlisboa.com/en/events,c626c0bdc16d4b37f5310ef43e276a5034d6c96c,,,,,,,,,,,,,,,,
Lisbon Bar Show,2026-05-19,2026-05-20,,,Lisbon,https://www.visitlisboa.com/en/events,https://www.visitlisboa.com/rails/active_storage/representations/redirect/eyJfcmFpbHMiOnsiZGF0YSI6MzU2MDMsInB1ciI6ImJsb2JfaWQifX0=--d2ab7047a35cba978e72902d4625972aa920ffd8/eyJfcmFpbHMiOnsiZGF0YSI6eyJmb3JtYXQiOiJqcGciLCJyZXNpemUiOiI1MTJ4NTEyXHUwMDNlIn0sInB1ciI6InZhcmlhdGlvbiJ9fQ==--0ba8b7f58340100b312280e63751a8a851d1f9fb/2026-lisbon-bar-show.jpg,Festivals,,,approved,visitlisboa,en/events/lisbon-bar-show,https://www.visitlisboa.com/en/events,5961e9aa0847b6b8b710f0d01cdba96e17e6ade6,,,,,,,,,,,,,,,,
Lisbon Motorcycle Film Fest'26,2026-05-22,2026-05-24,,,Lisbon,https://www.visitlisboa.com/en/events,https://www.visitlisboa.com/rails/active_storage/representations/redirect/eyJfcmFpbHMiOnsiZGF0YSI6MzAxMDAsInB1ciI6ImJsb2JfaWQifX0=--ed1f76d53a1bb8cc7a307c7ba875442481e222ce/eyJfcmFpbHMiOnsiZGF0YSI6eyJmb3JtYXQiOiJqcGciLCJyZXNpemUiOiI1MTJ4NTEyXHUwMDNlIn0sInB1ciI6InZhcmlhdGlvbiJ9fQ==--0ba8b7f58340100b312280e63751a8a851d1f9fb/Lisbon-Motorcycle-Film-Festgen25.jpg,Cinema,,,approved,visitlisboa,en/events/lisbon-motorcycle-film-fest-l,https://www.visitlisboa.com/en/events,d1c1a5612f1284e61d3e74ad07066c35149c3434,,,,,,,,,,,,,,,,
MEO Surf League - Ericeira,2026-05-22,2026-05-24,,,Lisbon,https://www.visitlisboa.com/en/events,https://www.visitlisboa.com/rails/active_storage/representations/redirect/eyJfcmFpbHMiOnsiZGF0YSI6MzY2NDgsInB1ciI6ImJsb2JfaWQifX0=--962aa7126235488906820d3cfea677ea9c78d9e8/eyJfcmFpbHMiOnsiZGF0YSI6eyJmb3JtYXQiOiJqcGciLCJyZXNpemUiOiI1MTJ4NTEyXHUwMDNlIn0sInB1ciI6InZhcmlhdGlvbiJ9fQ==--0ba8b7f58340100b312280e63751a8a851d1f9fb/ge-visit-lisboa-ericeira-surf.jpg,Sports,,,approved,visitlisboa,en/events/meo-surf-league-ericeira,https://www.visitlisboa.com/en/events,91e1b0b16128c8366e57a23d0764e3b565cc5dc9,,,,,,,,,,,,,,,,
Lisboa Green Trail'26,2026-05-24,,,,Lisbon,https://www.visitlisboa.com/en/events,https://www.visitlisboa.com/rails/active_storage/representations/redirect/eyJfcmFpbHMiOnsiZGF0YSI6Mjk5NjksInB1ciI6ImJsb2JfaWQifX0=--4fa74c0bb882f5055ca170dbc9cf68c9685d50c8/eyJfcmFpbHMiOnsiZGF0YSI6eyJmb3JtYXQiOiJqcGciLCJyZXNpemUiOiI1MTJ4NTEyXHUwMDNlIn0sInB1ciI6InZhcmlhdGlvbiJ9fQ==--0ba8b7f58340100b312280e63751a8a851d1f9fb/lisboa-green-trail-2025-v2.jpg,Sports,,,approved,visitlisboa,en/events/lisboa-green-trail-l,https://www.visitlisboa.com/en/events,16185677cf5fa60793ba69a1086070ddc87ccb56,,,,,,,,,,,,,,,,
Bad Bunny,2026-05-26,2026-05-27,,,Lisbon,https://www.visitlisboa.com/en/events,https://www.visitlisboa.com/rails/active_storage/representations/redirect/eyJfcmFpbHMiOnsiZGF0YSI6MzI4NjMsInB1ciI6ImJsb2JfaWQifX0=--f51b9099961dac5286874b8060610f7e840a5c03/eyJfcmFpbHMiOnsiZGF0YSI6eyJmb3JtYXQiOiJqcGciLCJyZXNpemUiOiI1MTJ4NTEyXHUwMDNlIn0sInB1ciI6InZhcmlhdGlvbiJ9fQ==--0ba8b7f58340100b312280e63751a8a851d1f9fb/bad-bunny-benfica.jpg,Music,,,approved,visitlisboa,en/events/bad-bunny,https://www.visitlisboa.com/en/events,e56ced6adffde90bb77c380582af9c99f3c405ec,,,,,,,,,,,,,,,,
Lisbon by Design'26,2026-05-26,2026-05-31,,,Lisbon,https://www.visitlisboa.com/en/events,https://www.visitlisboa.com/rails/active_storage/representations/redirect/eyJfcmFpbHMiOnsiZGF0YSI6MzU2MDUsInB1ciI6ImJsb2JfaWQifX0=--dc0584481d3ef416e4bf2b46810357ffe524392e/eyJfcmFpbHMiOnsiZGF0YSI6eyJmb3JtYXQiOiJqcGciLCJyZXNpemUiOiI1MTJ4NTEyXHUwMDNlIn0sInB1ciI6InZhcmlhdGlvbiJ9fQ==--0ba8b7f58340100b312280e63751a8a851d1f9fb/2026-lisbon-by-design.jpg,Exhibitions,,,approved,visitlisboa,en/events/lisbon-by-design_,https://www.visitlisboa.com/en/events,5e5978f0e54d10da131d041733ebc59f3a1ebd78,,,,,,,,,,,,,,,,
Book Fair'26,2026-05-27,2026-06-14,,,Lisbon,https://www.visitlisboa.com/en/events,https://www.visitlisboa.com/rails/active_storage/representations/redirect/eyJfcmFpbHMiOnsiZGF0YSI6MzA3MDksInB1ciI6ImJsb2JfaWQifX0=--d96a8f8d23c95ca33b93610ad6e4be6dde1c3900/eyJfcmFpbHMiOnsiZGF0YSI6eyJmb3JtYXQiOiJqcGciLCJyZXNpemUiOiI1MTJ4NTEyXHUwMDNlIn0sInB1ciI6InZhcmlhdGlvbiJ9fQ==--0ba8b7f58340100b312280e63751a8a851d1f9fb/GEN25_Feira-do-Livro.jpg,Fairs,,Free Entry,approved,visitlisboa,en/events/book-fair-1,https://www.visitlisboa.com/en/events,fd0cab11cb1c8d38294f4785b9743ebea288cd3b,,,,,,,,,,,,,,,,
MOGA Caparica,2026-05-27,2026-05-31,,,Lisbon,https://www.visitlisboa.com/en/events,https://www.visitlisboa.com/rails/active_storage/representations/redirect/eyJfcmFpbHMiOnsiZGF0YSI6MzU2MDIsInB1ciI6ImJsb2JfaWQifX0=--47f979b6e14618f849b937d5acf2644951521699/eyJfcmFpbHMiOnsiZGF0YSI6eyJmb3JtYXQiOiJqcGciLCJyZXNpemUiOiI1MTJ4NTEyXHUwMDNlIn0sInB1ciI6InZhcmlhdGlvbiJ9fQ==--0ba8b7f58340100b312280e63751a8a851d1f9fb/2026-VISIT-LISBOA-moga-caparica.jpg,Music,,,approved,visitlisboa,en/events/moga-caparica,https://www.visitlisboa.com/en/events,575dbb1f8e456c7386ba301c036d4babe1ce6986,,,,,,,,,,,,,,,,
Arco Lisboa - International Contemporary Art Fair'26,2026-05-28,2026-05-31,,,Lisbon,https://www.visitlisboa.com/en/events,https://www.visitlisboa.com/rails/active_storage/representations/redirect/eyJfcmFpbHMiOnsiZGF0YSI6MzM5MzIsInB1ciI6ImJsb2JfaWQifX0=--853cee48ce0da0d682d6c302c7f2aaf83b0d5aa1/eyJfcmFpbHMiOnsiZGF0YSI6eyJmb3JtYXQiOiJqcGciLCJyZXNpemUiOiI1MTJ4NTEyXHUwMDNlIn0sInB1ciI6InZhcmlhdGlvbiJ9fQ==--0ba8b7f58340100b312280e63751a8a851d1f9fb/Arco-Lisboa-26.jpg,Exhibitions,,,approved,visitlisboa,en/events/arco-lisboa-l,https://www.visitlisboa.com/en/events,922d2febb109a3d39968e975b6e45a4aace40aa7,,,,,,,,,,,,,,,,
Around Classic,2026-05-29,2026-05-31,,,Lisbon,https://www.visitlisboa.com/en/events,https://www.visitlisboa.com/rails/active_storage/representations/redirect/eyJfcmFpbHMiOnsiZGF0YSI6MzU5MTAsInB1ciI6ImJsb2JfaWQifX0=--25d65fa0c89614c5595a1d8809c9f638ed5fd994/eyJfcmFpbHMiOnsiZGF0YSI6eyJmb3JtYXQiOiJqcGciLCJyZXNpemUiOiI1MTJ4NTEyXHUwMDNlIn0sInB1ciI6InZhcmlhdGlvbiJ9fQ==--0ba8b7f58340100b312280e63751a8a851d1f9fb/visit-lisboa-around-classic-26.jpg,Music,,,approved,visitlisboa,en/events/around-classic-26,https://www.visitlisboa.com/en/events,d76875830c2313713742e2a8d8c1145a9a18aa43,,,,,,,,,,,,,,,,
COALA festival'26,2026-05-30,2026-05-31,,,Lisbon,https://www.visitlisboa.com/en/events,https://www.visitlisboa.com/rails/active_storage/representations/redirect/eyJfcmFpbHMiOnsiZGF0YSI6MzU1NzEsInB1ciI6ImJsb2JfaWQifX0=--9701b1e820f6323006ce15393a7fc80ceade6f7c/eyJfcmFpbHMiOnsiZGF0YSI6eyJmb3JtYXQiOiJqcGciLCJyZXNpemUiOiI1MTJ4NTEyXHUwMDNlIn0sInB1ciI6InZhcmlhdGlvbiJ9fQ==--0ba8b7f58340100b312280e63751a8a851d1f9fb/2026-visit-lisboa-coala-festival.png,Music,,From €80,approved,visitlisboa,en/events/coala-festival,https://www.visitlisboa.com/en/events,50156fdc91a9effef46f8374a670b791b48beaf2,,,,,,,,,,,,,,,,
Father John Misty,2026-06-01,,,,Lisbon,https://www.visitlisboa.com/en/events,https://www.visitlisboa.com/rails/active_storage/representations/redirect/eyJfcmFpbHMiOnsiZGF0YSI6MzU4MjEsInB1ciI6ImJsb2JfaWQifX0=--e5ccd700397ff1de51f84a483820421ca8a7cd43/eyJfcmFpbHMiOnsiZGF0YSI6eyJmb3JtYXQiOiJqcGciLCJyZXNpemUiOiI1MTJ4NTEyXHUwMDNlIn0sInB1ciI6InZhcmlhdGlvbiJ9fQ==--0ba8b7f58340100b312280e63751a8a851d1f9fb/visit-lisboa-fjm.jpg,Music,,From €22 to €45,approved,visitlisboa,en/events/father-john-misty,https://www.visitlisboa.com/en/events,a9261f263eccd6802259db1013a2ec66dccc7592,,,,,,,,,,,,,,,,
CineConchas'26,,,,,Lisbon,https://www.visitlisboa.com/en/events,https://www.visitlisboa.com/rails/active_storage/representations/redirect/eyJfcmFpbHMiOnsiZGF0YSI6MzEyMzUsInB1ciI6ImJsb2JfaWQifX0=--cf671365eb77ad3491a88c9eb6320de90f55afe3/eyJfcmFpbHMiOnsiZGF0YSI6eyJmb3JtYXQiOiJqcGciLCJyZXNpemUiOiI1MTJ4NTEyXHUwMDNlIn0sInB1ciI6InZhcmlhdGlvbiJ9fQ==--0ba8b7f58340100b312280e63751a8a851d1f9fb/Cine-Conchas.jpg,Cinema,,Free Entry,approved,visitlisboa,en/events/cineconchas_,https://www.visitlisboa.com/en/events,45ea5456f05577e8b56ca978c01b015d56683ace,,,,,,,,,,,,,,,,
Trezena to Saint Anthony,,,,,Lisbon,https://www.visitlisboa.com/en/events,https://www.visitlisboa.com/rails/active_storage/representations/redirect/eyJfcmFpbHMiOnsiZGF0YSI6MzA1MjQsInB1ciI6ImJsb2JfaWQifX0=--5f532375d8bcbdc27267b36a7114e7a0682363fb/eyJfcmFpbHMiOnsiZGF0YSI6eyJmb3JtYXQiOiJqcGciLCJyZXNpemUiOiI1MTJ4NTEyXHUwMDNlIn0sInB1ciI6InZhcmlhdGlvbiJ9fQ==--0ba8b7f58340100b312280e63751a8a851d1f9fb/trezena.jpg,Music,,Free Entry,approved,visitlisboa,en/events/trezena-to-saint-anthony,https://www.visitlisboa.com/en/events,afeb62839448b8699720a9eacb3d87268c6e92a5,,,,,,,,,,,,,,,,
Popular Marches | MEO Arena,,,,,Lisbon,https://www.visitlisboa.com/en/events,https://www.visitlisboa.com/rails/active_storage/representations/redirect/eyJfcmFpbHMiOnsiZGF0YSI6MzAzMTEsInB1ciI6ImJsb2JfaWQifX0=--e20f6312798241fa0257c99753eefbc7e6905aea/eyJfcmFpbHMiOnsiZGF0YSI6eyJmb3JtYXQiOiJqcGciLCJyZXNpemUiOiI1MTJ4NTEyXHUwMDNlIn0sInB1ciI6InZhcmlhdGlvbiJ9fQ==--0ba8b7f58340100b312280e63751a8a851d1f9fb/Marchas-MEO.jpg,Others,,,approved,visitlisboa,en/events/popular-marches-meo-arena,https://www.visitlisboa.com/en/events,54690b3f7a344ab4d89a46a5f627e1a4f88a602e,,,,,,,,,,,,,,,,
Lisbon Festivities,,,,,Lisbon,https://www.visitlisboa.com/en/events,https://www.visitlisboa.com/rails/active_storage/representations/redirect/eyJfcmFpbHMiOnsiZGF0YSI6MzAzNjQsInB1ciI6ImJsb2JfaWQifX0=--f1e1d3a048ec1a5b8e363ee67a384033f2f42682/eyJfcmFpbHMiOnsiZGF0YSI6eyJmb3JtYXQiOiJqcGciLCJyZXNpemUiOiI1MTJ4NTEyXHUwMDNlIn0sInB1ciI6InZhcmlhdGlvbiJ9fQ==--0ba8b7f58340100b312280e63751a8a851d1f9fb/%23GEN_25_HP.jpg,Main Events,,Free Entry,approved,visitlisboa,en/events/lisbon-festivities-1,https://www.visitlisboa.com/en/events,b791e471961f51c71b251a8b9e638a9522e33a45,,,,,,,,,,,,,,,,
Arraiais Populares,,,,,Lisbon,https://www.visitlisboa.com/en/events,https://www.visitlisboa.com/rails/active_storage/representations/redirect/eyJfcmFpbHMiOnsiZGF0YSI6MzAzMjMsInB1ciI6ImJsb2JfaWQifX0=--ad71b657f3add8d83778c7f91b8b9470cda465f6/eyJfcmFpbHMiOnsiZGF0YSI6eyJmb3JtYXQiOiJqcGciLCJyZXNpemUiOiI1MTJ4NTEyXHUwMDNlIn0sInB1ciI6InZhcmlhdGlvbiJ9fQ==--0ba8b7f58340100b312280e63751a8a851d1f9fb/Arraias-populares.jpg,Others,,Free Entry,approved,visitlisboa,en/events/arraiais-populares-lisboa-on-the-street,https://www.visitlisboa.com/en/events,70cb7172fd4d4dd647246e5349d66828a4be468b,,,,,,,,,,,,,,,,
"L’Allegro, il Penseroso ed il Moderato",2026-06-06,,,,Lisbon,https://www.visitlisboa.com/en/events,https://www.visitlisboa.com/rails/active_storage/representations/redirect/eyJfcmFpbHMiOnsiZGF0YSI6MzU4MzIsInB1ciI6ImJsb2JfaWQifX0=--fd13e65072ea46258d207f4d014ce95f8a7bf362/eyJfcmFpbHMiOnsiZGF0YSI6eyJmb3JtYXQiOiJqcGciLCJyZXNpemUiOiI1MTJ4NTEyXHUwMDNlIn0sInB1ciI6InZhcmlhdGlvbiJ9fQ==--0ba8b7f58340100b312280e63751a8a851d1f9fb/visit-lisboa-l-allegro-il-penseroso-ed-il-moderato.jpg,Music,,From €12 to €15,approved,visitlisboa,en/events/l-allegro-il-penseroso-ed-il-moderato,https://www.visitlisboa.com/en/events,a34c052f56861c980fac3e5b2b2ba8cbf9bb6938,,,,,,,,,,,,,,,,
Corrida de Santo António,2026-06-07,,,,Lisbon,https://www.visitlisboa.com/en/events,https://www.visitlisboa.com/rails/active_storage/representations/redirect/eyJfcmFpbHMiOnsiZGF0YSI6MzcwMjksInB1ciI6ImJsb2JfaWQifX0=--c4ae8b363f743b69e5e29195f203c02d931dedaf/eyJfcmFpbHMiOnsiZGF0YSI6eyJmb3JtYXQiOiJqcGciLCJyZXNpemUiOiI1MTJ4NTEyXHUwMDNlIn0sInB1ciI6InZhcmlhdGlvbiJ9fQ==--0ba8b7f58340100b312280e63751a8a851d1f9fb/2026-visit-lisboa-corrida-de-santo-antonio.jpg,Sports,,,approved,visitlisboa,en/events/corrida-de-santo-antonio,https://www.visitlisboa.com/en/events,55c061d1fc0ddab28387664fe0256caab57c42ca,,,,,,,,,,,,,,,,
The Reinvention of Vivaldi,2026-06-11,,,,Lisbon,https://www.visitlisboa.com/en/events,https://www.visitlisboa.com/rails/active_storage/representations/redirect/eyJfcmFpbHMiOnsiZGF0YSI6MzU4MzMsInB1ciI6ImJsb2JfaWQifX0=--186a9782c9008fdad571dd19199d4b6a00149b7e/eyJfcmFpbHMiOnsiZGF0YSI6eyJmb3JtYXQiOiJqcGciLCJyZXNpemUiOiI1MTJ4NTEyXHUwMDNlIn0sInB1ciI6InZhcmlhdGlvbiJ9fQ==--0ba8b7f58340100b312280e63751a8a851d1f9fb/visit-lisboa-a-reinvencao-de-vivaldi.jpg,Music,,From €9 to €17,approved,visitlisboa,en/events/the-reinvention-of-vivaldi,https://www.visitlisboa.com/en/events,99df4be0bd8d22246320c5686a07318dd486933f,,,,,,,,,,,,,,,,
Weddings of Saint Anthony,2026-06-12,,,,Lisbon,https://www.visitlisboa.com/en/events,https://www.visitlisboa.com/rails/active_storage/representations/redirect/eyJfcmFpbHMiOnsiZGF0YSI6MzA3NDYsInB1ciI6ImJsb2JfaWQifX0=--e897916dc64a16cc152057d0c3d6ee01902cda34/eyJfcmFpbHMiOnsiZGF0YSI6eyJmb3JtYXQiOiJqcGciLCJyZXNpemUiOiI1MTJ4NTEyXHUwMDNlIn0sInB1ciI6InZhcmlhdGlvbiJ9fQ==--0ba8b7f58340100b312280e63751a8a851d1f9fb/casamentos-santo-antonio.jpg,Others,,Free Entry,approved,visitlisboa,en/events/weddings-of-saint-anthony,https://www.visitlisboa.com/en/events,eac1524fd0fbdb3cb36bf23e7d720fc9b3a39b18,,,,,,,,,,,,,,,,
Procession of Saint Anthony,2026-06-12,2026-06-13,,,Lisbon,https://www.visitlisboa.com/en/events,https://www.visitlisboa.com/rails/active_storage/representations/redirect/eyJfcmFpbHMiOnsiZGF0YSI6MzA3NDIsInB1ciI6ImJsb2JfaWQifX0=--aef22355c9c7f543c39be3b3b9fa8e0336fd0166/eyJfcmFpbHMiOnsiZGF0YSI6eyJmb3JtYXQiOiJqcGciLCJyZXNpemUiOiI1MTJ4NTEyXHUwMDNlIn0sInB1ciI6InZhcmlhdGlvbiJ9fQ==--0ba8b7f58340100b312280e63751a8a851d1f9fb/Procissao-santo.-antonio.jpg,Others,,Free Entry,approved,visitlisboa,en/events/procession-of-saint-anthony,https://www.visitlisboa.com/en/events,b7d1394648efa76e5db2c1dfdf157d2ba40d8162,,,,,,,,,,,,,,,,
St. Anthony's night - 12/13th June,2026-06-12,2026-06-13,,,Lisbon,https://www.visitlisboa.com/en/events,https://www.visitlisboa.com/rails/active_storage/representations/redirect/eyJfcmFpbHMiOnsiZGF0YSI6MzU1ODgsInB1ciI6ImJsb2JfaWQifX0=--d50ed10dd57b5a389f2e0af1050bcaad5738bf83/eyJfcmFpbHMiOnsiZGF0YSI6eyJmb3JtYXQiOiJqcGciLCJyZXNpemUiOiI1MTJ4NTEyXHUwMDNlIn0sInB1ciI6InZhcmlhdGlvbiJ9fQ==--0ba8b7f58340100b312280e63751a8a851d1f9fb/visit-lisboa-noite-de-santo-antonio-12-13-de-junho_th.jpg,Others,,Free Entry,approved,visitlisboa,en/events/st-anthonys-night-12-13th-june,https://www.visitlisboa.com/en/events,ebd7e28b4aaecca8ce9585f18aa200c183d5ca05,,,,,,,,,,,,,,,,
Popular Marches - Av. Liberdade,2026-06-12,,,,Lisbon,https://www.visitlisboa.com/en/events,https://www.visitlisboa.com/rails/active_storage/representations/redirect/eyJfcmFpbHMiOnsiZGF0YSI6MzAzMTQsInB1ciI6ImJsb2JfaWQifX0=--c5dbe36f8186517c9d573058fb3f4d2446303699/eyJfcmFpbHMiOnsiZGF0YSI6eyJmb3JtYXQiOiJqcGciLCJyZXNpemUiOiI1MTJ4NTEyXHUwMDNlIn0sInB1ciI6InZhcmlhdGlvbiJ9fQ==--0ba8b7f58340100b312280e63751a8a851d1f9fb/Marchas-Avenida-1.jpg,Festivals,,Free Entry,approved,visitlisboa,en/events/popular-marches-av-liberdade,https://www.visitlisboa.com/en/events,6056b6eacc46e2739df6a6cf4193b6aa42cd2392,,,,,,,,,,,,,,,,
Suncébeat New Horizons Festival'26,2026-06-18,2026-06-22,,,Lisbon,https://www.visitlisboa.com/en/events,https://www.visitlisboa.com/rails/active_storage/representations/redirect/eyJfcmFpbHMiOnsiZGF0YSI6MzUwMzEsInB1ciI6ImJsb2JfaWQifX0=--75f229a85c5fd4a2ac06f8f4cd8f2f4aafc2d342/eyJfcmFpbHMiOnsiZGF0YSI6eyJmb3JtYXQiOiJqcGciLCJyZXNpemUiOiI1MTJ4NTEyXHUwMDNlIn0sInB1ciI6InZhcmlhdGlvbiJ9fQ==--0ba8b7f58340100b312280e63751a8a851d1f9fb/subcet.jpg,Music,,,approved,visitlisboa,en/events/suncebeat-new-horizons-festival,https://www.visitlisboa.com/en/events,5620a974d48f9a69a68e2f6077be2bdb9838df95,,,,,,,,,,,,,,,,
AHRESP Awards,2026-06-19,,,,Lisbon,https://www.visitlisboa.com/en/events,https://www.visitlisboa.com/rails/active_storage/representations/redirect/eyJfcmFpbHMiOnsiZGF0YSI6MzY0NjEsInB1ciI6ImJsb2JfaWQifX0=--ec69be29ef8a6294ee13b0b2a87d5745b2592aaa/eyJfcmFpbHMiOnsiZGF0YSI6eyJmb3JtYXQiOiJqcGciLCJyZXNpemUiOiI1MTJ4NTEyXHUwMDNlIn0sInB1ciI6InZhcmlhdGlvbiJ9fQ==--0ba8b7f58340100b312280e63751a8a851d1f9fb/ahresp.jpg,Others,,,approved,visitlisboa,en/events/ahresp-awards,https://www.visitlisboa.com/en/events,4d760ca99baa6e5a7581cdc69cbe42f84bf2f790,,,,,,,,,,,,,,,,
Rock In Rio Lisboa'26,2026-06-20,2026-06-21,,,Lisbon,https://www.visitlisboa.com/en/events,https://www.visitlisboa.com/rails/active_storage/representations/redirect/eyJfcmFpbHMiOnsiZGF0YSI6MjcyNTEsInB1ciI6ImJsb2JfaWQifX0=--59c6140ba0d91b9d8b8809d2b19583a3234bc0c1/eyJfcmFpbHMiOnsiZGF0YSI6eyJmb3JtYXQiOiJqcGciLCJyZXNpemUiOiI1MTJ4NTEyXHUwMDNlIn0sInB1ciI6InZhcmlhdGlvbiJ9fQ==--0ba8b7f58340100b312280e63751a8a851d1f9fb/2026-rock-in-rio-lisboa.jpg,Main Events,,,approved,visitlisboa,en/events/rock-in-rio-lisboa26,https://www.visitlisboa.com/en/events,68974500acd92087c9c8701a16565e6a06954bdf,,,,,,,,,,,,,,,,
Festival Jardins do Marquês'26,2026-06-21,2026-07-08,,,Lisbon,https://www.visitlisboa.com/en/events,https://www.visitlisboa.com/rails/active_storage/representations/redirect/eyJfcmFpbHMiOnsiZGF0YSI6MjY5MzQsInB1ciI6ImJsb2JfaWQifX0=--dd3c34996253a2e6c8d42727ffcc789ffd4975e3/eyJfcmFpbHMiOnsiZGF0YSI6eyJmb3JtYXQiOiJqcGciLCJyZXNpemUiOiI1MTJ4NTEyXHUwMDNlIn0sInB1ciI6InZhcmlhdGlvbiJ9fQ==--0ba8b7f58340100b312280e63751a8a851d1f9fb/2025-jardins-do-marques.jpg,Festivals,,,approved,visitlisboa,en/events/festival-jardins-do-marques-1,https://www.visitlisboa.com/en/events,750091a7b55ae2e8de515b5a96a4bafea0ce1e70,,,,,,,,,,,,,,,,
Estoril Crafts Fair,2026-06-26,2026-08-23,,,Lisbon,https://www.visitlisboa.com/en/events,https://www.visitlisboa.com/rails/active_storage/representations/redirect/eyJfcmFpbHMiOnsiZGF0YSI6MzU3MDgsInB1ciI6ImJsb2JfaWQifX0=--e052de6f23d5ea49d3ccad3dff5fbb93a57c2eaa/eyJfcmFpbHMiOnsiZGF0YSI6eyJmb3JtYXQiOiJqcGciLCJyZXNpemUiOiI1MTJ4NTEyXHUwMDNlIn0sInB1ciI6InZhcmlhdGlvbiJ9fQ==--0ba8b7f58340100b312280e63751a8a851d1f9fb/2026-Feira-de-Artesanato-do-Estoril_GEN.jpg,Fairs,,,approved,visitlisboa,en/events/estoril-crafts-fair,https://www.visitlisboa.com/en/events,f8c9abec5d59e3b2ffe89ba73a61dc2a2cf39858,,,,,,,,,,,,,,,,
Edmazia Mayembe – 15 Years of Me,2026-06-26,,,,Lisbon,https://www.visitlisboa.com/en/events,https://www.visitlisboa.com/rails/active_storage/representations/redirect/eyJfcmFpbHMiOnsiZGF0YSI6MzQyMjEsInB1ciI6ImJsb2JfaWQifX0=--4ffca036f7573d4afa6da0e9c1588927f0b23d47/eyJfcmFpbHMiOnsiZGF0YSI6eyJmb3JtYXQiOiJqcGciLCJyZXNpemUiOiI1MTJ4NTEyXHUwMDNlIn0sInB1ciI6InZhcmlhdGlvbiJ9fQ==--0ba8b7f58340100b312280e63751a8a851d1f9fb/edm%C3%A1zia.jpg,Music,,From €30 to €45,approved,visitlisboa,en/events/edmazia-mayembe-15-years-of-me,https://www.visitlisboa.com/en/events,0818d9f7b932c1ee05b9e3b938d6e6ca0d16327a,,,,,,,,,,,,,,,,
FIA LISBOA - International Handicraft Exhibition'26,2026-06-27,2026-07-05,,,Lisbon,https://www.visitlisboa.com/en/events,https://www.visitlisboa.com/rails/active_storage/representations/redirect/eyJfcmFpbHMiOnsiZGF0YSI6MzA2MzEsInB1ciI6ImJsb2JfaWQifX0=--67632e34e81d0368599ea934b9d0058fab96076c/eyJfcmFpbHMiOnsiZGF0YSI6eyJmb3JtYXQiOiJqcGciLCJyZXNpemUiOiI1MTJ4NTEyXHUwMDNlIn0sInB1ciI6InZhcmlhdGlvbiJ9fQ==--0ba8b7f58340100b312280e63751a8a851d1f9fb/GEN25_1400.jpg,Exhibitions,,,approved,visitlisboa,en/events/fia-international-handicraft-exhibition-1,https://www.visitlisboa.com/en/events,0bb954dec878bef174c8386b09323728448b9092,,,,,,,,,,,,,,,,
Pennywise,2026-06-30,,,,Lisbon,https://www.visitlisboa.com/en/events,https://www.visitlisboa.com/rails/active_storage/representations/redirect/eyJfcmFpbHMiOnsiZGF0YSI6MzY1MTcsInB1ciI6ImJsb2JfaWQifX0=--7a3849d431cb86ba76aabcffbc6175852fe54975/eyJfcmFpbHMiOnsiZGF0YSI6eyJmb3JtYXQiOiJqcGciLCJyZXNpemUiOiI1MTJ4NTEyXHUwMDNlIn0sInB1ciI6InZhcmlhdGlvbiJ9fQ==--0ba8b7f58340100b312280e63751a8a851d1f9fb/visit-lisboa-pennywise.jpg,Music,,From €34,approved,visitlisboa,en/events/pennywise,https://www.visitlisboa.com/en/events,25a057cc17bb19501ef193b4e51f27c4c4b01296,,,,,,,,,,,,,,,,
Portuguese Surf Film Festival,,,,,Lisbon,https://www.visitlisboa.com/en/events,https://www.visitlisboa.com/rails/active_storage/representations/redirect/eyJfcmFpbHMiOnsiZGF0YSI6MzEyNjksInB1ciI6ImJsb2JfaWQifX0=--714715c6a9100c5eb13a8b54bb22db09ab56a2f8/eyJfcmFpbHMiOnsiZGF0YSI6eyJmb3JtYXQiOiJqcGciLCJyZXNpemUiOiI1MTJ4NTEyXHUwMDNlIn0sInB1ciI6InZhcmlhdGlvbiJ9fQ==--0ba8b7f58340100b312280e63751a8a851d1f9fb/145-PSFF.jpg,Exhibitions,,From €5,approved,visitlisboa,en/events/portuguese-surf-film-festival,https://www.visitlisboa.com/en/events,2016c6f5e1bcf490768b7bb278bcedffed02b7ff,,,,,,,,,,,,,,,,
Brunch Electronik Lisboa'26,,,,,Lisbon,https://www.visitlisboa.com/en/events,https://www.visitlisboa.com/rails/active_storage/representations/redirect/eyJfcmFpbHMiOnsiZGF0YSI6MzAyNjQsInB1ciI6ImJsb2JfaWQifX0=--b90c26d6a7e33a1d66d3bb5ac11bf40dd592815d/eyJfcmFpbHMiOnsiZGF0YSI6eyJmb3JtYXQiOiJqcGciLCJyZXNpemUiOiI1MTJ4NTEyXHUwMDNlIn0sInB1ciI6InZhcmlhdGlvbiJ9fQ==--0ba8b7f58340100b312280e63751a8a851d1f9fb/GEN25-brunch-eletronik.jpg,Music,,,approved,visitlisboa,en/events/brunch-electronik-lisboa-l,https://www.visitlisboa.com/en/events,31917c8f82fef7d2af4043f232431b9e58842e90,,,,,,,,,,,,,,,,
Sumol Summer Fest'26,2026-07-03,2026-07-04,,,Lisbon,https://www.visitlisboa.com/en/events,https://www.visitlisboa.com/rails/active_storage/representations/redirect/eyJfcmFpbHMiOnsiZGF0YSI6MzExNjYsInB1ciI6ImJsb2JfaWQifX0=--e740d9a7057afa8b6c6a8577ea6a169356d427d7/eyJfcmFpbHMiOnsiZGF0YSI6eyJmb3JtYXQiOiJqcGciLCJyZXNpemUiOiI1MTJ4NTEyXHUwMDNlIn0sInB1ciI6InZhcmlhdGlvbiJ9fQ==--0ba8b7f58340100b312280e63751a8a851d1f9fb/GEN25-Sumol-Summer-Fest.jpg,Main Events,,,approved,visitlisboa,en/events/sumol-summer-fest_,https://www.visitlisboa.com/en/events,6efe599ecb21456281f8cfed4ed4397a3b3c3f4e,,,,,,,,,,,,,,,,
Red Waistcoat | Vila Franca de Xira,2026-07-03,2026-07-05,,,Lisbon,https://www.visitlisboa.com/en/events,https://www.visitlisboa.com/rails/active_storage/representations/redirect/eyJfcmFpbHMiOnsiZGF0YSI6MTQyMDcsInB1ciI6ImJsb2JfaWQifX0=--73e9c47430cfe4c9167c9e2b8c66f5db9df9c810/eyJfcmFpbHMiOnsiZGF0YSI6eyJmb3JtYXQiOiJqcGciLCJyZXNpemUiOiI1MTJ4NTEyXHUwMDNlIn0sInB1ciI6InZhcmlhdGlvbiJ9fQ==--0ba8b7f58340100b312280e63751a8a851d1f9fb/2023-Festas-do-Colete-Encarnado-Vila-Franca-de-Xira.jpg,Others,,,approved,visitlisboa,en/events/red-waistcoat-vila-franca-de-xira,https://www.visitlisboa.com/en/events,ab6346f652cec78c8105f15f482233561215587e,,,,,,,,,,,,,,,,
Schumann Symphony Cycle,2026-07-03,2026-07-04,,,Lisbon,https://www.visitlisboa.com/en/events,https://www.visitlisboa.com/rails/active_storage/representations/redirect/eyJfcmFpbHMiOnsiZGF0YSI6MzU4NDcsInB1ciI6ImJsb2JfaWQifX0=--2fb89500c67fd848b55c09aeaf713ebf75e35c23/eyJfcmFpbHMiOnsiZGF0YSI6eyJmb3JtYXQiOiJqcGciLCJyZXNpemUiOiI1MTJ4NTEyXHUwMDNlIn0sInB1ciI6InZhcmlhdGlvbiJ9fQ==--0ba8b7f58340100b312280e63751a8a851d1f9fb/visit-lisboa-integral-das-sinfonias-de-schumann.jpg,Music,,From €9 to €17,approved,visitlisboa,en/events/schumann-symphony-cycle,https://www.visitlisboa.com/en/events,04e7d7abb031a98d3e9fe68d0496e0f702709798,,,,,,,,,,,,,,,,
LISB /ON # Jardim Sonoro'26,2026-07-03,2026-07-04,,,Lisbon,https://www.visitlisboa.com/en/events,https://www.visitlisboa.com/rails/active_storage/representations/redirect/eyJfcmFpbHMiOnsiZGF0YSI6MzAxMzAsInB1ciI6ImJsb2JfaWQifX0=--bb15d1a9c6f11943a951b48b3fc264ac67ba196f/eyJfcmFpbHMiOnsiZGF0YSI6eyJmb3JtYXQiOiJqcGciLCJyZXNpemUiOiI1MTJ4NTEyXHUwMDNlIn0sInB1ciI6InZhcmlhdGlvbiJ9fQ==--0ba8b7f58340100b312280e63751a8a851d1f9fb/Gen25_Lisb-on-jardim-sonoro.jpg,Music,,From €50,approved,visitlisboa,en/events/lisb-on-jardim-sonoro,https://www.visitlisboa.com/en/events,0d507cdebd9ec1bfcb1df73d3f2ef1fa4fd958cb,,,,,,,,,,,,,,,,
Evil Live Festival,2026-07-05,,,,Lisbon,https://www.visitlisboa.com/en/events,https://www.visitlisboa.com/rails/active_storage/representations/redirect/eyJfcmFpbHMiOnsiZGF0YSI6MzUzNjMsInB1ciI6ImJsb2JfaWQifX0=--25cc7a225bdf03e984dae8fcb1c6f59dcdc92299/eyJfcmFpbHMiOnsiZGF0YSI6eyJmb3JtYXQiOiJqcGciLCJyZXNpemUiOiI1MTJ4NTEyXHUwMDNlIn0sInB1ciI6InZhcmlhdGlvbiJ9fQ==--0ba8b7f58340100b312280e63751a8a851d1f9fb/evil-rocks-visit-lisboa.jpg,Music,,From €75 to €79,approved,visitlisboa,en/events/evil-live-festival,https://www.visitlisboa.com/en/events,218a571591eb57fbd300399ccfe16522eec0375e,,,,,,,,,,,,,,,,
Ageas Cooljazz'26,2026-07-08,2026-07-31,,,Lisbon,https://www.visitlisboa.com/en/events,https://www.visitlisboa.com/rails/active_storage/representations/redirect/eyJfcmFpbHMiOnsiZGF0YSI6MzYxMDIsInB1ciI6ImJsb2JfaWQifX0=--34f32e04ef23557fd835d86a474f52f1186a46e0/eyJfcmFpbHMiOnsiZGF0YSI6eyJmb3JtYXQiOiJqcGciLCJyZXNpemUiOiI1MTJ4NTEyXHUwMDNlIn0sInB1ciI6InZhcmlhdGlvbiJ9fQ==--0ba8b7f58340100b312280e63751a8a851d1f9fb/2025-cool-jazz-fest-cascais_2.jpg,Main Events,,From €35 to €75,approved,visitlisboa,en/events/ageas-cooljazz,https://www.visitlisboa.com/en/events,154e5cc87e3aec53b0483166a23a8deeb6e78582,,,,,,,,,,,,,,,,
Scorpions,2026-07-08,,,,Lisbon,https://www.visitlisboa.com/en/events,https://www.visitlisboa.com/rails/active_storage/representations/redirect/eyJfcmFpbHMiOnsiZGF0YSI6MzU5MTcsInB1ciI6ImJsb2JfaWQifX0=--919182a5c09ed44fc3b3751d873bf7a790402706/eyJfcmFpbHMiOnsiZGF0YSI6eyJmb3JtYXQiOiJqcGciLCJyZXNpemUiOiI1MTJ4NTEyXHUwMDNlIn0sInB1ciI6InZhcmlhdGlvbiJ9fQ==--0ba8b7f58340100b312280e63751a8a851d1f9fb/visit-lisboa-scorpions.jpg,Music,,From €45 to €65,approved,visitlisboa,en/events/scorpions,https://www.visitlisboa.com/en/events,94c1a034253b856097b281c5a51b1d263616dd73,,,,,,,,,,,,,,,,
NOS Alive'26,2026-07-09,2026-07-11,,,Lisbon,https://www.visitlisboa.com/en/events,https://www.visitlisboa.com/rails/active_storage/representations/redirect/eyJfcmFpbHMiOnsiZGF0YSI6MzAyOTYsInB1ciI6ImJsb2JfaWQifX0=--d432ad2577a696bf555b6e50fa73443e77f461a3/eyJfcmFpbHMiOnsiZGF0YSI6eyJmb3JtYXQiOiJqcGciLCJyZXNpemUiOiI1MTJ4NTEyXHUwMDNlIn0sInB1ciI6InZhcmlhdGlvbiJ9fQ==--0ba8b7f58340100b312280e63751a8a851d1f9fb/GEN25-NOS-Alive.jpg,Main Events,,,approved,visitlisboa,en/events/nos-alive,https://www.visitlisboa.com/en/events,4b90abf996456ac6d480b30f9e1127149f0d11ff,,,,,,,,,,,,,,,,
Lendas do Rock,2026-07-16,2026-07-18,,,Lisbon,https://www.visitlisboa.com/en/events,https://www.visitlisboa.com/rails/active_storage/representations/redirect/eyJfcmFpbHMiOnsiZGF0YSI6MzU1NjcsInB1ciI6ImJsb2JfaWQifX0=--cc22aad05cd14015b08e5ee1de317606710626d8/eyJfcmFpbHMiOnsiZGF0YSI6eyJmb3JtYXQiOiJqcGciLCJyZXNpemUiOiI1MTJ4NTEyXHUwMDNlIn0sInB1ciI6InZhcmlhdGlvbiJ9fQ==--0ba8b7f58340100b312280e63751a8a851d1f9fb/lendas-do-rock-visit-lisboa_2.jpg,Festivals,,,approved,visitlisboa,en/events/lendas-do-rock,https://www.visitlisboa.com/en/events,58fdf765c0165cd03cfe2664f4ede777f0f0d737,,,,,,,,,,,,,,,,
Anitta,2026-07-18,,,,Lisbon,https://www.visitlisboa.com/en/events,https://www.visitlisboa.com/rails/active_storage/representations/redirect/eyJfcmFpbHMiOnsiZGF0YSI6MzY1MjQsInB1ciI6ImJsb2JfaWQifX0=--ab0ec809a9e919f20468b3638a52ce0440095b75/eyJfcmFpbHMiOnsiZGF0YSI6eyJmb3JtYXQiOiJqcGciLCJyZXNpemUiOiI1MTJ4NTEyXHUwMDNlIn0sInB1ciI6InZhcmlhdGlvbiJ9fQ==--0ba8b7f58340100b312280e63751a8a851d1f9fb/visit-lisboa-Anitta_2026_2.jpg,Music,,From €60,approved,visitlisboa,en/events/anitta,https://www.visitlisboa.com/en/events,5a0401cf4569dfcdbe569c2831a8a574151bf62a,,,,,,,,,,,,,,,,
Millennium Estoril Open'26,2026-07-18,2026-07-26,,,Lisbon,https://www.visitlisboa.com/en/events,https://www.visitlisboa.com/rails/active_storage/representations/redirect/eyJfcmFpbHMiOnsiZGF0YSI6MjkxMDYsInB1ciI6ImJsb2JfaWQifX0=--0095a98aa01f03790862a66357f6ac796e571158/eyJfcmFpbHMiOnsiZGF0YSI6eyJmb3JtYXQiOiJqcGciLCJyZXNpemUiOiI1MTJ4NTEyXHUwMDNlIn0sInB1ciI6InZhcmlhdGlvbiJ9fQ==--0ba8b7f58340100b312280e63751a8a851d1f9fb/Millennium-Estoril-Open2025.jpg,Main Events,,,approved,visitlisboa,en/events/millennium-estoril-open-1,https://www.visitlisboa.com/en/events,69fea25bd63c9f5287b6cac7e0c241d22ac05e93,,,,,,,,,,,,,,,,
Belle and Sebastian,2026-07-21,,,,Lisbon,https://www.visitlisboa.com/en/events,https://www.visitlisboa.com/rails/active_storage/representations/redirect/eyJfcmFpbHMiOnsiZGF0YSI6MzY1MTgsInB1ciI6ImJsb2JfaWQifX0=--507ff703cca69d1142bedafe03d2b28b6172b36e/eyJfcmFpbHMiOnsiZGF0YSI6eyJmb3JtYXQiOiJqcGciLCJyZXNpemUiOiI1MTJ4NTEyXHUwMDNlIn0sInB1ciI6InZhcmlhdGlvbiJ9fQ==--0ba8b7f58340100b312280e63751a8a851d1f9fb/visit-lisboa-belle-and-sebastian.jpg,Music,,From €40,approved,visitlisboa,en/events/belle-and-sebastian,https://www.visitlisboa.com/en/events,114165239e99247ae66cddd1eefb13b7d7a9be73,,,,,,,,,,,,,,,,
Pat Metheny,2026-07-27,,,,Lisbon,https://www.visitlisboa.com/en/events,https://www.visitlisboa.com/rails/active_storage/representations/redirect/eyJfcmFpbHMiOnsiZGF0YSI6MzY1MTksInB1ciI6ImJsb2JfaWQifX0=--d585c8d23361e7c9982584b7ed443b3c48657401/eyJfcmFpbHMiOnsiZGF0YSI6eyJmb3JtYXQiOiJqcGciLCJyZXNpemUiOiI1MTJ4NTEyXHUwMDNlIn0sInB1ciI6InZhcmlhdGlvbiJ9fQ==--0ba8b7f58340100b312280e63751a8a851d1f9fb/visit-lisboa-pat-metheny.jpg,Music,,From €40,approved,visitlisboa,en/events/pat-metheny,https://www.visitlisboa.com/en/events,885df576930ec21a61035b2dd1d0cdcb38cf8ffa,,,,,,,,,,,,,,,,
Alpha Blondy,2026-07-31,,,,Lisbon,https://www.visitlisboa.com/en/events,https://www.visitlisboa.com/rails/active_storage/representations/redirect/eyJfcmFpbHMiOnsiZGF0YSI6MzUxMTYsInB1ciI6ImJsb2JfaWQifX0=--08c537cfab591de0712c6258ad90d26ed63ad12b/eyJfcmFpbHMiOnsiZGF0YSI6eyJmb3JtYXQiOiJqcGciLCJyZXNpemUiOiI1MTJ4NTEyXHUwMDNlIn0sInB1ciI6InZhcmlhdGlvbiJ9fQ==--0ba8b7f58340100b312280e63751a8a851d1f9fb/alpha-blondy-visit-lisboa.jpg,Music,,From €40 to €60,approved,visitlisboa,en/events/alpha-blondy,https://www.visitlisboa.com/en/events,1fcc5f6f4bf9132c2d1098cba0eb39691e8583be,,,,,,,,,,,,,,,,
Festas do Mar | Cascais,,,,,Lisbon,https://www.visitlisboa.com/en/events,https://www.visitlisboa.com/rails/active_storage/representations/redirect/eyJfcmFpbHMiOnsiZGF0YSI6MzE3NjIsInB1ciI6ImJsb2JfaWQifX0=--344ae5266db75d782ef98134a684d6b9e65c2ae9/eyJfcmFpbHMiOnsiZGF0YSI6eyJmb3JtYXQiOiJqcGciLCJyZXNpemUiOiI1MTJ4NTEyXHUwMDNlIn0sInB1ciI6InZhcmlhdGlvbiJ9fQ==--0ba8b7f58340100b312280e63751a8a851d1f9fb/cascais.jpg,Main Events,,,approved,visitlisboa,en/events/festas-do-mar-cascais,https://www.visitlisboa.com/en/events,f577f2aee6166e6ecbc65655080c4393e0afd63c,,,,,,,,,,,,,,,,
Jazz em Agosto'26,,,,,Lisbon,https://www.visitlisboa.com/en/events,https://www.visitlisboa.com/rails/active_storage/representations/redirect/eyJfcmFpbHMiOnsiZGF0YSI6Mjk2MzcsInB1ciI6ImJsb2JfaWQifX0=--0db564057d420abae3fd278bd9501dc75e6e6db8/eyJfcmFpbHMiOnsiZGF0YSI6eyJmb3JtYXQiOiJqcGciLCJyZXNpemUiOiI1MTJ4NTEyXHUwMDNlIn0sInB1ciI6InZhcmlhdGlvbiJ9fQ==--0ba8b7f58340100b312280e63751a8a851d1f9fb/JEA-GEN25.jpg,Main Events,,,approved,visitlisboa,en/events/jazz-em-agosto-2,https://www.visitlisboa.com/en/events,7accc1df6f9a4c245bf04a52702ca682daa5eec3,,,,,,,,,,,,,,,,
Festas do Barrete Verde e das Salinas'26,,,,,Lisbon,https://www.visitlisboa.com/en/events,https://www.visitlisboa.com/rails/active_storage/representations/redirect/eyJfcmFpbHMiOnsiZGF0YSI6MzE3MjcsInB1ciI6ImJsb2JfaWQifX0=--f7673b534325c5021ed3bd53298742a8f12921de/eyJfcmFpbHMiOnsiZGF0YSI6eyJmb3JtYXQiOiJqcGciLCJyZXNpemUiOiI1MTJ4NTEyXHUwMDNlIn0sInB1ciI6InZhcmlhdGlvbiJ9fQ==--0ba8b7f58340100b312280e63751a8a851d1f9fb/26-barrete-verde-and-salinas-festival.jpg,Festivals,,Free Entry,approved,visitlisboa,en/events/festas-do-barrete-verde-e-das-salinas_,https://www.visitlisboa.com/en/events,6aeff9178e511bb17475962bd0a60f28c04a599b,,,,,,,,,,,,,,,,
Feira da Luz,,,,,Lisbon,https://www.visitlisboa.com/en/events,https://www.visitlisboa.com/rails/active_storage/representations/redirect/eyJfcmFpbHMiOnsiZGF0YSI6MzU2MjMsInB1ciI6ImJsb2JfaWQifX0=--c818eb952c67ca098a9af9561e14261c94641c0e/eyJfcmFpbHMiOnsiZGF0YSI6eyJmb3JtYXQiOiJqcGciLCJyZXNpemUiOiI1MTJ4NTEyXHUwMDNlIn0sInB1ciI6InZhcmlhdGlvbiJ9fQ==--0ba8b7f58340100b312280e63751a8a851d1f9fb/2026-Feira-da-luz.jpg,Fairs,,Free Entry,approved,visitlisboa,en/events/feira-da-luz-2,https://www.visitlisboa.com/en/events,dfd63e7881bf5cb95bf89e636b369e2ab8d259d5,,,,,,,,,,,,,,,,
O Sol da Caparica'26,2026-08-13,2026-08-16,,,Lisbon,https://www.visitlisboa.com/en/events,https://www.visitlisboa.com/rails/active_storage/representations/redirect/eyJfcmFpbHMiOnsiZGF0YSI6MzE3NjMsInB1ciI6ImJsb2JfaWQifX0=--aadc99e3c123f1993dadf5966e7a52c320f7f094/eyJfcmFpbHMiOnsiZGF0YSI6eyJmb3JtYXQiOiJqcGciLCJyZXNpemUiOiI1MTJ4NTEyXHUwMDNlIn0sInB1ciI6InZhcmlhdGlvbiJ9fQ==--0ba8b7f58340100b312280e63751a8a851d1f9fb/SOL-DA-CAPARICA-GEN25_II.jpg,Main Events,,,approved,visitlisboa,en/events/o-sol-da-caparica_,https://www.visitlisboa.com/en/events,f29fd5f93ff947275c4245ce97039bc9fd90256d,,,,,,,,,,,,,,,,
Meo Kalorama'26,2026-08-28,2026-08-30,,,Lisbon,https://www.visitlisboa.com/en/events,https://www.visitlisboa.com/rails/active_storage/representations/redirect/eyJfcmFpbHMiOnsiZGF0YSI6MzQ2NTAsInB1ciI6ImJsb2JfaWQifX0=--cde4ea7a88b79178b3eb5a044d425f9e0c42e5b5/eyJfcmFpbHMiOnsiZGF0YSI6eyJmb3JtYXQiOiJqcGciLCJyZXNpemUiOiI1MTJ4NTEyXHUwMDNlIn0sInB1ciI6InZhcmlhdGlvbiJ9fQ==--0ba8b7f58340100b312280e63751a8a851d1f9fb/MEO_KLR.jpg,Festivals,,,approved,visitlisboa,en/events/meo-kalorama_,https://www.visitlisboa.com/en/events,12511385dfd68b4d38bd09331f7648663d7f21e1,,,,,,,,,,,,,,,,
X Market,,,,,Lisbon,https://www.visitlisboa.com/en/events,https://www.visitlisboa.com/rails/active_storage/representations/redirect/eyJfcmFpbHMiOnsiZGF0YSI6MzU2ODIsInB1ciI6ImJsb2JfaWQifX0=--716d30c35d3e75e54095aecf1954cdff0a442b2f/eyJfcmFpbHMiOnsiZGF0YSI6eyJmb3JtYXQiOiJqcGciLCJyZXNpemUiOiI1MTJ4NTEyXHUwMDNlIn0sInB1ciI6InZhcmlhdGlvbiJ9fQ==--0ba8b7f58340100b312280e63751a8a851d1f9fb/X-Market-visit-lisboa-xira-2026.jpg,Fairs,,,approved,visitlisboa,en/events/x-market,https://www.visitlisboa.com/en/events,87c7d270eab3922490abb2a70e25d0fedd309b66,,,,,,,,,,,,,,,,
Lisbon Arab Film Festival (LAFF),,,,,Lisbon,https://www.visitlisboa.com/en/events,https://www.visitlisboa.com/rails/active_storage/representations/redirect/eyJfcmFpbHMiOnsiZGF0YSI6MzQwMTMsInB1ciI6ImJsb2JfaWQifX0=--d9ab8ee3a5981af89458b50090a945c6f31a9927/eyJfcmFpbHMiOnsiZGF0YSI6eyJmb3JtYXQiOiJqcGciLCJyZXNpemUiOiI1MTJ4NTEyXHUwMDNlIn0sInB1ciI6InZhcmlhdGlvbiJ9fQ==--0ba8b7f58340100b312280e63751a8a851d1f9fb/LAFF_GEN25_2.jpg,Cinema,,,approved,visitlisboa,en/events/lisbon-arab-film-festival-laff_,https://www.visitlisboa.com/en/events,94ed6c30a52a078f325878120d5b1d4c45a00c27,,,,,,,,,,,,,,,,
MOTELx - Lisbon International Horror Film Festival,,,,,Lisbon,https://www.visitlisboa.com/en/events,https://www.visitlisboa.com/rails/active_storage/representations/redirect/eyJfcmFpbHMiOnsiZGF0YSI6MzU2MjUsInB1ciI6ImJsb2JfaWQifX0=--7eec66bdac820cad27a4a7c24662ce1898a7acf4/eyJfcmFpbHMiOnsiZGF0YSI6eyJmb3JtYXQiOiJqcGciLCJyZXNpemUiOiI1MTJ4NTEyXHUwMDNlIn0sInB1ciI6InZhcmlhdGlvbiJ9fQ==--0ba8b7f58340100b312280e63751a8a851d1f9fb/2026-visit-lisboa-MOTELx-Festival-de-Cinema-de-Terror.jpg,Main Events,,,approved,visitlisboa,en/events/motelx-lisbon-international-horror-film-festival,https://www.visitlisboa.com/en/events,f439d08b85f16a3824c2d8775f917ad3206f8751,,,,,,,,,,,,,,,,
Sintra Bodyboard Pro Fest,2026-09-02,2026-09-06,,,Lisbon,https://www.visitlisboa.com/en/events,https://www.visitlisboa.com/rails/active_storage/representations/redirect/eyJfcmFpbHMiOnsiZGF0YSI6MjI4MjksInB1ciI6ImJsb2JfaWQifX0=--dbc6f51df5951a1e942b46de0426dca8e406bbac/eyJfcmFpbHMiOnsiZGF0YSI6eyJmb3JtYXQiOiJqcGciLCJyZXNpemUiOiI1MTJ4NTEyXHUwMDNlIn0sInB1ciI6InZhcmlhdGlvbiJ9fQ==--0ba8b7f58340100b312280e63751a8a851d1f9fb/SPF_GEN.jpg,Sports,,Free Entry,approved,visitlisboa,en/events/sintra-bodyboard-pro-fest,https://www.visitlisboa.com/en/events,04e6c466a3f5cba2ce74d8811353b161f7515a28,,,,,,,,,,,,,,,,
Come From Away,2026-09-10,2026-10-04,,,Lisbon,https://www.visitlisboa.com/en/events,https://www.visitlisboa.com/rails/active_storage/representations/redirect/eyJfcmFpbHMiOnsiZGF0YSI6MzU5MzYsInB1ciI6ImJsb2JfaWQifX0=--6f4843ab6cbe06460e0d0985b0ba59621c28ab21/eyJfcmFpbHMiOnsiZGF0YSI6eyJmb3JtYXQiOiJqcGciLCJyZXNpemUiOiI1MTJ4NTEyXHUwMDNlIn0sInB1ciI6InZhcmlhdGlvbiJ9fQ==--0ba8b7f58340100b312280e63751a8a851d1f9fb/visit-lisboa-come-from-away.jpg,Theater Opera & Dance,,From €25 to €35,approved,visitlisboa,en/events/come-from-away,https://www.visitlisboa.com/en/events,c480f0e1d3b1a894eb766f0a281fd5dd92c7d7c9,,,,,,,,,,,,,,,,
Iminente Festival'26,2026-09-17,2026-09-20,,,Lisbon,https://www.visitlisboa.com/en/events,https://www.visitlisboa.com/rails/active_storage/representations/redirect/eyJfcmFpbHMiOnsiZGF0YSI6MzI3MjMsInB1ciI6ImJsb2JfaWQifX0=--27894d75b5ae40c402d5011fd2d5a3f32ed62819/eyJfcmFpbHMiOnsiZGF0YSI6eyJmb3JtYXQiOiJqcGciLCJyZXNpemUiOiI1MTJ4NTEyXHUwMDNlIn0sInB1ciI6InZhcmlhdGlvbiJ9fQ==--0ba8b7f58340100b312280e63751a8a851d1f9fb/iminente2026.jpg,Festivals,,,approved,visitlisboa,en/events/iminente-festival-,https://www.visitlisboa.com/en/events,65559cb01012f0019511bcaea6b20244f681fa8a,,,,,,,,,,,,,,,,
Gentleman,2026-09-18,,,,Lisbon,https://www.visitlisboa.com/en/events,https://www.visitlisboa.com/rails/active_storage/representations/redirect/eyJfcmFpbHMiOnsiZGF0YSI6MzUxMTcsInB1ciI6ImJsb2JfaWQifX0=--fc9c7fdd7850693c629ea14ab545d03b61102357/eyJfcmFpbHMiOnsiZGF0YSI6eyJmb3JtYXQiOiJqcGciLCJyZXNpemUiOiI1MTJ4NTEyXHUwMDNlIn0sInB1ciI6InZhcmlhdGlvbiJ9fQ==--0ba8b7f58340100b312280e63751a8a851d1f9fb/gentlemen.jpg,Music,,From €30 to €40,approved,visitlisboa,en/events/gentleman-25,https://www.visitlisboa.com/en/events,f1c6b96e51d27ca78fbd7045b5393abefbb07922,,,,,,,,,,,,,,,,
QUEER LISBOA - International Queer Film Festival'26,2026-09-18,2026-09-26,,,Lisbon,https://www.visitlisboa.com/en/events,https://www.visitlisboa.com/rails/active_storage/representations/redirect/eyJfcmFpbHMiOnsiZGF0YSI6MzU2MjYsInB1ciI6ImJsb2JfaWQifX0=--353b5a9443c40d0ec8ed7e6e03f2275823dd9470/eyJfcmFpbHMiOnsiZGF0YSI6eyJmb3JtYXQiOiJqcGciLCJyZXNpemUiOiI1MTJ4NTEyXHUwMDNlIn0sInB1ciI6InZhcmlhdGlvbiJ9fQ==--0ba8b7f58340100b312280e63751a8a851d1f9fb/2026-visit-lisboa-QUEER-Lisboa.jpg,Main Events,,,approved,visitlisboa,en/events/queer-lisboa-international-queer-film-festival_,https://www.visitlisboa.com/en/events,fde206c6f50ad37713d662de29ceae4ff85baf21,,,,,,,,,,,,,,,,
Fat Freddy’s Drop,2026-09-23,,,,Lisbon,https://www.visitlisboa.com/en/events,https://www.visitlisboa.com/rails/active_storage/representations/redirect/eyJfcmFpbHMiOnsiZGF0YSI6MzY0ODgsInB1ciI6ImJsb2JfaWQifX0=--c8531d33d780ea5974cb42e7f76580d7410bb7a7/eyJfcmFpbHMiOnsiZGF0YSI6eyJmb3JtYXQiOiJqcGciLCJyZXNpemUiOiI1MTJ4NTEyXHUwMDNlIn0sInB1ciI6InZhcmlhdGlvbiJ9fQ==--0ba8b7f58340100b312280e63751a8a851d1f9fb/ffd.jpg,Music,,From €26,approved,visitlisboa,en/events/fat-freddy-s-drop,https://www.visitlisboa.com/en/events,c56eabd87575228314ea98459b1d91f9bf4678e5,,,,,,,,,,,,,,,,
Quinzena de Dança de Almada – International Dance Festival,2026-09-25,2026-10-11,,,Lisbon,https://www.visitlisboa.com/en/events,https://www.visitlisboa.com/rails/active_storage/representations/redirect/eyJfcmFpbHMiOnsiZGF0YSI6MzU2MjksInB1ciI6ImJsb2JfaWQifX0=--22edeb846ffc64798c2135992ee0e7a513184c6c/eyJfcmFpbHMiOnsiZGF0YSI6eyJmb3JtYXQiOiJqcGciLCJyZXNpemUiOiI1MTJ4NTEyXHUwMDNlIn0sInB1ciI6InZhcmlhdGlvbiJ9fQ==--0ba8b7f58340100b312280e63751a8a851d1f9fb/2026-visit-lisboa-Quinzena-de-Danca-de-Almada-International-Dance-Festival.jpg,Theater Opera & Dance,,,approved,visitlisboa,en/events/quinzena-de-danca-de-almada-international-dance-festival-2,https://www.visitlisboa.com/en/events,79173f2a94c4641aea92dab28c7498b88783059c,,,,,,,,,,,,,,,,
Amadora International Comic Festival'26,,,,,Lisbon,https://www.visitlisboa.com/en/events,https://www.visitlisboa.com/rails/active_storage/representations/redirect/eyJfcmFpbHMiOnsiZGF0YSI6MzI5MTMsInB1ciI6ImJsb2JfaWQifX0=--7861a83c2af15c35c03586ef89690ec654960407/eyJfcmFpbHMiOnsiZGF0YSI6eyJmb3JtYXQiOiJqcGciLCJyZXNpemUiOiI1MTJ4NTEyXHUwMDNlIn0sInB1ciI6InZhcmlhdGlvbiJ9fQ==--0ba8b7f58340100b312280e63751a8a851d1f9fb/GEN-Festival-Amadora-BD.jpg,Festivals,,,approved,visitlisboa,en/events/amadora-international-comic-festival-2,https://www.visitlisboa.com/en/events,68d0201217920afa57d48c9095275055a2ff4dff,,,,,,,,,,,,,,,,
French Film Festival'26,,,,,Lisbon,https://www.visitlisboa.com/en/events,https://www.visitlisboa.com/rails/active_storage/representations/redirect/eyJfcmFpbHMiOnsiZGF0YSI6MzI5ODIsInB1ciI6ImJsb2JfaWQifX0=--63809cbab7247fbe2974a8962e81b875d1ebbe21/eyJfcmFpbHMiOnsiZGF0YSI6eyJmb3JtYXQiOiJqcGciLCJyZXNpemUiOiI1MTJ4NTEyXHUwMDNlIn0sInB1ciI6InZhcmlhdGlvbiJ9fQ==--0ba8b7f58340100b312280e63751a8a851d1f9fb/GEN25-Festa-do-Cinema-Franc%C3%AAs_vl.jpg,Main Events,,,approved,visitlisboa,en/events/french-film-festival-2,https://www.visitlisboa.com/en/events,cabbfebe03e642603924b04aa4a52171c585cdfa,,,,,,,,,,,,,,,,
ModaLisboa - Lisboa Fashion Week'26,,,,,Lisbon,https://www.visitlisboa.com/en/events,https://www.visitlisboa.com/rails/active_storage/representations/redirect/eyJfcmFpbHMiOnsiZGF0YSI6MzIzMjEsInB1ciI6ImJsb2JfaWQifX0=--f876a8b2fc62c9798ad12a4856c81e93b68d6347/eyJfcmFpbHMiOnsiZGF0YSI6eyJmb3JtYXQiOiJqcGciLCJyZXNpemUiOiI1MTJ4NTEyXHUwMDNlIn0sInB1ciI6InZhcmlhdGlvbiJ9fQ==--0ba8b7f58340100b312280e63751a8a851d1f9fb/GEN25-Moda-Lisboa-Lisboa-Fashion-Week.jpg,Main Events,,Free Entry,approved,visitlisboa,en/events/modalisboa-lisboa-fashion-week-oct,https://www.visitlisboa.com/en/events,62cb053258f2a9c139934f08a226f62993e469e9,,,,,,,,,,,,,,,,
MIL - Lisbon International Music Network'26,,,,,Lisbon,https://www.visitlisboa.com/en/events,https://www.visitlisboa.com/rails/active_storage/representations/redirect/eyJfcmFpbHMiOnsiZGF0YSI6MzI5ODcsInB1ciI6ImJsb2JfaWQifX0=--2854d40a26ac9bfb97cfc2f51456b7704eb70caa/eyJfcmFpbHMiOnsiZGF0YSI6eyJmb3JtYXQiOiJqcGciLCJyZXNpemUiOiI1MTJ4NTEyXHUwMDNlIn0sInB1ciI6InZhcmlhdGlvbiJ9fQ==--0ba8b7f58340100b312280e63751a8a851d1f9fb/gen25-mil-LISBON-INTERNATIONAL-MUSIC-NETWORK.jpg,Music,,,approved,visitlisboa,en/events/mil-lisbon-international-music-network23,https://www.visitlisboa.com/en/events,32f0d678cc8493949c108d96e46e2b2e5580fbc6,,,,,,,,,,,,,,,,
Out Fest,,,,,Lisbon,https://www.visitlisboa.com/en/events,https://www.visitlisboa.com/rails/active_storage/representations/redirect/eyJfcmFpbHMiOnsiZGF0YSI6MzI5MjQsInB1ciI6ImJsb2JfaWQifX0=--ea22e68d69cb1d0f7b9e072b97a696f8940e6ef6/eyJfcmFpbHMiOnsiZGF0YSI6eyJmb3JtYXQiOiJqcGciLCJyZXNpemUiOiI1MTJ4NTEyXHUwMDNlIn0sInB1ciI6InZhcmlhdGlvbiJ9fQ==--0ba8b7f58340100b312280e63751a8a851d1f9fb/outfest-vl.jpg,Festivals,,,approved,visitlisboa,en/events/out-fest,https://www.visitlisboa.com/en/events,119101697a4d81fc5fe462b3735b860b5b930f83,,,,,,,,,,,,,,,,
Festival Big Bang'26,,,,,Lisbon,https://www.visitlisboa.com/en/events,https://www.visitlisboa.com/rails/active_storage/representations/redirect/eyJfcmFpbHMiOnsiZGF0YSI6NzIyMSwicHVyIjoiYmxvYl9pZCJ9fQ==--2e382d989b8f476bb80b2c9e951d7e917c0acba1/eyJfcmFpbHMiOnsiZGF0YSI6eyJmb3JtYXQiOiJqcGciLCJyZXNpemUiOiI1MTJ4NTEyXHUwMDNlIn0sInB1ciI6InZhcmlhdGlvbiJ9fQ==--0ba8b7f58340100b312280e63751a8a851d1f9fb/BIG-BANG-LX19_2.jpg,Main Events,,From €2.5,approved,visitlisboa,en/events/festival-big-bang-I,https://www.visitlisboa.com/en/events,9b49bedcc93ef3271fe1d47e6f34ff901c04c104,,,,,,,,,,,,,,,,
Intercasa,2026-10-09,2026-10-13,,,Lisbon,https://www.visitlisboa.com/en/events,https://www.visitlisboa.com/rails/active_storage/representations/redirect/eyJfcmFpbHMiOnsiZGF0YSI6MzU2MzQsInB1ciI6ImJsb2JfaWQifX0=--7164a7d8d15ca78e01b976936e680b5f5b99f49f/eyJfcmFpbHMiOnsiZGF0YSI6eyJmb3JtYXQiOiJqcGciLCJyZXNpemUiOiI1MTJ4NTEyXHUwMDNlIn0sInB1ciI6InZhcmlhdGlvbiJ9fQ==--0ba8b7f58340100b312280e63751a8a851d1f9fb/2026-visit-lisboa-intercasa.jpg,Fairs,,,approved,visitlisboa,en/events/intercasa,https://www.visitlisboa.com/en/events,05e8d73090deceeffa3260fdbadefc3c95a24493,,,,,,,,,,,,,,,,
EDP Lisbon Marathon'26,2026-10-10,,,,Lisbon,https://www.visitlisboa.com/en/events,https://www.visitlisboa.com/rails/active_storage/representations/redirect/eyJfcmFpbHMiOnsiZGF0YSI6Nzc4MywicHVyIjoiYmxvYl9pZCJ9fQ==--63fde333641e47d1ffd4263c6da04216a2dbc75f/eyJfcmFpbHMiOnsiZGF0YSI6eyJmb3JtYXQiOiJqcGciLCJyZXNpemUiOiI1MTJ4NTEyXHUwMDNlIn0sInB1ciI6InZhcmlhdGlvbiJ9fQ==--0ba8b7f58340100b312280e63751a8a851d1f9fb/Maratona-de-Lisboa-Edp.jpg,Main Events,,,approved,visitlisboa,en/events/edp-lisbon-marathon,https://www.visitlisboa.com/en/events,22556f79e3a15640733932cb07493576c581e80f,,,,,,,,,,,,,,,,
doclisboa - International Film Festival'26,2026-10-15,2026-10-25,,,Lisbon,https://www.visitlisboa.com/en/events,https://www.visitlisboa.com/rails/active_storage/representations/redirect/eyJfcmFpbHMiOnsiZGF0YSI6MzI5MTYsInB1ciI6ImJsb2JfaWQifX0=--aa4856e81201b60c8f07ed3a3eca518006488971/eyJfcmFpbHMiOnsiZGF0YSI6eyJmb3JtYXQiOiJqcGciLCJyZXNpemUiOiI1MTJ4NTEyXHUwMDNlIn0sInB1ciI6InZhcmlhdGlvbiJ9fQ==--0ba8b7f58340100b312280e63751a8a851d1f9fb/gen25-Doc-Lisboa.jpg,Main Events,,,approved,visitlisboa,en/events/doclisboa-international-film-festival,https://www.visitlisboa.com/en/events,d33f4376e5bf09f323cd04edd33f6a6bbe97d966,,,,,,,,,,,,,,,,
Alphaville,2026-10-16,,,,Lisbon,https://www.visitlisboa.com/en/events,https://www.visitlisboa.com/rails/active_storage/representations/redirect/eyJfcmFpbHMiOnsiZGF0YSI6MzY0ODksInB1ciI6ImJsb2JfaWQifX0=--a92eab997bee6071e3a810257af32bd807704fdf/eyJfcmFpbHMiOnsiZGF0YSI6eyJmb3JtYXQiOiJqcGciLCJyZXNpemUiOiI1MTJ4NTEyXHUwMDNlIn0sInB1ciI6InZhcmlhdGlvbiJ9fQ==--0ba8b7f58340100b312280e63751a8a851d1f9fb/alphav.jpg,Music,,From €45,approved,visitlisboa,en/events/alphaville,https://www.visitlisboa.com/en/events,7c88f440946ed51cf0ac723df759d29cdaf765d5,,,,,,,,,,,,,,,,
IRONMAN Portugal,2026-10-17,,,,Lisbon,https://www.visitlisboa.com/en/events,https://www.visitlisboa.com/rails/active_storage/representations/redirect/eyJfcmFpbHMiOnsiZGF0YSI6MzU2MzcsInB1ciI6ImJsb2JfaWQifX0=--92d002a426f2f80acbe153a6ec25dbbbf9362180/eyJfcmFpbHMiOnsiZGF0YSI6eyJmb3JtYXQiOiJqcGciLCJyZXNpemUiOiI1MTJ4NTEyXHUwMDNlIn0sInB1ciI6InZhcmlhdGlvbiJ9fQ==--0ba8b7f58340100b312280e63751a8a851d1f9fb/2026-visit-lisboa-Ironman-cascais.jpg,Sports,,,approved,visitlisboa,en/events/ironman-portugal,https://www.visitlisboa.com/en/events,9e761573daa9b683bff7246101f863929c6e7269,,,,,,,,,,,,,,,,
Drawing Room Lisboa'26,2026-10-22,2026-10-25,,,Lisbon,https://www.visitlisboa.com/en/events,https://www.visitlisboa.com/rails/active_storage/representations/redirect/eyJfcmFpbHMiOnsiZGF0YSI6MzIzMjMsInB1ciI6ImJsb2JfaWQifX0=--9fb62d6a2ffe52b8f5136bd0c20efbb370f0f70f/eyJfcmFpbHMiOnsiZGF0YSI6eyJmb3JtYXQiOiJqcGciLCJyZXNpemUiOiI1MTJ4NTEyXHUwMDNlIn0sInB1ciI6InZhcmlhdGlvbiJ9fQ==--0ba8b7f58340100b312280e63751a8a851d1f9fb/GEN25-Drawing-Room.jpg,Exhibitions,,,approved,visitlisboa,en/events/drawing-room-lisboa,https://www.visitlisboa.com/en/events,e196b34bf28edeb4a7b5e38afedc226afe911e0b,,,,,,,,,,,,,,,,
Anastacia NTK Tour,2026-10-27,,,,Lisbon,https://www.visitlisboa.com/en/events,https://www.visitlisboa.com/rails/active_storage/representations/redirect/eyJfcmFpbHMiOnsiZGF0YSI6MzY0OTAsInB1ciI6ImJsb2JfaWQifX0=--69f10f9c3d161c120f65f3e9b062d976e15b150f/eyJfcmFpbHMiOnsiZGF0YSI6eyJmb3JtYXQiOiJqcGciLCJyZXNpemUiOiI1MTJ4NTEyXHUwMDNlIn0sInB1ciI6InZhcmlhdGlvbiJ9fQ==--0ba8b7f58340100b312280e63751a8a851d1f9fb/visit-lisboa-anastacia.jpg,Music,,From €40,approved,visitlisboa,en/events/anastacia-ntk-tour,https://www.visitlisboa.com/en/events,7a74e3e0dd2240aa138a7c6d8cc4a01963c35961,,,,,,,,,,,,,,,,
"Novembro, Mês do Torricado e dos Sabores do Campo",2026-11-01,2026-11-30,,,Lisbon,https://www.visitlisboa.com/en/events,https://www.visitlisboa.com/rails/active_storage/representations/redirect/eyJfcmFpbHMiOnsiZGF0YSI6MzQwODIsInB1ciI6ImJsb2JfaWQifX0=--bccdfd1e2ee06ca0e946f3f944616242dd75532f/eyJfcmFpbHMiOnsiZGF0YSI6eyJmb3JtYXQiOiJqcGciLCJyZXNpemUiOiI1MTJ4NTEyXHUwMDNlIn0sInB1ciI6InZhcmlhdGlvbiJ9fQ==--0ba8b7f58340100b312280e63751a8a851d1f9fb/2025_gastronomia-vila-franca-de-xira.jpg,Others,,,approved,visitlisboa,en/events/novembro-mes-do-torricado-e-dos-sabores-do-campo,https://www.visitlisboa.com/en/events,9fc731b3d8279c4812695b61404543df25faa67d,,,,,,,,,,,,,,,,
Misty Fest'26,,,,,Lisbon,https://www.visitlisboa.com/en/events,https://www.visitlisboa.com/rails/active_storage/representations/redirect/eyJfcmFpbHMiOnsiZGF0YSI6MzM5ODgsInB1ciI6ImJsb2JfaWQifX0=--b430372f9d66e53959fc9127210a9f78b3fa04be/eyJfcmFpbHMiOnsiZGF0YSI6eyJmb3JtYXQiOiJqcGciLCJyZXNpemUiOiI1MTJ4NTEyXHUwMDNlIn0sInB1ciI6InZhcmlhdGlvbiJ9fQ==--0ba8b7f58340100b312280e63751a8a851d1f9fb/misty_GEN25.jpg,Main Events,,,approved,visitlisboa,en/events/misty-fest-2,https://www.visitlisboa.com/en/events,672d48b9f0816fb7f49144605573e84d7fe20a8a,,,,,,,,,,,,,,,,
APA's Autumn Fair - Art and Antiques,,,,,Lisbon,https://www.visitlisboa.com/en/events,https://www.visitlisboa.com/rails/active_storage/representations/redirect/eyJfcmFpbHMiOnsiZGF0YSI6MzM2NjgsInB1ciI6ImJsb2JfaWQifX0=--1794b78d548285c8ad3fe6ae24a0cfdde2d53e0d/eyJfcmFpbHMiOnsiZGF0YSI6eyJmb3JtYXQiOiJqcGciLCJyZXNpemUiOiI1MTJ4NTEyXHUwMDNlIn0sInB1ciI6InZhcmlhdGlvbiJ9fQ==--0ba8b7f58340100b312280e63751a8a851d1f9fb/GEN25_APA.jpg,Fairs,,,approved,visitlisboa,en/events/apa-s-autumn-fair-art-and-antiques,https://www.visitlisboa.com/en/events,32ad945f5c2fa9dd5a694fb555b5cb7dc9260871,,,,,,,,,,,,,,,,
Alkantara Festival'26,,,,,Lisbon,https://www.visitlisboa.com/en/events,https://www.visitlisboa.com/rails/active_storage/representations/redirect/eyJfcmFpbHMiOnsiZGF0YSI6MzM5ODksInB1ciI6ImJsb2JfaWQifX0=--5fd970e5625219b8ebe721797d10431b12fd60ef/eyJfcmFpbHMiOnsiZGF0YSI6eyJmb3JtYXQiOiJqcGciLCJyZXNpemUiOiI1MTJ4NTEyXHUwMDNlIn0sInB1ciI6InZhcmlhdGlvbiJ9fQ==--0ba8b7f58340100b312280e63751a8a851d1f9fb/2025-alkantara-festival.jpg,Main Events,,,approved,visitlisboa,en/events/alkantara-festival-2,https://www.visitlisboa.com/en/events,32ed8ec434ac552384720bc27ff350dde3c54585,,,,,,,,,,,,,,,,
Lisbon Art Weekend'26,2026-11-05,2026-11-08,,,Lisbon,https://www.visitlisboa.com/en/events,https://www.visitlisboa.com/rails/active_storage/representations/redirect/eyJfcmFpbHMiOnsiZGF0YSI6NzY3OCwicHVyIjoiYmxvYl9pZCJ9fQ==--98b0c9d45d573e65801e375c3fc97a661b592156/eyJfcmFpbHMiOnsiZGF0YSI6eyJmb3JtYXQiOiJqcGciLCJyZXNpemUiOiI1MTJ4NTEyXHUwMDNlIn0sInB1ciI6InZhcmlhdGlvbiJ9fQ==--0ba8b7f58340100b312280e63751a8a851d1f9fb/2019-Lisbon-Week-Art.jpg,Festivals,,Free Entry,approved,visitlisboa,en/events/lisbon-art-weekend,https://www.visitlisboa.com/en/events,d1aa8dd672a893c2365fcf2b151d2ebf2f290c17,,,,,,,,,,,,,,,,
LEFFEST | Lisboa Film Festival'26,2026-11-06,2026-11-15,,,Lisbon,https://www.visitlisboa.com/en/events,https://www.visitlisboa.com/rails/active_storage/representations/redirect/eyJfcmFpbHMiOnsiZGF0YSI6MzU2NjIsInB1ciI6ImJsb2JfaWQifX0=--3b2b12395b91052bf193089d3f65c551b0055d77/eyJfcmFpbHMiOnsiZGF0YSI6eyJmb3JtYXQiOiJqcGciLCJyZXNpemUiOiI1MTJ4NTEyXHUwMDNlIn0sInB1ciI6InZhcmlhdGlvbiJ9fQ==--0ba8b7f58340100b312280e63751a8a851d1f9fb/2026-visit-lisboa-Lisbon-Film-Festival_2.jpg,Main Events,,,approved,visitlisboa,en/events/leffest-lisboa-film-festival_,https://www.visitlisboa.com/en/events,624d37a809b0536a547f49935e33043d6758a736,,,,,,,,,,,,,,,,
Web Summit Lisboa'26,2026-11-09,2026-11-12,,,Lisbon,https://www.visitlisboa.com/en/events,https://www.visitlisboa.com/rails/active_storage/representations/redirect/eyJfcmFpbHMiOnsiZGF0YSI6MzU2NjYsInB1ciI6ImJsb2JfaWQifX0=--9208c20461931313dcc9bda422340c3187130ef3/eyJfcmFpbHMiOnsiZGF0YSI6eyJmb3JtYXQiOiJqcGciLCJyZXNpemUiOiI1MTJ4NTEyXHUwMDNlIn0sInB1ciI6InZhcmlhdGlvbiJ9fQ==--0ba8b7f58340100b312280e63751a8a851d1f9fb/Web-Summit-Lisboa.jpg,Main Events,,,approved,visitlisboa,en/events/web-summit-lisboa,https://www.visitlisboa.com/en/events,8f356912f01bb3a3ce73e2288faa319d629a946a,,,,,,,,,,,,,,,,
Xira Wine Fest,2026-11-13,2026-11-15,,,Lisbon,https://www.visitlisboa.com/en/events,https://www.visitlisboa.com/rails/active_storage/representations/redirect/eyJfcmFpbHMiOnsiZGF0YSI6MjI4ODcsInB1ciI6ImJsb2JfaWQifX0=--01b9350b9a326ba51d64b466e157efa981b272b8/eyJfcmFpbHMiOnsiZGF0YSI6eyJmb3JtYXQiOiJqcGciLCJyZXNpemUiOiI1MTJ4NTEyXHUwMDNlIn0sInB1ciI6InZhcmlhdGlvbiJ9fQ==--0ba8b7f58340100b312280e63751a8a851d1f9fb/xira_wine_fest-semdata.jpg,Others,,,approved,visitlisboa,en/events/xira-wine-fest,https://www.visitlisboa.com/en/events,57de56d18a5fa03013d276f851ee1e653bb1d5ef,,,,,,,,,,,,,,,,
InShadow - Lisbon ScreenDance Festival'26,2026-11-15,2026-12-15,,,Lisbon,https://www.visitlisboa.com/en/events,https://www.visitlisboa.com/rails/active_storage/representations/redirect/eyJfcmFpbHMiOnsiZGF0YSI6MzU2NDQsInB1ciI6ImJsb2JfaWQifX0=--639771c964a7a9178a1986ee30f5d5cbf21d398d/eyJfcmFpbHMiOnsiZGF0YSI6eyJmb3JtYXQiOiJqcGciLCJyZXNpemUiOiI1MTJ4NTEyXHUwMDNlIn0sInB1ciI6InZhcmlhdGlvbiJ9fQ==--0ba8b7f58340100b312280e63751a8a851d1f9fb/visit-lisboa-In-Shadow-Festival-2026.jpg,Festivals,,,approved,visitlisboa,en/events/inshadow-lisbon-screendance-festival,https://www.visitlisboa.com/en/events,b1bfe6629ea5ebd8e9b5d2b026d5e6775ba5fd37,,,,,,,,,,,,,,,,
Lisboa Games Week'26,2026-11-19,2026-11-22,,,Lisbon,https://www.visitlisboa.com/en/events,https://www.visitlisboa.com/rails/active_storage/representations/redirect/eyJfcmFpbHMiOnsiZGF0YSI6MTU4MTAsInB1ciI6ImJsb2JfaWQifX0=--35d28e24baa629ff051da84125e5b857446e391f/eyJfcmFpbHMiOnsiZGF0YSI6eyJmb3JtYXQiOiJqcGciLCJyZXNpemUiOiI1MTJ4NTEyXHUwMDNlIn0sInB1ciI6InZhcmlhdGlvbiJ9fQ==--0ba8b7f58340100b312280e63751a8a851d1f9fb/Lisboa-Games-WeeK.jpg,Festivals,,,approved,visitlisboa,en/events/lisboa-games-week_,https://www.visitlisboa.com/en/events,6fea59d255603e9ad284345f6b510ea7ca9a79e7,,,,,,,,,,,,,,,,
This is Michael,2026-11-20,,,,Lisbon,https://www.visitlisboa.com/en/events,https://www.visitlisboa.com/rails/active_storage/representations/redirect/eyJfcmFpbHMiOnsiZGF0YSI6MzY0OTUsInB1ciI6ImJsb2JfaWQifX0=--6d5ac35f3055e54517c434dc95f335fe22e3f8f6/eyJfcmFpbHMiOnsiZGF0YSI6eyJmb3JtYXQiOiJqcGciLCJyZXNpemUiOiI1MTJ4NTEyXHUwMDNlIn0sInB1ciI6InZhcmlhdGlvbiJ9fQ==--0ba8b7f58340100b312280e63751a8a851d1f9fb/visit-lisboa-this-is-michael.jpg,Music,,From €27,approved,visitlisboa,en/events/this-is-michael,https://www.visitlisboa.com/en/events,0bc0cf11c5496309c542d913ef9ecc7e34c7ad3d,,,,,,,,,,,,,,,,
Monstra - Lisboa Animation Film Festival'27,,,,,Lisbon,https://www.visitlisboa.com/en/events,https://www.visitlisboa.com/rails/active_storage/representations/redirect/eyJfcmFpbHMiOnsiZGF0YSI6MTQyMjcsInB1ciI6ImJsb2JfaWQifX0=--a416a49f8b0cb17794c1c865d31bac76d6db25c1/eyJfcmFpbHMiOnsiZGF0YSI6eyJmb3JtYXQiOiJqcGciLCJyZXNpemUiOiI1MTJ4NTEyXHUwMDNlIn0sInB1ciI6InZhcmlhdGlvbiJ9fQ==--0ba8b7f58340100b312280e63751a8a851d1f9fb/monstra-festival-de-animacao-de-lisboa.jpg,Main Events,,,approved,visitlisboa,en/events/monstra-lisboa-animation-film-festival_,https://www.visitlisboa.com/en/events,1dd00055e0d9d62536dd8e093d863bc6aaabfc43,,,,,,,,,,,,,,,,
Lisbon Half Marathon'27,,,,,Lisbon,https://www.visitlisboa.com/en/events,https://www.visitlisboa.com/rails/active_storage/representations/redirect/eyJfcmFpbHMiOnsiZGF0YSI6NDczNiwicHVyIjoiYmxvYl9pZCJ9fQ==--a568fbc8651711ac47cbb4f47b9197dd530acd88/eyJfcmFpbHMiOnsiZGF0YSI6eyJmb3JtYXQiOiJqcGciLCJyZXNpemUiOiI1MTJ4NTEyXHUwMDNlIn0sInB1ciI6InZhcmlhdGlvbiJ9fQ==--0ba8b7f58340100b312280e63751a8a851d1f9fb/lisbon-half-marathon-19-cover.jpg,Main Events,,,approved,visitlisboa,en/events/lisbon-half-marathon-2,https://www.visitlisboa.com/en/events,879e0e38ee181b6e636a858662aa5497f8927fb5,,,,,,,,,,,,,,,,
Futurália,,,,,Lisbon,https://www.visitlisboa.com/en/events,https://www.visitlisboa.com/rails/active_storage/representations/redirect/eyJfcmFpbHMiOnsiZGF0YSI6MzY1NDcsInB1ciI6ImJsb2JfaWQifX0=--6103aba0cc4d2445a1fd69da15db5839ac00ecde/eyJfcmFpbHMiOnsiZGF0YSI6eyJmb3JtYXQiOiJqcGciLCJyZXNpemUiOiI1MTJ4NTEyXHUwMDNlIn0sInB1ciI6InZhcmlhdGlvbiJ9fQ==--0ba8b7f58340100b312280e63751a8a851d1f9fb/GEN-futuralia.jpg,Fairs,,,approved,visitlisboa,en/events/futuralia-,https://www.visitlisboa.com/en/events,bdd4aca15faa6257a1e2209c39aee220593492c5,,,,,,,,,,,,,,,,
Italian Film Festival'27,,,,,Lisbon,https://www.visitlisboa.com/en/events,https://www.visitlisboa.com/rails/active_storage/representations/redirect/eyJfcmFpbHMiOnsiZGF0YSI6MzcxNTMsInB1ciI6ImJsb2JfaWQifX0=--c38fb142231e08cf59998a29a4fcf909a6e5a226/eyJfcmFpbHMiOnsiZGF0YSI6eyJmb3JtYXQiOiJqcGciLCJyZXNpemUiOiI1MTJ4NTEyXHUwMDNlIn0sInB1ciI6InZhcmlhdGlvbiJ9fQ==--0ba8b7f58340100b312280e63751a8a851d1f9fb/2026-festa-do-cinema-italiano.jpg,Main Events,,,approved,visitlisboa,en/events/italian-film-festival_,https://www.visitlisboa.com/en/events,155896ab29f6818abb83f2f628c526b3c715806a,,,,,,,,,,,,,,,,
Banhos de Floresta,2026-03-14,2026-03-28,Parque Florestal de Monsanto - Centro de Interpretação de Monsanto,"Estrada do Barcal, Monte das Perdizes, 1500, Lisboa",Lisboa,https://www.agendalx.pt/wp-json/agendalx/v1/events,https://www.agendalx.pt/content/uploads/2024/04/banhos_de_floresta.webp,visitas guiadas,,free,approved,agendalx,189919,https://www.agendalx.pt/wp-json/agendalx/v1/events,b2bc6ef128bc48f34a42b65cd937e5306c6b38e2,"<em>Banhos de Floresta</em> é uma prática oriunda do Japão e consiste num percurso, guiado por um técnico certificado, onde os participantes são convidados a uma conexão com a natureza através...","ar livre, gratuito, mindfulness",,visitas guiadas,,,38.7397004,-9.1839561,http://www.cm-lisboa.pt,218 170 200,,,,sao-domingos-de-benfica,,
Teresa Couto Pinto,2026-03-14,2026-04-26,MUDE - Museu do Design,"Rua Augusta, 24, 1100-053, Lisboa",Lisboa,https://www.agendalx.pt/wp-json/agendalx/v1/events,https://www.agendalx.pt/content/uploads/2025/12/Variacoes-00294.jpg,artes,,,approved,agendalx,225415,https://www.agendalx.pt/wp-json/agendalx/v1/events,c6617cf2b0e5a57e4ee26995f293d3281a7c61a3,"Em 1981, António Variações (1944–1984) irrompe no panorama nacional através de <em>O Passeio dos Alegres</em>, de Júlio Isidro, revelando-se como uma das figuras mais singulares da música pop...","fotografia, vestuário",,artes,,,38.709176,-9.136667,http://www.mude.pt,218 171 892,Email geral: mude@cm-lisboa.pt,"Abril a setembro: Terça a quinta, das 10h às 19h | sexta e sábado, das 10h às 21h | domingos e feriados, das 10h às 19h
Outubro a março: Terça a quinta, das 10h às 18h | sexta e sábado, das 10h às 20h | domingos e feriados, das 10h às 18h

Encerra a 25 de dezembro e 1 de janeiro","equipamento-municipal, museu",santa-maria-maior,,
Monte Santo: Uma viagem ao Parque Florestal de Monsanto,2026-03-14,2026-03-28,Parque Florestal de Monsanto - Centro de Interpretação de Monsanto,"Estrada do Barcal, Monte das Perdizes, 1500, Lisboa",Lisboa,https://www.agendalx.pt/wp-json/agendalx/v1/events,https://www.agendalx.pt/content/uploads/2026/01/janeiro_em_monsanto.webp,"cinema, visitas guiadas",,free,approved,agendalx,228408,https://www.agendalx.pt/wp-json/agendalx/v1/events,bbe811c145c394147de4f96114abd2ce21c0aa30,"Comece a experiência com uma visita guiada à exposição <em>9 Décadas do Parque Florestal de Monsanto</em>, onde descobrirá como uma serra quase despida de árvores se transformou, ao longo de qu...",gratuito,,"cinema, visitas guiadas",,,38.7397004,-9.1839561,http://www.cm-lisboa.pt,218 170 200,,,,sao-domingos-de-benfica,,
Antes de ser independência foi luta de libertação,2026-03-14,2026-04-30,Museu do Aljube – Resistência e Liberdade,"Rua de Augusto Rosa, 42, 1100-532, Lisboa",Lisboa,https://www.agendalx.pt/wp-json/agendalx/v1/events,https://www.agendalx.pt/content/uploads/2026/01/Africa-em-Luta.jpg,ciências,,,approved,agendalx,229417,https://www.agendalx.pt/wp-json/agendalx/v1/events,265cbb0ae10d0e181561f7b3e88f8816fcdcfe0c,"Celebrar os 50 anos das independências explorando o arquivo do Museu do Aljube, e tentando gerar mais pensamento e ação anticolonial e antirracista, abolicionista de todas as formas de violência.","África, descolonização",,ciências,,,38.710173,-9.13255,http://www.museudoaljube.pt,215 818 535,info@museudoaljube.pt,,equipamento-municipal,santa-maria-maior,,
Pedro Barateiro,2026-03-14,2026-03-14,Galeria Francisco Fino,"Rua Capitão Leitão 76, 1950-013, Lisboa",Lisboa,https://www.agendalx.pt/wp-json/agendalx/v1/events,https://www.agendalx.pt/content/uploads/2026/01/pedro.jpg,artes,,,approved,agendalx,230085,https://www.agendalx.pt/wp-json/agendalx/v1/events,e0afa27d6727d2fc0e5f02f2012ad929fee1e912,"<em>Folklore (Part 2)</em> é um projeto de Pedro Barateiro, com a participação do Atelier Daciano da Costa e da editora Duvida Press. A exposição tem como ponto de partida uma fotografia realizad...",,,artes,,,38.7384901,-9.1053759,http://www.franciscofino.com,215 842 211,,,galeria,marvila,,
Alberto Reguera,2026-03-14,2026-03-25,Galeria de São Mamede,"Rua da Escola Politécnica, 167, 1250-096, Lisboa",Lisboa,https://www.agendalx.pt/wp-json/agendalx/v1/events,https://www.agendalx.pt/content/uploads/2026/02/294-13-INSPIRACIONES-ORIENTALES.-Alberto-Reguera-2025.-132-x-160-cm.jpg,artes,,,approved,agendalx,231264,https://www.agendalx.pt/wp-json/agendalx/v1/events,4b04e1e0ade08bd0464b72b7805c29675ea03e13,"Alberto Reguera (Segóvia, 1961) é um prestigiado artista espanhol que divide a sua atividade entre Madrid e Paris. Com uma carreira premiada desde cedo pelo Institut de France e pelo Prémio Ojo Cr?...",pintura,,artes,,,38.718529,-9.152985,http://www.saomamede.com,213 973 255,,,galeria,santo-antonio,,
Pedro Jaime Vasconcelos,2026-03-14,2026-03-31,Museu Nacional de História Natural e da Ciência,"Rua da Escola Politécnica 56/58, 1250-096, Lisboa",Lisboa,https://www.agendalx.pt/wp-json/agendalx/v1/events,https://www.agendalx.pt/content/uploads/2026/02/Imagem1-16.jpg,artes,,,approved,agendalx,231606,https://www.agendalx.pt/wp-json/agendalx/v1/events,54bdd602a83358d3d406bf5fa153038f4b035b44,"Mais uma vez, Pedro Jaime Vasconcelos utiliza as ""Peep Boxes"" como suporte de observação e reflexão.",instalação,,artes,,,38.7176254,-9.1508623,http://www.museus.ulisboa.pt,213 921 800,,,museu,santo-antonio,,
Patel Rebelo,2026-03-14,2026-04-07,CNAP - Clube Nacional de Artes Plásticas,"Rua Professor Francisco Gentil 8 D/E, 1600-624, Lisboa",Lisboa,https://www.agendalx.pt/wp-json/agendalx/v1/events,https://www.agendalx.pt/content/uploads/2026/02/Imagem4.jpg,artes,,,approved,agendalx,232046,https://www.agendalx.pt/wp-json/agendalx/v1/events,134c49a4923c2bacbfc823e16a9a974e962b0101,"A exposição é marcada por contrastes cromáticos entre azuis profundos e tons terrosos, exemplifica a mestria de Rebelo em equilibrar o absurdo com uma execução técnica contemporânea. As tel...",pintura,,artes,,,38.7609172,-9.1640018,http://cnap.pt,927 550 559,,,galeria,lumiar,,
Fernando Calhau e Rui Chafes,2026-03-14,2026-06-14,Pavilhão Julião Sarmento,"Avenida da Índia, 172, 1400-027, Lisboa",Lisboa,https://www.agendalx.pt/wp-json/agendalx/v1/events,https://www.agendalx.pt/content/uploads/2026/03/ddd.jpg,artes,,,approved,agendalx,232369,https://www.agendalx.pt/wp-json/agendalx/v1/events,aa83b2e3bb2baafd3cdb7e2e20a460efcde36f60,"A nova exposição do Pavilhão Julião Sarmento reúne 33 obras da Coleção Julião Sarmento e coloca em diálogo Fernando Calhau e Rui Chafes, dois dos artistas mais representados neste acervo....",coletiva,,artes,,,38.694209,-9.210774,,218 383 350,,,galeria,,,
Eça de Queiroz e Sherlock Holmes no Museu da Farmácia,2026-03-14,2026-03-14,Museu da Farmácia,"Rua Marechal Saldanha, 1, 1249-069, Lisboa",Lisboa,https://www.agendalx.pt/wp-json/agendalx/v1/events,https://www.agendalx.pt/content/uploads/2024/05/VTLisboaEcaSherlockMaio2024.jpg,visitas guiadas,,"a:2:{i:0;a:1:{s:5:""value"";s:1:""9"";}i:1;a:2:{s:5:""value"";s:1:""6"";s:11:""description"";s:10:""estudantes"";}}",approved,agendalx,191090,https://www.agendalx.pt/wp-json/agendalx/v1/events,e4711d9c597cb2e08932939f4001ab30ae5064b9,"Uma viagem única ao século XIX, em que a Saúde, a Sociedade, a Diplomacia Imperial e a Ciência na época de Eça de Queiroz e Sherlock Holmes se materializam na coleção do museu. Inscrição...",,,visitas guiadas,,,38.7100709,-9.1471278,http://www.museudafarmacia.pt,213 400 600,,,museu,misericordia,,
Lugar de Estar: O Legado Burle Marx,2026-03-14,2026-04-05,MAC/CCB,"Praça do Império (Centro Cultural de Belém), 1449-003, Lisboa",Lisboa,https://www.agendalx.pt/wp-json/agendalx/v1/events,https://www.agendalx.pt/content/uploads/2025/12/3BurleMarx_MACCCB_creditoFabio-Cunha-1.jpg,artes,,,approved,agendalx,225817,https://www.agendalx.pt/wp-json/agendalx/v1/events,24fe0475d511d38d221c192a521b10f54f1a91a5,<em>Lugar de Estar: O Legado Burle Marx</em> parte de 22 projetos paisagísticos concebidos ao longo de sete décadas por Roberto Burle Marx (1909–1994) e a sua equipa. Figura central do modernismo...,"Brasil, desenho, fotografia",,artes,,,38.695503,-9.208354,https://www.ccb.pt/macccb/,213 612 878,,,museu,belem,,
Visitas ao Museu Arqueológico do Carmo,2026-03-14,2026-03-28,Ruínas e Museu Arqueológico do Carmo,"Largo do Carmo, 1200-092, Lisboa",Lisboa,https://www.agendalx.pt/wp-json/agendalx/v1/events,https://www.agendalx.pt/content/uploads/2026/01/museu-carmo-7022.jpg,visitas guiadas,,"a:1:{i:0;a:1:{s:5:""value"";s:1:""7"";}}",approved,agendalx,228619,https://www.agendalx.pt/wp-json/agendalx/v1/events,8c000ae2e0987213682f6bf14e6d3b2f74bb08ce,"O Museu Arqueológico do Carmo (MAC) revela, através de visitas temáticas, novos olhares sobre a sua coleção. A programação para 2026 abre com três visitas que integram o ciclo dedicado ao tema...","arqueologia, património",,visitas guiadas,,,38.711855,-9.141009,www.museuarqueologicodocarmo.pt,21 347 86 29/ 21 346 04 73 / 93 255 96 36,servicoeducativo@arqueologos.pt,,museu,,,
A Ordem Lógica,2026-03-14,2026-03-14,Belo Campo (Galeria Francisco Fino),"Rua Capitão Leitão, 76, 1950-052, Lisboa",Lisboa,https://www.agendalx.pt/wp-json/agendalx/v1/events,https://www.agendalx.pt/content/uploads/2026/01/dddd-4.jpg,artes,,,approved,agendalx,230090,https://www.agendalx.pt/wp-json/agendalx/v1/events,c5a2366c188f924568c1c778373f0a7edb5e25e6,"<em>A Ordem Lógica</em> é uma resposta intuitiva ao ponto de partida deste novo programa expositivo no espaço Belo Campo, testado através de contradições estruturais, padrões repetitivos e cód...",coletiva,,artes,,,38.738514,-9.10539,https://www.franciscofino.com/,215 842 211,,,galeria,,,
Dagmar van Weeghel,2026-03-14,2026-04-18,This is not a White Cube Art Gallery,"Rua da Emenda, 72, 1200-170 Lisboa, Lisboa",Lisboa,https://www.agendalx.pt/wp-json/agendalx/v1/events,https://www.agendalx.pt/content/uploads/2026/02/DW27_BLOOM-EmmaAndrea_DvanWeeghel_A4Adobe_print-scaled.jpg,artes,,,approved,agendalx,230864,https://www.agendalx.pt/wp-json/agendalx/v1/events,7e00c17017294650eb7fbb2500ed61ae9608eca6,"<p style=""text-align: left;"">É a primeira exposição individual em Portugal da aclamada fotógrafa neerlandesa Dagmar van Weeghel.</p> <p style=""text-align: left;""><em>Bloom</em> marca a estreia in...",fotografia,,artes,,,38.709422,-9.144409,https://thisisnotawhitecube.com/,967 042 186,gallery@thisisnotawhitecube.com,,galeria,,,
"Metanoia IV, Future Imperfect",2026-03-14,2026-04-11,Salto,"Calçada D. Gastão, 5 A, 1900-194, Lisboa",Lisboa,https://www.agendalx.pt/wp-json/agendalx/v1/events,https://www.agendalx.pt/content/uploads/2026/02/Imagem1-11.jpg,artes,,,approved,agendalx,231273,https://www.agendalx.pt/wp-json/agendalx/v1/events,47ebddc61b7300a6f64de7b9ea56ba235ac9b60f,"Inspirada no significado da antiga palavra grega metanoia - entendida como uma mudança radical do pensamento -, Metanoia é uma plataforma curatorial nómada, iniciada por David Revés em 2023, dedic...",coletiva,,artes,,,38.728947,-9.108985,,,saltolisboa@gmail.com,,,,,
O ano em livro. O Almanaque de Santo António,2026-03-14,2026-05-31,Museu de Lisboa - Santo António,"Largo de Santo António da Sé, 22, 1100-171, Lisboa",Lisboa,https://www.agendalx.pt/wp-json/agendalx/v1/events,https://www.agendalx.pt/content/uploads/2026/02/ALMAnaque-st-ant.jpg,literatura,,"a:1:{i:0;a:1:{s:5:""value"";s:1:""4"";}}",approved,agendalx,231607,https://www.agendalx.pt/wp-json/agendalx/v1/events,8bde1f7bab2c1e1855d1cdf33b37b674f72cc05b,"Comissariada por Ernesto Rodrigues, a exposição percorre a história de um dos almanaques mais antigos de Portugal, publicado de forma ininterrupta desde 1899 até aos dias de hoje. Ao longo dos ano...","exposição, Santo António",,literatura,,,38.710197,-9.134029,www.museudelisboa.pt/pt/nucleos/santo-antonio,218 860 447,,,"equipamento-municipal, museu",santa-maria-maior,,
Luzia Lage,2026-03-14,2026-03-26,MAC - Movimento de Arte Contemporânea,"Av. Álvares Cabral, 58-60, 1250-018, Lisboa",Lisboa,https://www.agendalx.pt/wp-json/agendalx/v1/events,https://www.agendalx.pt/content/uploads/2026/02/Luzia-Lage-Verddades-e-outros-Abismos-scaled.jpg,artes,,free,approved,agendalx,232065,https://www.agendalx.pt/wp-json/agendalx/v1/events,3cf78590b56377b04ffb7b274b67291a173760c2,Exposição de pintura.,"gratuito, pintura",,artes,,,38.719559,-9.155944,https://www.facebook.com/people/MAC-Movimento-Arte-Contempornea/100063569681415/,962 670 532,movimentoartecontemporanea.com,,galeria,campo-de-ourique,,
Câmara Escura,2026-03-14,2026-12-31,Castelo de São Jorge,"Rua de Santa Cruz do Castelo, 1100-129, Lisboa",Lisboa,https://www.agendalx.pt/wp-json/agendalx/v1/events,https://www.agendalx.pt/content/uploads/2018/07/camara.jpg,visitas guiadas,,"a:1:{i:0;a:2:{s:5:""value"";s:1:""4"";s:11:""description"";s:31:""incluída no bilhete de entrada"";}}",approved,agendalx,2740,https://www.agendalx.pt/wp-json/agendalx/v1/events,9031fc6dc80a0451bae1661e5ad5e19ed1df3d76,"Visita de descoberta da cidade de Lisboa através de um periscópio que permite examinar a cidade em tempo real, num olhar que percorre 360º. Todos os dias, horários <a href=""https://castelodesao...",,,visitas guiadas,,,38.712873,-9.132801,http://www.castelodesaojorge.pt,218 800 620,,,"equipamento-municipal, monumento",santa-maria-maior,,
Rafael dos Santos,2026-03-14,2026-03-20,,,Lisboa,https://www.agendalx.pt/wp-json/agendalx/v1/events,https://www.agendalx.pt/content/uploads/2026/01/Imagem_AgendaCulturalLisboa.png,artes,,,approved,agendalx,228641,https://www.agendalx.pt/wp-json/agendalx/v1/events,c2bef16be28920990930224291b5d8f3724c9c73,"<em>Uma Vida Normal</em> é a primeira exposição individual de Rafael dos Santos (1998) que integra desenhos e vídeos em função de dois eixos principais: um deles, apresenta a imagem como um limi...","desenho, instalação, vídeo",,artes,,,,,,,,,,,,
Christine Enrègle,2026-03-14,2026-03-28,Galeria de Santa Maria Maior,"Rua da Madalena, 147, 1100-006 Lisboa, Lisboa",Lisboa,https://www.agendalx.pt/wp-json/agendalx/v1/events,https://www.agendalx.pt/content/uploads/2026/01/Christine-Enrègle_Oliveira-Linhas-de-vida-Lisboa-2025_BD-scaled.jpeg,artes,,,approved,agendalx,229548,https://www.agendalx.pt/wp-json/agendalx/v1/events,cd5a611dfbad36566debe42bf207ac1d09850e63,"A exposição apresenta cerca de vinte desenhos a carvão sobre tela de algodão de grande tamanho realizados a partir da oliveira do Rossio. Juntos, eles formarão um percurso em que os espetadores...",desenho,,artes,,,38.711391,-9.135808,www.facebook.com/galeriasantamariamaior/,210 416 300,,,galeria,,,
Eduardo Malé,2026-03-14,2026-03-22,Estação Elevatória a Vapor dos Barbadinhos,"Rua do Alviela, 12, 1170-012, Lisboa",Lisboa,https://www.agendalx.pt/wp-json/agendalx/v1/events,https://www.agendalx.pt/content/uploads/2026/01/Imagem1-12.jpg,artes,,,approved,agendalx,230135,https://www.agendalx.pt/wp-json/agendalx/v1/events,eb4d7dde675adeb13f20821eea9f0a1235480b62,"Em <em>Água Mole em Pedra Dura</em>, Eduardo Malé, o reconhecido artista plástico santomense, regressa ao circuito expositivo através de um conjunto de mapas onde cada traço anuncia movimento e c...",,,artes,,,38.7197308,-9.1199116,http://www.epal.pt,218 100 263,,,museu,sao-vicente,,
Elaine Pessoa,2026-03-14,2026-03-29,Museu Nacional de História Natural e da Ciência,"Rua da Escola Politécnica 56/58, 1250-096, Lisboa",Lisboa,https://www.agendalx.pt/wp-json/agendalx/v1/events,https://www.agendalx.pt/content/uploads/2026/02/exploratorius_paisa_ia_gens__15_menor-2.jpg,artes,,,approved,agendalx,230871,https://www.agendalx.pt/wp-json/agendalx/v1/events,912b4e5c8052b1d40341f8d6d0cffa5e634e63ef,"Nesta série, a artista faz uso de IA para recriar as descrições científicas das expedições oitocentistas pelas Américas. Parte das pesquisas foram, inclusive, realizadas em arquivos de Lisb...",fotografia,,artes,,,38.7176254,-9.1508623,http://www.museus.ulisboa.pt,213 921 800,,,museu,santo-antonio,,
ID,2026-03-14,2026-05-02,Pavilhão 31 - Hospital Júlio de Matos,"Avenida do Brasil, 53, 1749-002 Lisboa, Lisboa",Lisboa,https://www.agendalx.pt/wp-json/agendalx/v1/events,https://www.agendalx.pt/content/uploads/2026/02/P28_ID_c-José-Luís-Neto-scaled.jpg,artes,,,approved,agendalx,231614,https://www.agendalx.pt/wp-json/agendalx/v1/events,732652a79bde7b3347d2391112850f5db481d02f,"Reunindo obras de artistas com propostas autorais singulares, de Gonçalo Pena a José Luís Neto ou Micaela Fikoff, <em>ID</em> parte da representação do rosto enquanto campo de forças onde o invi...",coletiva,,artes,,,38.756986,-9.146062,,217 917 000,,,,,,
Detalhes em Cor,2026-03-14,2026-05-18,DoubleTree by Hilton Lisbon - Fontana Park,"Rua Engº Vieira da Silva, 2, 1050-105, Lisboa",Lisboa,https://www.agendalx.pt/wp-json/agendalx/v1/events,https://www.agendalx.pt/content/uploads/2026/03/Imagem1.jpg,artes,,,approved,agendalx,232545,https://www.agendalx.pt/wp-json/agendalx/v1/events,535d9912ca5bc5ed73a3a43d11cfcdb5dcf44652,"<em>Detalhes em Cor</em> propõe uma imersão na riqueza cromática, explorando variações, contrastes e harmonias que despertam o olhar atento e transformam a perceção do espaço.","coletiva, pintura",,artes,,,38.731379,-9.143846,,210 410 600,,,hotel,,,
Passeios Agulha Magnética,2026-03-14,2026-12-19,Agulha Magnética,"Rua de São Bernardo, nº 70, 3º, 1200-826, Lisboa",Lisboa,https://www.agendalx.pt/wp-json/agendalx/v1/events,https://www.agendalx.pt/content/uploads/2018/07/jardins.jpg,visitas guiadas,,,approved,agendalx,2819,https://www.agendalx.pt/wp-json/agendalx/v1/events,f76de42ba27023d4c5d7ba0f9e776505295ebbb8,A Agulha Magnética organiza passeios que dão a conhecer o património cultural e o património natural. <em><strong>Jardins da Era do Automóvel em Lisboa</strong></em> Sáb: 10h-17h30 Deix...,ar livre,,visitas guiadas,,,38.71513,-9.157206,http://agulhamagnetica.pt,916 126 556,"Administrativo: geral@agulhamagnetica.pt
Informações/reservas: info@agulhamagnetica.pt",,,,,
Visitas ao Templo Radha Krishna,2026-03-14,2026-12-31,Comunidade Hindu de Portugal,"Alameda Mahatma Gandhi, 1600, Lisboa",Lisboa,https://www.agendalx.pt/wp-json/agendalx/v1/events,https://www.agendalx.pt/content/uploads/2024/08/templo_hindu_2.jpg,visitas guiadas,,,approved,agendalx,197328,https://www.agendalx.pt/wp-json/agendalx/v1/events,d4e959e32cc08d24f6f83171777f80cd14104751,"<p class=""font_8 wixui-rich-text__text""><span class=""wixui-rich-text__text""><span class=""color_15 wixui-rich-text__text"">O Templo Radha Krishna foi inaugurado oficialmente a 4 de Novembro de 1998 e d<...",,,visitas guiadas,,,38.7700919,-9.1734685,http://www.comunidadehindu.org,217 576 524,,,instituicao,lumiar,,
José Veloso de Castro,2026-03-14,2026-03-31,Museu Militar de Lisboa,"Largo do Museu da Artilharia, 1100-366, Lisboa",Lisboa,https://www.agendalx.pt/wp-json/agendalx/v1/events,https://www.agendalx.pt/content/uploads/2025/09/dddd-2.jpg,artes,,,approved,agendalx,221023,https://www.agendalx.pt/wp-json/agendalx/v1/events,73484dac0db85d6fb2c6be55a46f86fa5b9dc421,"O Museu Militar de Lisboa apresenta <em>A Revelação de um Artista</em>, a primeira grande exposição dedicada à vida e obra do major e fotógrafo José Veloso de Castro (1869-1945). Com um esp?...",fotografia,,artes,,,38.712413,-9.1247808,,218 842 300,,,museu,santa-maria-maior,,
Os Bichos de Lisboa,2026-03-14,2026-05-31,Museu do Dinheiro,"Largo de São Julião, Lisboa",Lisboa,https://www.agendalx.pt/wp-json/agendalx/v1/events,https://www.agendalx.pt/content/uploads/2025/11/Os-bichos.png,ciências,,free,approved,agendalx,225872,https://www.agendalx.pt/wp-json/agendalx/v1/events,a8f85b8ab45620fc5de7dbd04748ad55808e946f,A exposição <em>Os Bichos de Lisboa - Do fragmento à forma </em>propõe uma viagem pela história da relação entre os lisboetas e os animais que habitaram a cidade ao longo dos séculos. Foi real...,gratuito,,ciências,,,38.7086338,-9.1390898,http://www.museudodinheiro.pt,213 213 240,,,museu,santa-maria-maior,,
Ciclo de cinema Polo Cultural Gaivotas,2026-03-14,2026-12-12,Polo Cultural Gaivotas | Boavista,"Rua das Gaivotas, 8, 1200-012, Lisboa",Lisboa,https://www.agendalx.pt/wp-json/agendalx/v1/events,https://www.agendalx.pt/content/uploads/2019/06/O-Pais-das-Maravilhas.jpg,cinema,,free,approved,agendalx,228798,https://www.agendalx.pt/wp-json/agendalx/v1/events,a7a5166ac56a4775da383735436dce3e020dec70,"No 10.° Aniversário do Polo realiza-se um ciclo de cinema, com sugestões de filmes feitas por parceiros, como Os Filhos de Lumière, e pela equipa do Polo. Algumas temáticas fizeram parte da progr...",gratuito,,cinema,,,38.7092655,-9.1508768,,218 172 600,pologaivotasboavista@cm-lisboa.pt,,equipamento-municipal,misericordia,,
Notas de Rodapé,2026-03-14,2026-03-14,Jahn und Jahn,"Rua de São Bernardo, 15 - R/C, 1200-823, Lisboa",Lisboa,https://www.agendalx.pt/wp-json/agendalx/v1/events,https://www.agendalx.pt/content/uploads/2026/01/ssss-1-scaled.jpg,artes,,,approved,agendalx,229562,https://www.agendalx.pt/wp-json/agendalx/v1/events,caafeb72c9de2df557a643b4157080883180a7fe,"<em>Notas de Rodapé é uma exposição coletiva que se constrói a partir do que habitualmente permanece na margem: fragmentos, desvios, interrupções e formas de pensamento que resistem a uma orga...",coletiva,,artes,,,0,0,jahnundjahn.com,,,,galeria,,,
Cristina Robalo,2026-03-14,2026-05-09,Fundação Carmona e Costa,"Rua Soeiro Pereira Gomes 1, 1600-207, Lisboa",Lisboa,https://www.agendalx.pt/wp-json/agendalx/v1/events,https://www.agendalx.pt/content/uploads/2026/01/Imagem2.png,artes,,,approved,agendalx,230146,https://www.agendalx.pt/wp-json/agendalx/v1/events,7a24f79b208265e89886cb754b69c4a0b5cde1e3,"<em>Antes de subir à tona apresenta o trabalho de Cristina Robalo que se desenvolve em torno do desenho, de forma coesa e exploratória. De natureza vincadamente táctil, estas obras caracterizam-se...",desenho,,artes,,,38.744784,-9.1603497,,217 930 350,,,"fundacao, galeria",avenidas-novas,,
Ciclo Ingmar Bergman,2026-03-14,2026-03-18,Cinema Nimas,"Avenida 5 de Outubro 42B, 1050-053, Lisboa",Lisboa,https://www.agendalx.pt/wp-json/agendalx/v1/events,https://www.agendalx.pt/content/uploads/2023/04/tagv.pt-a-mascara-a-mascara-02.jpg,cinema,,"a:1:{i:0;a:1:{s:5:""value"";s:1:""6"";}}",approved,agendalx,230872,https://www.agendalx.pt/wp-json/agendalx/v1/events,178f4cbfd84ba85512931a0fa786609ceaeb9e62,"Ingmar Bergman, um dos mais importantes cineastas do século XX, volta a estar em destaque no Cinema Nimas. (...) <em>voltamos a esta figura cimeira do cinema moderno com a paixão com que Godard v...","ciclo, Ingmar Bergman",,cinema,,,38.735721,-9.147266,medeiafilmes.com,213 574 362,espaconimas@gmail.com,,cinema,campo-grande,,
Os Reis como Pais,2026-03-14,2026-03-14,Museu do Tesouro Real,"Largo da Ajuda, 1349-021, Lisboa",Lisboa,https://www.agendalx.pt/wp-json/agendalx/v1/events,https://www.agendalx.pt/content/uploads/2026/02/36.png,visitas guiadas,,,approved,agendalx,231757,https://www.agendalx.pt/wp-json/agendalx/v1/events,ca34c27391b2fff2cde095c092c7101202b14b2a,"Reis foram, ao longo da História, símbolos de poder e autoridade. Mas para além do seu papel político e institucional, muitos desempenharam também um dos papéis mais importantes da vida: o de pa...","crianças, famílias",,visitas guiadas,,,38.707651,-9.197044,https://www.tesouroreal.pt,211163425,geral@tesouroreal.com,,,,,
Minimercado de Arroios,2026-03-14,2026-04-25,Mercado de Arroios,"Rua Ângela Pinto, 40 D, 1900-221, Lisboa",Lisboa,https://www.agendalx.pt/wp-json/agendalx/v1/events,https://www.agendalx.pt/content/uploads/2026/03/Oficina-Teresa-Cortez_3_foto-Maria-Remédio-scaled.jpg,artes,,free,approved,agendalx,232072,https://www.agendalx.pt/wp-json/agendalx/v1/events,60e00d64db2e8e5295474cb7fbb714827ced96bf,"No Mercado de Arroios, há um programa dedicado aos mais novos: chama-se Minimercado de Arroios e são oficinas de criação para crianças. Aos sábados de manhã, fazem-se desenhos, pinturas, constr...","crianças, famílias, gratuito",,artes,,,38.734991,-9.132451,jfarroios.pt/equipamentos/mercados/mercado-de-arroios/,218 475 819,,,equipamento-municipal,,,
As estreias da semana,2026-03-14,2026-03-18,,,Lisboa,https://www.agendalx.pt/wp-json/agendalx/v1/events,https://www.agendalx.pt/content/uploads/2026/03/O-Estrangeiro-filme-de-Francois-Ozon.jpg,cinema,,,approved,agendalx,232563,https://www.agendalx.pt/wp-json/agendalx/v1/events,e5d1c9e2f6d94d0540e58e513e16d3ded721705b,"Quinta-feira é dia de estreias no cinema. Destaque para o documentário <em>Explode São Paulo, Gil</em>, de Maria Clara Escobar, uma coprodução Portugal/Brasil que reflete sobre a relação entre...","ação, biografia, documentário, drama",,cinema,,,,,,,,,,,,
Avenida 211,2026-03-14,2026-04-05,MAC/CCB,"Praça do Império (Centro Cultural de Belém), 1449-003, Lisboa",Lisboa,https://www.agendalx.pt/wp-json/agendalx/v1/events,https://www.agendalx.pt/content/uploads/2025/09/Avenida211_kapputt_Catarina-Dias.jpg,artes,,,approved,agendalx,221087,https://www.agendalx.pt/wp-json/agendalx/v1/events,576ba819123d86a1de5fd4baa8a89d231da7d9c1,"Entre 2006 e 2014, o n.º 211 da Avenida da Liberdade foi um dos epicentros da criação artística em Lisboa, acolhendo mais de quatro dezenas de artistas e músicos em residências, estúdios e proj...",,,artes,,,38.695503,-9.208354,https://www.ccb.pt/macccb/,213 612 878,,,museu,belem,,
Griet Baeyens,2026-03-14,2026-03-27,The Lisbon Club55,"Rua de Santa Catarina, 3, 1200-401, Lisboa",Lisboa,https://www.agendalx.pt/wp-json/agendalx/v1/events,https://www.agendalx.pt/content/uploads/2026/01/Griet-peace-e1768403053767.jpg,artes,,,approved,agendalx,228840,https://www.agendalx.pt/wp-json/agendalx/v1/events,c2bb13eb8efde6c2484f1755c7f44d06ee7df005,"A exposição de tapeçaria da artista Griet Baeyens reúne obras artesanais que exploram temas centrais do nosso tempo, como as alterações climáticas, a poluição plástica, as espécies em risc...",tapeçaria,,artes,,,38.709833,-9.148333,,211 573 055,,,restaurante,,,
João Paulo Feliciano,2026-03-14,2026-03-21,Cristina Guerra Contemporary Art,"Rua Santo António à Estrela 33, 1350-290, Lisboa",Lisboa,https://www.agendalx.pt/wp-json/agendalx/v1/events,https://www.agendalx.pt/content/uploads/2026/02/©-Vasco-Stocker-Vilhena-2.jpg,artes,,,approved,agendalx,229570,https://www.agendalx.pt/wp-json/agendalx/v1/events,8a05b4d54b077e8947e75cf808230fd5f2f61440,"A nova exposição individual de João Paulo Feliciano reúne obras produzidas nos últimos cinco anos, período marcado pelo seu regresso às Caldas da Rainha e por uma renovada intensidade criativa....","colagem, desenho, escultura, fotografia, pintura",,artes,,,38.7126576,-9.1640671,http://www.cristinaguerra.com,213 959 559,,,galeria,estrela,,
Pedro Casqueiro,2026-03-14,2026-05-09,Fundação Carmona e Costa,"Rua Soeiro Pereira Gomes 1, 1600-207, Lisboa",Lisboa,https://www.agendalx.pt/wp-json/agendalx/v1/events,https://www.agendalx.pt/content/uploads/2026/01/Imagem3.jpg,artes,,,approved,agendalx,230157,https://www.agendalx.pt/wp-json/agendalx/v1/events,84f2d2a77832aba8f21a34ce8445e3cb487fd0c1,"Com <em>Baralho, 2017</em>, de Pedro Casqueiro, a Fundação Carmona e Costa dá continuidade ao ciclo intermitente de apresentação de obras da sua Coleção, iniciado em 2024, no espaço de artes d...",,,artes,,,38.744784,-9.1603497,,217 930 350,,,"fundacao, galeria",avenidas-novas,,
Vítor Serrano,2026-03-14,2026-03-20,Andar de Baixo,"Rua Padre Sena de Freitas, 16A, 1170-283, Lisboa",Lisboa,https://www.agendalx.pt/wp-json/agendalx/v1/events,https://www.agendalx.pt/content/uploads/2026/02/andar-de-baixo-Vítor-Serrano-Ontem-já-era-tarde.jpeg,artes,,,approved,agendalx,230883,https://www.agendalx.pt/wp-json/agendalx/v1/events,5114fb04f12c305b4c79f9aaad97d72443640a9e,"<em>Em Ontem já era tarde, Vítor Serrano vindica o carácter multidisciplinar da sua prática artística. A chave da exposição é discernível segundo a forma do arco, curva da vida que o tempo tr...","desenho, escultura, fotografia",,artes,,,0,0,instagram.com/_andardebaixo/,,mp.andardebaixo@gmail.com,,atelier,,,
Lisbon Drawing Club,2026-03-14,2026-07-20,Centro de Nossa Senhora dos Anjos,"Rua Andrade, 13 G, 1170-013, Lisboa",Lisboa,https://www.agendalx.pt/wp-json/agendalx/v1/events,https://www.agendalx.pt/content/uploads/2026/02/492810751_1045654814447378_457644199839501040_n.jpg,artes,,,approved,agendalx,231798,https://www.agendalx.pt/wp-json/agendalx/v1/events,15b1178566f1435419095afcbad9c7cdf40e705e,"O Lisbon Drawing Club é uma comunidade de amantes do desenho que se encontram regularmente para desenhar, aprender e conviver em diferentes espaços culturais da cidade de Lisboa. As sessões e ma...","desenho, masterclasse",,artes,,,38.722554,-9.133853,,,,,instituicao,,,
Murmúrio das Formas,2026-03-14,2026-03-28,Rua das Gaivotas 6,"Rua das Gaivotas 6, 1200-109, Lisboa",Lisboa,https://www.agendalx.pt/wp-json/agendalx/v1/events,https://www.agendalx.pt/content/uploads/2026/02/Imagem1-21.jpg,artes,,,approved,agendalx,232100,https://www.agendalx.pt/wp-json/agendalx/v1/events,d7341384e7e5ef23a1c3bc813b0670351b9d4264,"Os trabalhos presentes nesta exposição são o resultado final do workshop de narrativa fotográfica com laboratório a preto e branco que, partindo da análise da obra do fotógrafo Edward Weston, d...","coletiva, fotografia",,artes,,,38.709143,-9.150952,http://ruadasgaivotas6.pt,210 962 355,,,centro-cultural,misericordia,,
Rui Ventura,2026-03-14,2026-04-12,Hotel Inspira Santos,"Avenida D. Carlos I, 59, 1200-647, Lisboa",Lisboa,https://www.agendalx.pt/wp-json/agendalx/v1/events,https://www.agendalx.pt/content/uploads/2026/03/Imagem1-1.jpg,artes,,,approved,agendalx,232631,https://www.agendalx.pt/wp-json/agendalx/v1/events,580884dde8982444811969321c161ef6f26b30c2,,,,artes,,,38.707994,-9.15282,https://inspirahotels.com/inspira-santos/,934 591 143,,,hotel,,,
Crimes de Lisboa,2026-03-14,2026-04-25,,,Lisboa,https://www.agendalx.pt/wp-json/agendalx/v1/events,https://www.agendalx.pt/content/uploads/2026/02/Misterio-em-Lisboa_imagem2.png,visitas guiadas,,"a:1:{i:0;a:1:{s:5:""value"";s:2:""15"";}}",approved,agendalx,9226,https://www.agendalx.pt/wp-json/agendalx/v1/events,6da32ffa5be74b2d6a08a9bacd8076dd23063c5a,"Ao longo do percurso são dados a conhecer os episódios mais terríveis e sangrentos da história de Lisboa, acontecimentos que em várias ocasiões alteraram para sempre a vida da capital e mesmo o...","+12, ar livre",,visitas guiadas,,,,,,,,,,,,
Bordalo entre o som e o gesto,2026-03-14,2026-05-09,Museu Bordalo Pinheiro,"Campo Grande, 382, 1700-097, Lisboa",Lisboa,https://www.agendalx.pt/wp-json/agendalx/v1/events,https://www.agendalx.pt/content/uploads/2023/03/DSC09456-e1679575896497.jpg,visitas guiadas,,"a:1:{i:0;a:1:{s:5:""value"";s:1:""1"";}}",approved,agendalx,204014,https://www.agendalx.pt/wp-json/agendalx/v1/events,3578d0af056cb5ea0978cef844b6bb4771af614d,"Nesta visita ao Museu Bordalo Pinheiro, descobrem-se os diferentes temas abordados por Rafael Bordalo Pinheiro e conhecem-se algumas das obras mais emblemáticas do artista. As visitas realizam-se...",língua gestual portuguesa,,visitas guiadas,,,38.758853,-9.154189,http://museubordalopinheiro.pt,215 818 540,,,museu,alvalade,,
Isabel Cordovil,2026-03-14,2026-03-23,MACAM - Museu de Arte Contemporânea,"Rua da Junqueira, 66, 1300-343 Lisboa",Lisboa,https://www.agendalx.pt/wp-json/agendalx/v1/events,https://www.agendalx.pt/content/uploads/2025/10/MURMUR-2-©Isabel-Cordovil-scaled.jpg,artes,,,approved,agendalx,222604,https://www.agendalx.pt/wp-json/agendalx/v1/events,3f504637e9cd72337f15b516f78be7ec5aefa1e5,"Isabel Cordovil reflete sobre a personagem de Julieta de Shakespeare num gesto de emancipação e alteridade. A personagem de Julieta, protagonista da tragédia <em>Romeu e Julieta</em> de William...",instalação,,artes,,,38.700497,-9.18314,www.macam.pt,,macam@macam.pt,,,,,
Vasco Araújo,2026-03-14,2026-06-20,Fundação Leal Rios,"Rua do Centro Cultural, 17 B, 1700-106 Lisboa, Lisboa",Lisboa,https://www.agendalx.pt/wp-json/agendalx/v1/events,https://www.agendalx.pt/content/uploads/2026/01/Imagem2.jpg,artes,,,approved,agendalx,228868,https://www.agendalx.pt/wp-json/agendalx/v1/events,1ff122c5542bcaadc8c9bf469a4ce28f1f4e8900,"<em>Vasco Araújo é um storyteller que faz da ficção um modo de pensar a realidade, explorando como as histórias — antigas e novas — moldam identidades individuais e colectivas. A exposição...",vídeo,,artes,,,38.756217,-9.141987,www.lealriosfoundation.com,218 822 574,,,fundacao,,,
Dino D’Santiago,2026-03-14,2026-03-28,Galeria Underdogs,"Rua Fernando Palha, Armazém 56, 1950-130, Lisboa",Lisboa,https://www.agendalx.pt/wp-json/agendalx/v1/events,https://www.agendalx.pt/content/uploads/2026/01/Portal-do-retorno.jpg,artes,,,approved,agendalx,229585,https://www.agendalx.pt/wp-json/agendalx/v1/events,8fefb2fee1442d9ecb7b99826a3b0eaa22850a8f,"Dino D`Santiago colabora pela primeira vez com a galeria Underdogs ao apresentar <em>Portal do Retorno</em>, uma exposição que reflete o espaço de memória, escuta e reconhecimento. Da total aut...","cartão, papel",,artes,,,38.7461986,-9.1002038,http://www.under-dogs.net,218 680 462,,,galeria,marvila,,
Monumental 0.2 = 40,2026-03-14,2026-05-09,Galeria Monumental,"Campo dos Mártires da Pátria, 101, 1150-227, Lisboa",Lisboa,https://www.agendalx.pt/wp-json/agendalx/v1/events,https://www.agendalx.pt/content/uploads/2026/02/Monumental-Alvaro-Rosendo-1-scaled.jpg,artes,,,approved,agendalx,230169,https://www.agendalx.pt/wp-json/agendalx/v1/events,5666cff85245d5e35081a777431a7defc25bf21f,"Por ocasião do 40.º aniversário, a Galeria Monumental apresenta <em>Monumental 0.2 = 40</em>, exposição que homenageia os artistas fundadores do projeto e revisita o momento inaugural da sua hist...",coletiva,,artes,,,38.722983,-9.139334,http://www.galeriamonumental.com/pt,213 533 848,,,galeria,arroios,,
Filminhos Infantis à Solta Pelo País,2026-03-14,2026-03-29,Auditório da Biblioteca Orlando Ribeiro,"Antigo Solar da Nora, Estrada de Telheiras, 146, 1600-598, Lisboa",Lisboa,https://www.agendalx.pt/wp-json/agendalx/v1/events,https://www.agendalx.pt/content/uploads/2026/02/02-Tempo-de-Emagrecer.jpg,cinema,,,approved,agendalx,231813,https://www.agendalx.pt/wp-json/agendalx/v1/events,7abcc81fa3bd848ab49306c80f44a798f59a98a7,"No mês da primavera, os Filminhos trazem um novo conjunto de histórias lúdicas, pedagógicas e muito refrescantes para assistir em família, com uma duração total de 58 minutos. Em Março, ini...","crianças, famílias",,cinema,,,38.759834,-9.169052,http://jf-lumiar.pt/,217 541 350,,,"auditorio, equipamento-municipal",lumiar,,
De Cá Para Lá,2026-03-14,2026-03-28,Sociedade Nacional de Belas-Artes,"Rua Barata Salgueiro, 36, 1250-096, Lisboa",Lisboa,https://www.agendalx.pt/wp-json/agendalx/v1/events,https://www.agendalx.pt/content/uploads/2026/02/Imagem1-22.jpg,artes,,,approved,agendalx,232117,https://www.agendalx.pt/wp-json/agendalx/v1/events,71da40e729a50504b828f303adae3648c36b609b,"<p class=""TTULOCOMESPAO""><span style=""font-size: 18px;"">A </span><span style=""font-size: 18px;"">Sociedade Nacional de Belas-Artes</span><span style=""font-size: 18px;""> e a </span><span style=""font-s...",coletiva,,artes,,,38.7209679,-9.1493975,http://www.snba.pt,213 138 510,,,"escola, galeria",santo-antonio,,
Cláudia Clemente,2026-03-14,2026-03-29,Galeria Arte Graça,"Rua da Graça, 27-29, 1170-166, Lisboa",Lisboa,https://www.agendalx.pt/wp-json/agendalx/v1/events,https://www.agendalx.pt/content/uploads/2026/03/Imagem1-7.jpg,artes,,free,approved,agendalx,232756,https://www.agendalx.pt/wp-json/agendalx/v1/events,11347785b4716aecea1703311bb1c1d1f474e1e2,"Entre o sarcasmo e a provocação, <em>Plastic Bitch</em> transforma o auto-retrato num comentário visual sobre a sociedade do excesso. Nesta série fotográfica, Cláudia Clemente — escritora e re...","fotografia, gratuito",,artes,,,38.720944,-9.130047,www.artegraca.pt,965 858 009,,,galeria,sao-vicente,,
Visitas orientadas à Casa Fernando Pessoa,2026-03-14,2026-12-27,Casa Fernando Pessoa,"Rua Coelho da Rocha, 16-18, 1250-096, Lisboa",Lisboa,https://www.agendalx.pt/wp-json/agendalx/v1/events,https://www.agendalx.pt/content/uploads/2020/11/casa-fernando-pessoa-scaled.jpg,visitas guiadas,,"a:1:{i:0;a:1:{s:5:""value"";s:1:""6"";}}",approved,agendalx,33415,https://www.agendalx.pt/wp-json/agendalx/v1/events,2399533c9413335125c6bd0e0f8b4438d987e8ed,Na Casa onde Fernando Pessoa viveu há uma nova exposição que junta peças sobre um dos escritores mais conhecidos da literatura portuguesa. Elementos da equipa de mediação da Casa abrem porta...,língua gestual portuguesa,,visitas guiadas,,,38.716651,-9.162494,https://casafernandopessoa.pt/,213 913 270,,,equipamento-municipal,campo-de-ourique,,
Visitas à Igreja do Menino Deus,2026-03-14,2026-12-31,Igreja do Menino Deus,"Calçada do Menino Deus, 15-27; Largo do Menino Deus, Lisboa",Lisboa,https://www.agendalx.pt/wp-json/agendalx/v1/events,https://www.agendalx.pt/content/uploads/2025/01/Tecto-Igreja-Menino-Deus-Jose-Paulo-Ruas.jpg,visitas guiadas,,"a:1:{i:0;a:1:{s:5:""value"";s:1:""5"";}}",approved,agendalx,206119,https://www.agendalx.pt/wp-json/agendalx/v1/events,b8c99bf48a55afb663354f947fd228d755ecc0f5,"<em>Construída por iniciativa do Rei D. João V, para albergar uma venerada imagem do Menino Deus, com fama de milagrosa, as suas obras tiveram início em 1711, segundo plano do arquitecto régio Jo?...",património,,visitas guiadas,,,0,0,,,,,,,,
Carlos Bunga,2026-03-14,2026-03-30,Fundação Calouste Gulbenkian - Centro de Arte Moderna,"Rua Doutor Nicolau Bettencourt, 1050-078, Lisboa",Lisboa,https://www.agendalx.pt/wp-json/agendalx/v1/events,https://www.agendalx.pt/content/uploads/2025/10/2024_4_SaoPauloBiennial_venue_Luanda_Proceso-Imagem-principal-de-evento-1.jpg,artes,,,approved,agendalx,223100,https://www.agendalx.pt/wp-json/agendalx/v1/events,bd1900654b9d4c8b0f9f1e0aafd479935423d93c,"Carlos Bunga (Porto, 1976) apresenta uma das exposições mais pessoais e complexas, que inclui a maior instalação de cartão <em>site-specific</em> da sua carreira, integrada com obras da Coleção...",instalação,,artes,,,38.735405,-9.154091,https://gulbenkian.pt/cam/,,,,museu,avenidas-novas,,
Luís Catita,2026-03-14,2026-03-20,Biblioteca Orlando Ribeiro,"Antigo Solar da Nora, Estrada de Telheiras 146, 1600-772 Lisboa",Lisboa,https://www.agendalx.pt/wp-json/agendalx/v1/events,https://www.agendalx.pt/content/uploads/2026/01/LC_V2021CR-087-copiar-3-scaled.jpg,artes,,free,approved,agendalx,229032,https://www.agendalx.pt/wp-json/agendalx/v1/events,7929bb9b4654c5c00b74928a413500fe08f555d9,"<em>Estas fotografias não criam nada de novo, não são um ato criativo, apenas registam de uma forma imperfeita o que existe ou existiu, não mudam nada, não interferem, e são efémeras, são semp...","fotografia, gratuito",,artes,,,0,0,https://blx.cm-lisboa.pt/,218 172 660,bib.oribeiro@cm-lisboa.pt,,biblioteca,,,
Rituais de Luz,2026-03-14,2026-05-31,Museu de Lisboa - Teatro Romano,"Rua de São Mamede, 3A, 1100-532, Lisboa",Lisboa,https://www.agendalx.pt/wp-json/agendalx/v1/events,https://www.agendalx.pt/content/uploads/2026/01/03-FEV_Mostra_Rituais-de-Luz_IMG_8609-2048x1365-1.jpg,ciências,,,approved,agendalx,229598,https://www.agendalx.pt/wp-json/agendalx/v1/events,b4c5c9076aef51881bd1ef6052d4d701579d075c,"O Museu de Lisboa - Teatro Romano apresenta, entre 4 de fevereiro e 31 de maio, a exposição<em> Rituais de Luz - O Brilho de Nossa Senhora das Candeias</em>, onde se pode ficar a conhecer a evoluç?...","Lisboa Romana, luz",,ciências,,,38.7103759,-9.1325174,http://www.museudelisboa.pt,218 820 530,,,museu,santa-maria-maior,,
Masterclass Narrativa 2025/2026,2026-03-14,2026-04-18,Narrativa,"Rua Dr. Gama Barros, 60, 1700-147, Lisboa",Lisboa,https://www.agendalx.pt/wp-json/agendalx/v1/events,https://www.agendalx.pt/content/uploads/2026/02/3_Denis-Graeff.jpg,artes,,free,approved,agendalx,231881,https://www.agendalx.pt/wp-json/agendalx/v1/events,56d0095eb163fc1c4fd8df0fd0ff3c0eed0f4e7d,"A fotografia emergente volta a ocupar a Narrativa com a exposição coletiva <em>Masterclass Narrativa 2025/2026</em>. De entrada livre, a mostra reúne os trabalhos desenvolvidos na 7.ª edição da...","coletiva, fotografia, gratuito",,artes,,,38.747992,-9.136449,www.anarrativa.com,,mail@anarrativa.com,,galeria,,,
Gary Myatt,2026-03-14,2026-03-28,Espaço Exibicionista,"Rua Dona Estefânia 157C, 1000-239, Lisboa",Lisboa,https://www.agendalx.pt/wp-json/agendalx/v1/events,https://www.agendalx.pt/content/uploads/2026/02/THE-LORD-OF-MISRULE-.jpeg,artes,,,approved,agendalx,232124,https://www.agendalx.pt/wp-json/agendalx/v1/events,0d86ad4d59b037ce9496dcd2a0537e0adcea9050,"Na exposição <em>Feast of Fools</em>, o artista Gary William Myatt apresenta um novo conjunto de obras inspirado nas celebrações medievais europeias que, entre os séculos XII e XV, suspendiam tem...",,,artes,,,38.7327676,-9.1412675,http://www.espacoexibicionista.com,214 055 054,,,galeria,arroios,,
Timeless Experiences,2026-03-14,2026-12-31,,,Lisboa,https://www.agendalx.pt/wp-json/agendalx/v1/events,https://www.agendalx.pt/content/uploads/2023/09/timeless.jpg,visitas guiadas,,,approved,agendalx,34995,https://www.agendalx.pt/wp-json/agendalx/v1/events,2ac9996decf9f11191745bc9b37b2cd123a765a0,A <em>Timeless Experiences</em> oferece experiências imersivas e conta atualmente com várias atividades de entre os quais os <em>escape room</em>. Mas ao contrário do que é habitual neste tipo de...,ar livre,,visitas guiadas,,,,,,,,,,,,
Visitas à Fábrica da Eletricidade,2026-03-14,2026-12-31,"MAAT - Museu de Arte, Arquitetura e Tecnologia","Avenida de Brasília, Central Tejo, 1300-598, Lisboa",Lisboa,https://www.agendalx.pt/wp-json/agendalx/v1/events,https://www.agendalx.pt/content/uploads/2025/04/central_tejo_72.jpg,visitas guiadas,,"a:1:{i:0;a:1:{s:11:""description"";s:70:""Visita gratuita mediante apresentação de bilhete de entrada no museu"";}}",approved,agendalx,212745,https://www.agendalx.pt/wp-json/agendalx/v1/events,86a98e0d5d251e05be26b3bb24ce769a66fb05d3,"Visita que percorre vários espaços da antiga Central Tejo, central termoelétrica construída em 1908 e que abasteceu toda a região de Lisboa de eletricidade. Entre maquinaria original, em perfeito...",,,visitas guiadas,,,38.695911,-9.195691,http://www.maat.pt,210 028 190,,"De quarta a segunda, das 10h às 19h",museu,alcantara,,
Pedro Casqueiro,2026-03-14,2026-04-06,"MAAT - Museu de Arte, Arquitetura e Tecnologia","Avenida de Brasília, Central Tejo, 1300-598, Lisboa",Lisboa,https://www.agendalx.pt/wp-json/agendalx/v1/events,https://www.agendalx.pt/content/uploads/2025/10/Pedro-Casqueiro.jpg,artes,,,approved,agendalx,223145,https://www.agendalx.pt/wp-json/agendalx/v1/events,90889db5a4e7f72659e9e3cfc7f09e9641862464,"Em novembro, o MAAT inaugura <em>Detour</em>, a grande retrospetiva dedicada a Pedro Casqueiro (Lisboa, 1959), um dos nomes fundamentais da pintura portuguesa contemporânea. A exposição reúne c...",pintura,,artes,,,38.695911,-9.195691,http://www.maat.pt,210 028 190,,"De quarta a segunda, das 10h às 19h",museu,alcantara,,
Paula Prates e Rita Gaspar Vieira,2026-03-14,2026-03-15,Pavilhão Branco,"Campo Grande, 245, 1700-162, Lisboa",Lisboa,https://www.agendalx.pt/wp-json/agendalx/v1/events,https://www.agendalx.pt/content/uploads/2025/12/IMAGEM-Divulgacao_O-tempo-maior-que-o-tempo_Paula-Prates-Rita-Gaspar-Vieira.jpg,artes,,free,approved,agendalx,226823,https://www.agendalx.pt/wp-json/agendalx/v1/events,1941adf083cd2b73d51e8ee104189f3e6ccf1984,A exposição <em>O Tempo Maior que o Tempo </em>de Paula Prates e Rita Gaspar Vieira decorre de um interesse em estabelecer possibilidades de cruzamentos dialógicos entre a produção plástica de...,"coletiva, gratuito",,artes,,,38.758554,-9.156379,www.galeriasmunicipais.pt,215 891 259,,,galeria,alvalade,,
Comunicar é Natural - A Botânica das Comunicações,2026-03-14,2026-11-29,Fundação Portuguesa das Comunicações – Museu das Comunicações,"Rua do Instituto Industrial, 16, 1200-109, Lisboa",Lisboa,https://www.agendalx.pt/wp-json/agendalx/v1/events,https://www.agendalx.pt/content/uploads/2026/01/Comunicar-e-Natural-2026-5-scaled.jpg,ciências,,free,approved,agendalx,229072,https://www.agendalx.pt/wp-json/agendalx/v1/events,8083a69061a68bb1d8884632a25ee204c5cb0d20,"Uma viagem pela história da comunicação humana, através da sua relação profunda e contínua com o mundo vegetal, percorre o caminho vegetal da comunicação e culmina num espaço imersivo que ev...","botânica, Comunicação, exposição, gratuito",,ciências,,,38.7078221,-9.1504337,http://www.fpc.pt,213 935 000,,,"fundacao, museu",misericordia,,
José Pereira,2026-03-14,2026-03-28,Centro Cultural de Cabo Verde,"Rua de São Bento, 640, 1250-220, Lisboa",Lisboa,https://www.agendalx.pt/wp-json/agendalx/v1/events,https://www.agendalx.pt/content/uploads/2026/01/LUMNARA_Imagem-Cartaz@2x-100.jpg,artes,,,approved,agendalx,229603,https://www.agendalx.pt/wp-json/agendalx/v1/events,5370c2aa6d2c7297bd0529ceff153adf2adf57f4,Exposição de fotografia.,fotografia,,artes,,,38.718392,-9.15542,https://es-la.facebook.com/CCCV.PT/,210 187 393,,,,,,
Chris Maestas aka 0009,2026-03-14,2026-04-04,Eterno Gallery,"Rua Maria José Nogueira Pinto, lote 2A, 1950-322, Lisboa",Lisboa,https://www.agendalx.pt/wp-json/agendalx/v1/events,https://www.agendalx.pt/content/uploads/2026/02/Imagem1-7-e1770998944279.jpg,artes,,,approved,agendalx,230925,https://www.agendalx.pt/wp-json/agendalx/v1/events,36aa4b0bb49392b4320d160ec512c2cad671b447,"A Eterno apresenta <em>Wrong Side of the Fence</em>, exposição individual de Chris Maestas aka 0009, que reúne cerca de 20 obras digitais apresentadas em formato de imagem estática. A mostra prop?...",,,artes,,,38.745614,-9.098502,eternogallery.com,,,,galeria,,,
Daniel Barroca,2026-03-14,2026-04-12,Museu Nacional de Arte Contemporânea do Chiado,"Rua Serpa Pinto, 4 | Rua Capelo, 13, 1200-444, Lisboa",Lisboa,https://www.agendalx.pt/wp-json/agendalx/v1/events,https://www.agendalx.pt/content/uploads/2026/02/Imagem1-13.jpg,artes,,,approved,agendalx,231347,https://www.agendalx.pt/wp-json/agendalx/v1/events,6acf48017a57b64fcc8fa38e4671e69094a4aa2e,"<em>Video Drawings</em> parte de uma série de vídeos realizados pelo artista em 2001, evocando referências ao Realismo Socialista dos anos 30, aos filmes pioneiros de Serguei Eisenstein e ao univer...",vídeo,,artes,,,38.70846,-9.141161,www.museuartecontemporanea.gov.pt,213 432 148,,,museu,,,
Sabaprodaktion,2026-03-14,2026-04-18,Zaratan - Arte Contemporânea,"Rua de São Bento, 432, 1250-221 Lisboa, Lisboa",Lisboa,https://www.agendalx.pt/wp-json/agendalx/v1/events,https://www.agendalx.pt/content/uploads/2026/02/Cardboaard-Noise-scaled.jpg,artes,,free,approved,agendalx,231892,https://www.agendalx.pt/wp-json/agendalx/v1/events,616888c0178a82e2828999e400a4446c9c9589de,"A Zaratan apresenta <em>Cardboard Noise</em>, uma exposição individual site-specific que transfigura integralmente o espaço da galeria ao recobri-lo com cartões (pintados) imprimidos com a sua pr?...","gratuito, instalação, pintura",,artes,,,0,0,https://zaratan.pt/pt/,965 218 382,info@zaratan.pt,,galeria,,,
Works in Dialogue,2026-03-14,2026-03-21,Galeria Filomena Soares,"Rua da Manutenção 80, Lisboa",Lisboa,https://www.agendalx.pt/wp-json/agendalx/v1/events,https://www.agendalx.pt/content/uploads/2026/02/Christine-Streuli-Over-and-over-2019.jpg,artes,,,approved,agendalx,232130,https://www.agendalx.pt/wp-json/agendalx/v1/events,8d46c29005633d27ab91ddfb432f0e1d8e7b3e88,"A exposição reúne uma seleção de obras de artistas cujas trajetórias se cruzam com a história, o presente e o futuro da galeria. A exposição propõe um espaço de encontro e de troca, esta...",coletiva,,artes,,,,,http://www.gfilomenasoares.com,218 624 122,,,galeria,beato,,
Toma! 150 Anos de Zés Povinhos,2026-03-14,2026-09-06,Museu Bordalo Pinheiro,"Campo Grande, 382, 1700-097, Lisboa",Lisboa,https://www.agendalx.pt/wp-json/agendalx/v1/events,https://www.agendalx.pt/content/uploads/2026/03/Ze-povinho.jpg,artes,,,approved,agendalx,232803,https://www.agendalx.pt/wp-json/agendalx/v1/events,7e61fa6e2be99cdca066465d4cd7fed4c74df13d,"O Museu Bordalo Pinheiro assinala um marco maior da cultura visual portuguesa com a exposição <em>Toma! 150 anos de Zés Povinhos</em>, comissariada por Jorge Silva e João Alpuim Botelho. Criado...",,,artes,,,38.758853,-9.154189,http://museubordalopinheiro.pt,215 818 540,,,museu,alvalade,,
Peddy +,2026-03-14,2026-03-29,,,Lisboa,https://www.agendalx.pt/wp-json/agendalx/v1/events,https://www.agendalx.pt/content/uploads/2021/05/CRIMES-DE-LISBOA.jpg,visitas guiadas,,,approved,agendalx,39755,https://www.agendalx.pt/wp-json/agendalx/v1/events,077f09bf054b81d0da40fa613cd438a222234103,"A <a href=""https://www.facebook.com/peddymais"" target=""_blank"" rel=""noopener noreferrer"">Peddy+</a> procura dar a conhecer o património da capital através de visitas guiadas e percursos pedestres....","ar livre, património",,visitas guiadas,,,,,,,,,,,,
Take 1,2026-03-14,2026-04-26,Pavilhão Julião Sarmento,"Avenida da Índia, 172, 1400-027, Lisboa",Lisboa,https://www.agendalx.pt/wp-json/agendalx/v1/events,https://www.agendalx.pt/content/uploads/2025/05/833-scaled.jpg,artes,,free,approved,agendalx,214676,https://www.agendalx.pt/wp-json/agendalx/v1/events,656f653a26ca63b64598a3ccab161957f4856976,"O Pavilhão Julião Sarmento é um novo museu na cidade de Lisboa, com uma escala compacta e intimista e uma vertente programática diferenciadora e com vocação internacional. O edifício Pavilh?...","coletiva, escultura, fotografia, gratuito, instalação, Julião Sarmento, pintura",,artes,,,38.694209,-9.210774,,218 383 350,,,galeria,,,
Superbichos!,2026-03-14,2026-09-30,Pavilhão do Conhecimento – Ciência Viva,"Largo José Mariano, Parque das Nações, 1990-221, Lisboa",Lisboa,https://www.agendalx.pt/wp-json/agendalx/v1/events,https://www.agendalx.pt/content/uploads/2026/01/bichos.jpg,ciências,,"a:1:{i:0;a:2:{s:5:""value"";s:11:""10 € a 15"";s:11:""description"";s:59:""preço normal por faixa etária (ver descontos aplicáveis)"";}}",approved,agendalx,223157,https://www.agendalx.pt/wp-json/agendalx/v1/events,30bd293dbf77996168538d83e12f860ce4af3f06,"<em>SUPERBICHOS! Incríveis por Natureza</em> convida o público - miúdo e graúdo - a descobrir os verdadeiros “superpoderes” do mundo animal: olhos com milhares de lentes, braços que saboreiam...","crianças, famílias",,ciências,,,38.7630549,-9.0953511,http://www.pavconhecimento.pt,218 917 100,,,museu,parque-das-nacoes,,
Fernando Mello Brum,2026-03-14,2026-03-14,3+1 Arte Contemporânea,"Largo Hintze Ribeiro 2E-F, 1250-096, Lisboa",Lisboa,https://www.agendalx.pt/wp-json/agendalx/v1/events,https://www.agendalx.pt/content/uploads/2025/12/FMB019_a-1920x2406-1.jpg,artes,,,approved,agendalx,227410,https://www.agendalx.pt/wp-json/agendalx/v1/events,f696060d135d22744f79d0a2d70545b955497606,"É a primeira exposição individual de Fernando Mello Brum (Rio de Janeiro, 1989) na galeria. As pinturas de Fernando Mello Brum resultam de uma observação atenta do quotidiano, porém, não rep...",pintura,,artes,,,38.7188727,-9.1548944,http://www.3m1arte.com,210 170 765,,,galeria,santo-antonio,,
Leonor Parda e Rosa Baptista,2026-03-14,2026-03-14,Buraco,"Calçada Moinho de Vento, 16, 1150-206, Lisboa",Lisboa,https://www.agendalx.pt/wp-json/agendalx/v1/events,https://www.agendalx.pt/content/uploads/2026/01/ffff-scaled.jpg,artes,,,approved,agendalx,229624,https://www.agendalx.pt/wp-json/agendalx/v1/events,fb17a127fe228afc039481ca2cea5ce5e368b2c2,"Leonor Parda (Porto, 1986) trabalha a partir de uma lógica de fricção: entre corpo e matéria, força e falha, controlo e colapso. A sua prática convoca materiais industriais, objetos banais e fr...",coletiva,,artes,,,38.720307,-9.141088,buraco.pt,,info@buraco.pt,,galeria,,,
MONSTRA - Festival de Animação de Lisboa,2026-03-14,2026-03-22,Cinema City Alvalade,"Avenida de Roma, 100, 1700, Lisboa",Lisboa,https://www.agendalx.pt/wp-json/agendalx/v1/events,https://www.agendalx.pt/content/uploads/2026/02/wings-and-oars.jpeg,cinema,,"a:2:{i:0;a:2:{s:5:""value"";s:1:""5"";s:11:""description"";s:41:""preço normal (ver descontos aplicáveis)"";}i:1;a:2:{s:5:""value"";s:4:""3,20"";s:11:""description"";s:35:""preço normal - sessões Cinemateca"";}}",approved,agendalx,231127,https://www.agendalx.pt/wp-json/agendalx/v1/events,2fdca44d7ac7445175c2568fc0054f9ef2644bf1,"O melhor do cinema de animação está de regresso a Lisboa. Na 25.ª edição da MONSTRA, a Letónia é o país convidado, trazendo a Lisboa o seu cinema de animação, considerado um dos mais distin...","animação, festival, MONSTRA",,cinema,,,38.75431,-9.14454,http://www.cinemacity.pt,218 413 040,,,cinema,alvalade,,
Terra Água Céu,2026-03-14,2026-04-30,Brisa Galeria,"Rua Vítor Cordon, 44, 1200-484 Lisboa, Lisboa",Lisboa,https://www.agendalx.pt/wp-json/agendalx/v1/events,https://www.agendalx.pt/content/uploads/2026/02/Brisa-Galeria-scaled.jpg,artes,,,approved,agendalx,231904,https://www.agendalx.pt/wp-json/agendalx/v1/events,f35739cd27ccc279f34c7f5491412ba07951c8ca,"A nova exposição da Brisa Galeria reúne artistas que, em diferentes momentos da trajetória da galeria, contribuíram para a construção de uma cartografia sensível do mundo. Em comum, seus traba...",coletiva,,artes,,,0,0,https://brisagaleria.com/,938 141 641,,,galeria,,,
André Romão,2026-03-14,2026-03-14,Galeria Vera Cortês,"Rua João Saraiva 16, 1º, 1700-111, Lisboa",Lisboa,https://www.agendalx.pt/wp-json/agendalx/v1/events,https://www.agendalx.pt/content/uploads/2026/02/Andre-Romao-23-2000x1334-1.jpg,artes,,,approved,agendalx,232133,https://www.agendalx.pt/wp-json/agendalx/v1/events,ec9624db64f5b4833b624f019126c60077331dfd,"<em>Inverno </em>é a quarta exposição individual de André Romão na galeria. Tomando como ponto de partida uma passagem do poema <em>The Stolen Child</em>, do poeta, dramaturgo e laureado com o Pr...",escultura,,artes,,,38.7569035,-9.1420008,http://www.veracortes.com,213 950 177,,,galeria,alvalade,,
Crónicas de uma Lisboa Desconhecida,2026-03-14,2026-06-14,Museu de Lisboa - Palácio Pimenta,"Campo Grande 245, 1700-162, Lisboa",Lisboa,https://www.agendalx.pt/wp-json/agendalx/v1/events,https://www.agendalx.pt/content/uploads/2025/05/MC.FOT_.0583.jpg,artes,,"a:1:{i:0;a:2:{s:5:""value"";s:1:""3"";s:11:""description"";s:19:""Inclui todo o museu"";}}",approved,agendalx,215044,https://www.agendalx.pt/wp-json/agendalx/v1/events,aef091c0ed9afe25e8f4452e8eeb814f165367f0,"Uma viagem sobre os espaços, os tempos e os habitantes de Lisboa menos conhecidos do público através de quase uma centena de obras em reserva do Museu de Lisboa é a proposta desta exposição....",,,artes,,,38.7585536,-9.1563794,http://www.museudelisboa.pt,217 513 200,,,museu,alvalade,,
O santo mais querido de Lisboa,2026-03-14,2026-03-14,Museu de Lisboa - Santo António,"Largo de Santo António da Sé, 22, 1100-171, Lisboa",Lisboa,https://www.agendalx.pt/wp-json/agendalx/v1/events,https://www.agendalx.pt/content/uploads/2025/12/O-santo-mais-querido-de-Lisboa-1.jpg,visitas guiadas,,"a:1:{i:0;a:2:{s:5:""value"";s:1:""5"";s:11:""description"";s:6:""Bol.pt"";}}",approved,agendalx,227626,https://www.agendalx.pt/wp-json/agendalx/v1/events,5db97d63e1b8f4922ba283797c79ad313e889d78,"Mais do que uma figura religiosa, Santo António é um símbolo profundamente enraizado na identidade cultural e afetiva de Lisboa. Esta visita orientada é um convite à descoberta da vida e do le...",+10,,visitas guiadas,,,38.710197,-9.134029,www.museudelisboa.pt/pt/nucleos/santo-antonio,218 860 447,,,"equipamento-municipal, museu",santa-maria-maior,,
João Motta Guedes,2026-03-14,2026-03-14,Galeria Francisco Fino,"Rua Capitão Leitão 76, 1950-013, Lisboa",Lisboa,https://www.agendalx.pt/wp-json/agendalx/v1/events,https://www.agendalx.pt/content/uploads/2026/01/ffff-1.jpg,artes,,,approved,agendalx,229628,https://www.agendalx.pt/wp-json/agendalx/v1/events,7ce18c312ca3c390ada890e41d67ce0438e596a8,"<em>Uma seta corta o contínuo espaço-tempo e aterra num relógio, onde muitas outras já se encontram, pontuando o tempo como um alvo de dardos — cada seta um poema de amanhã. O tempo é atingido...",,,artes,,,38.7384901,-9.1053759,http://www.franciscofino.com,215 842 211,,,galeria,marvila,,
A Fábula do Pescador,2026-03-14,2026-03-28,Atelier Mestres 1A,"Calçada dos Mestres, 1A, 1070-175, Lisboa",Lisboa,https://www.agendalx.pt/wp-json/agendalx/v1/events,https://www.agendalx.pt/content/uploads/2026/01/dddd-5.jpg,artes,,,approved,agendalx,230221,https://www.agendalx.pt/wp-json/agendalx/v1/events,4b417f6cac65a9e4b78122e1f56a4e0185b0ea01,"Coletiva dos artistas da Galeria Neotaller, de Málaga (Espanha). &nbsp; &nbsp; <p class=""DATA""></p>",coletiva,,artes,,,38.727677,-9.166114,facebook.com/people/Atelier-Mestres-1A/61556975371290,936969386,geral@mestres1a.com,,galeria,,,
Manuel Caldeira,2026-03-14,2026-03-21,Balcony,"Rua Coronel Bento Roma 12A, 1700-165, Lisboa",Lisboa,https://www.agendalx.pt/wp-json/agendalx/v1/events,https://www.agendalx.pt/content/uploads/2026/02/DSC0547-2048x1365-1.jpg,artes,,,approved,agendalx,231152,https://www.agendalx.pt/wp-json/agendalx/v1/events,858a940dfd6dea9a4d2914a29d5a7b5ea26e6bfa,"<em>(...) Na ornitomancia — a arte de ler o futuro através do voo, do pouso e do silêncio das aves — nada era literal. O que importava não era a ave em si, mas o intervalo entre um bater de as...",cerâmica,,artes,,,38.748722,-9.1369375,http://www.balcony.pt,,,,galeria,alvalade,,
Slow Horror IV: Fantasmas da Intrusão,2026-03-14,2026-03-14,Prosa - Plataforma Cultural,"Rua Alves Torgo, 8, 1000-033 Lisboa",Lisboa,https://www.agendalx.pt/wp-json/agendalx/v1/events,https://www.agendalx.pt/content/uploads/2026/02/personal-shopper.jpg,cinema,,"a:1:{i:0;a:1:{s:11:""description"";s:35:""Gratuito. Donativo sugerido de 3€"";}}",approved,agendalx,231467,https://www.agendalx.pt/wp-json/agendalx/v1/events,52b6b16b03392adfde9b560c5df749da9ffea2bd,"A Prosa – Plataforma Cultural apresenta o ciclo Slow Horror, com curadoria de Fábio Sequeira. <em>Surgindo como resposta a um cinema de terror clássico, que se terá tornado repetitivo, aborrecido...","ciclo, conversa",,cinema,,,38.732537,-9.135956,https://prosacultural.org/,917 49 89 89 / 936 36 84 50,prosa@prosacultural.org,"De segunda a sexta-feira, das 09h às 18h | Outros horários: por agendamento.",,,,
A Casa,2026-03-14,2026-03-31,Cinemateca Portuguesa - Museu do Cinema,"Rua Barata Salgueiro 39, 1250-096, Lisboa",Lisboa,https://www.agendalx.pt/wp-json/agendalx/v1/events,https://www.agendalx.pt/content/uploads/2026/02/image-w1280.jpg,cinema,,,approved,agendalx,231926,https://www.agendalx.pt/wp-json/agendalx/v1/events,65fc563596414870775130562a883da09ac6905b,"<em>A casa no cinema, as casas no cinema, num ciclo em três partes que apresentaremos ao longo de março, abril e maio. (...) É um ciclo sobre (...) a casa como entidade narrativa, a casa dotada de...",ciclo,,cinema,,,38.720877,-9.148759,http://www.cinemateca.pt,213 596 200,,,cinema,santo-antonio,,
Carlos Henrich,2026-03-14,2026-06-27,Ruínas e Museu Arqueológico do Carmo,"Largo do Carmo, 1200-092, Lisboa",Lisboa,https://www.agendalx.pt/wp-json/agendalx/v1/events,https://www.agendalx.pt/content/uploads/2026/02/ssss-1-scaled.jpg,artes,,,approved,agendalx,232157,https://www.agendalx.pt/wp-json/agendalx/v1/events,e087c0f84a6875043db899d0fd2f6879b2e90904,"O projeto artístico <em>Nave Terra</em> nasce da relação íntima que Carlos Henrich tem vindo a desenvolver com o Museu Arqueológico do Carmo (MAC) e a sua coleção, integrados no espaço da ruí...",escultura,,artes,,,38.711855,-9.141009,www.museuarqueologicodocarmo.pt,21 347 86 29/ 21 346 04 73 / 93 255 96 36,servicoeducativo@arqueologos.pt,,museu,,,
Leonel Moura,2026-03-14,2026-05-29,Instituto Superior Técnico,"Avenida Rovisco Pais, 1, 1049-001, Lisboa",Lisboa,https://www.agendalx.pt/wp-json/agendalx/v1/events,https://www.agendalx.pt/content/uploads/2025/05/exposicao.jpeg,artes,,free,approved,agendalx,215189,https://www.agendalx.pt/wp-json/agendalx/v1/events,b01ff316530ab99871daba5b1e5df87f39946856,"Pioneiro na criação de arte com robótica, o artista plástico Leonel Moura apresenta a sua exposição <em>Arte com Ciência</em>. Tendo como mote a utilização da ciência, da informática à...","gratuito, pintura",,artes,,,38.737436,-9.137011,http://tecnico.ulisboa.pt,218 417 000,,,escola,alvalade,,
The Garden of Earthly Delights,2026-03-14,2026-03-29,Estufa Fria de Lisboa,"Parque Eduardo VII, 1070-099, Lisboa",Lisboa,https://www.agendalx.pt/wp-json/agendalx/v1/events,https://www.agendalx.pt/content/uploads/2026/01/Banner.png,artes,,,approved,agendalx,229157,https://www.agendalx.pt/wp-json/agendalx/v1/events,e4e97d0500b7505d33a7676cda288fc78ba03cb4,<em>The Garden of Earthly Delights</em> é uma Instalação <em>site-specific</em> nos jardins da Estufa Fria que parte da alquimia como método e não como crença. Através do vidro e da cerâmic...,"cerâmica, coletiva, instalação, vidro",,artes,,,38.7283,-9.152683,,213 882 278,,,monumento,avenidas-novas,,
Sofia Arez,2026-03-14,2026-03-22,Museu Nacional de História Natural e da Ciência,"Rua da Escola Politécnica 56/58, 1250-096, Lisboa",Lisboa,https://www.agendalx.pt/wp-json/agendalx/v1/events,https://www.agendalx.pt/content/uploads/2026/01/Firmiana-Marsili-56-x-77-cm-watercolour-on-paper-2025-scaled.jpeg,artes,,,approved,agendalx,230289,https://www.agendalx.pt/wp-json/agendalx/v1/events,c7cb06d03b6d44e1015d404f25a735ce4507e0b6,"Sofia Arez apresenta <em>Deriva, </em>uma exposição que reúne desenhos de sementes voadoras — formas mínimas que encerram o potencial da vida e evocam a condição humana: partir, deslocar-se, t...",desenho,,artes,,,38.7176254,-9.1508623,http://www.museus.ulisboa.pt,213 921 800,,,museu,santo-antonio,,
Territórios em Relação,2026-03-14,2026-04-04,Acervo Santa Maria Maior,"Rua Serpa Pinto, 2 B, 1200-444, Lisboa",Lisboa,https://www.agendalx.pt/wp-json/agendalx/v1/events,https://www.agendalx.pt/content/uploads/2026/02/Agenda-CML-Nova-Medida-16.png,artes,,free,approved,agendalx,231193,https://www.agendalx.pt/wp-json/agendalx/v1/events,5998228e91c017ed4f15f1522a312285bad52672,A segunda apresentação do Acervo Santa Maria Maior propõe uma nova aproximação a um conjunto de obras que continua a revelar a sua diversidade e qualidade. Mais do que dar continuidade à primeir...,"coletiva, desenho, escultura, fotografia, gratuito, pintura",,artes,,,38.708852,-9.14137,https://www.jf-santamariamaior.pt/acervo/,218 871 928,,,galeria,,,
Ana Cristina Dias e Raquel Serejo Martins,2026-03-14,2026-03-28,Biblioteca Palácio Galveias,"Campo Pequeno, Lisboa",Lisboa,https://www.agendalx.pt/wp-json/agendalx/v1/events,https://www.agendalx.pt/content/uploads/2026/02/InterioresELouvores-scaled.jpg,artes,,free,approved,agendalx,231504,https://www.agendalx.pt/wp-json/agendalx/v1/events,d1599f264d80bd33b848fb39f53bceff54d62aae,Um encontro entre duas pessoas que expressam as suas emoções e interpretam o mundo através da escrita e da pintura.,"coletiva, escrita, gratuito, pintura",,artes,,,38.742782,-9.144204,http://blx.cm-lisboa.pt/,218 173 090,,,"biblioteca, equipamento-municipal",avenidas-novas,,
O que quero ver,2026-03-14,2026-03-30,Cinemateca Portuguesa - Museu do Cinema,"Rua Barata Salgueiro 39, 1250-096, Lisboa",Lisboa,https://www.agendalx.pt/wp-json/agendalx/v1/events,https://www.agendalx.pt/content/uploads/2026/02/2046.webp,cinema,,,approved,agendalx,231949,https://www.agendalx.pt/wp-json/agendalx/v1/events,38390fef32067a4894c7bab9d0c8c44d44bc1ba9,"<em>Para março selecionámos, das sugestões dos nossos espectadores, três filmes: </em>2046<em>, de Wong Kar-Wai, e </em>SLAM DANCE<em>, que aqui será exibido pela primeira vez, e repete-se o film...",ciclo,,cinema,,,38.720877,-9.148759,http://www.cinemateca.pt,213 596 200,,,cinema,santo-antonio,,
Maria Augusta Bordalo Pinheiro,2026-03-14,2026-05-02,Museu Nacional de Arte Contemporânea do Chiado,"Rua Serpa Pinto, 4 | Rua Capelo, 13, 1200-444, Lisboa",Lisboa,https://www.agendalx.pt/wp-json/agendalx/v1/events,https://www.agendalx.pt/content/uploads/2026/02/Imagem1-23.jpg,artes,,,approved,agendalx,232162,https://www.agendalx.pt/wp-json/agendalx/v1/events,12dbfe05912f3f7c3800560311bed067147cf236,"A exposição <em>Linhas Cruzadas</em> recupera e valoriza a obra de Maria Augusta Bordalo Pinheiro (1841–1915), figura muito relevante e historicamente subestimada da História da Arte Portuguesa....",,,artes,,,38.70846,-9.141161,www.museuartecontemporanea.gov.pt,213 432 148,,,museu,,,
Filhos de Todos… Filhos de Quem? Os expostos da roda de Lisboa,2026-03-14,2026-05-03,Museu de São Roque,"Largo Trindade Coelho, 1200, Lisboa",Lisboa,https://www.agendalx.pt/wp-json/agendalx/v1/events,https://www.agendalx.pt/content/uploads/2025/11/expoFilhos.jpg,ciências,,free,approved,agendalx,223439,https://www.agendalx.pt/wp-json/agendalx/v1/events,4f23203ee37102a131cf6af69c1757e62b27b2e4,"A exposição <em>Filhos de Todos… Filhos de Quem? - Os expostos da roda de Lisboa</em> integra-se na candidatura destas séries ao Registo da Memória do Mundo da UNESCO, apresentada em articulaç?...","gratuito, história, Lisboa",,ciências,,,38.7130065,-9.1431934,http://www.museudesaoroque.com,213 235 444,,,museu,misericordia,,
Run Jiang Run,2026-03-14,2026-04-02,Braçoperna44,"Rua das Fontaínhas, 44, 1300-257, Lisboa",Lisboa,https://www.agendalx.pt/wp-json/agendalx/v1/events,https://www.agendalx.pt/content/uploads/2026/01/run_jiang-scaled.jpeg,artes,,,approved,agendalx,230001,https://www.agendalx.pt/wp-json/agendalx/v1/events,69082d62eb90bc87f8c9570db951782a58c8b854,"<em>Mitopoeia</em> (mythopoeia em inglês) é um subgénero da ficção especulativa e um tema recorrente na literatura e no cinema modernos, que se refere à criação de um mito artificial ou ficcio...",pintura,,artes,,,38.707751,-9.136592,https://www.bracoperna44.com/,915 200 972,bracopernainfo@gmail.com,,galeria,,,
A Carpintaria da Central Tejo 1936-2013,2026-03-14,2026-09-21,"MAAT - Museu de Arte, Arquitetura e Tecnologia","Avenida de Brasília, Central Tejo, 1300-598, Lisboa",Lisboa,https://www.agendalx.pt/wp-json/agendalx/v1/events,https://www.agendalx.pt/content/uploads/2026/02/img36_p309.jpg,artes,,,approved,agendalx,230360,https://www.agendalx.pt/wp-json/agendalx/v1/events,d7e3c37e47ada4f1655563ddeefc5d7467d030bc,"<div class=""field field--name-field-paragraph field--type-entity-reference-revisions field--label-hidden field--items""> <div class=""field--item""><section class=""content""> <div class=""container""> <d...","instalação, vídeo",,artes,,,38.695911,-9.195691,http://www.maat.pt,210 028 190,,"De quarta a segunda, das 10h às 19h",museu,alcantara,,
Madeyoulook,2026-03-14,2026-05-23,Hangar - Centro de Investigação Artística,"Rua Damasceno Monteiro, 12, 1170-112, Lisboa",Lisboa,https://www.agendalx.pt/wp-json/agendalx/v1/events,https://www.agendalx.pt/content/uploads/2026/02/dddd-1.jpg,artes,,free,approved,agendalx,231203,https://www.agendalx.pt/wp-json/agendalx/v1/events,9d182d9e11c3083adfdc744c44c1bb2e93835143,"<em>Mafolofolo</em> é uma instalação sonora e mutimédia, que surge após cinco anos de investigação no Norte da África do Sul. Com curadoria de Margarida Mendes, esta exposição, que prete...","coletiva, gratuito, instalação",,artes,,,38.72019,-9.132544,https://hangar.com.pt/,218 871 481,,,,arroios,,
Dyna Lomeli,2026-03-14,2026-03-30,Biblioteca Palácio Galveias,"Campo Pequeno, Lisboa",Lisboa,https://www.agendalx.pt/wp-json/agendalx/v1/events,https://www.agendalx.pt/content/uploads/2026/02/Expo_EstoEsMexico_DynaLomeli.jpg,artes,,free,approved,agendalx,231509,https://www.agendalx.pt/wp-json/agendalx/v1/events,c53fc1fd885b44bda27f081f6a091262fe188b4c,"Esta coleção destaca elementos emblemáticos que refletem a essência e a alma do país, fundindo tradição e modernidade em cada obra. &nbsp; <p class=""DATA""></p>",gratuito,,artes,,,38.742782,-9.144204,http://blx.cm-lisboa.pt/,218 173 090,,,"biblioteca, equipamento-municipal",avenidas-novas,,
Graça Correia,2026-03-14,2026-03-28,Biblioteca de Alcântara - José Dias Coelho,"Rua José Dias Coelho, 29, 1300-327, Lisboa",Lisboa,https://www.agendalx.pt/wp-json/agendalx/v1/events,https://www.agendalx.pt/content/uploads/2026/02/Expo_Estorias.jpg,artes,,free,approved,agendalx,231968,https://www.agendalx.pt/wp-json/agendalx/v1/events,e3096e1039cb17c34f0e0b9c14df0382f9dc6861,"Graça Correia nasceu em Alcântara em setembro de 1956. A sua pintura para além da influência da arte do Antigo Egipto e do Quattrocento também incorpora mitologia, simbolismo, surrealismo e a feb...","gratuito, pintura",,artes,,,38.706409,-9.180066,http://blx.cm-lisboa.pt/,218 173 730,bib.alcantara@cm-lisboa.pt,,"biblioteca, equipamento-municipal",alcantara,,
"Visitas guiadas ao B-MAD, Museu Berardo Arte Deco",2026-03-14,2026-12-31,"B-Mad, Berardo Museu Arte Deco","Rua Primeiro de Maio, 28, 1300-474, Lisboa",Lisboa,https://www.agendalx.pt/wp-json/agendalx/v1/events,https://www.agendalx.pt/content/uploads/2022/01/bmad.jpg,visitas guiadas,,"a:2:{i:0;a:1:{s:5:""value"";s:1:""6"";}i:1;a:1:{s:11:""description"";s:45:""Gratuito para menores de 12 anos (inclusivé)"";}}",approved,agendalx,61761,https://www.agendalx.pt/wp-json/agendalx/v1/events,ed97112a12a6f7f66951453b7c78feeddbb75a90,"O B-MAD, Berardo – Museu Arte Deco encontra-se instalado no coração da cidade de Lisboa, na antiga residência de veraneio do Marquês de Abrantes, em Alcântara. No local podem ficar a conhec...",arte deco,,visitas guiadas,,,38.701184,-9.181675,https://bmad.pt/,212 198 071,Todas as visitas ao B-MAD são guiadas,"Todos os dias: 10h às 19h (sendo a última visita ao museu às 17h)
Encerra: dia 1 de janeiro e dia 25 de Dezembro",museu,alcantara,,
O Eu como Múltiplo,2026-03-14,2026-05-04,MACAM - Museu de Arte Contemporânea,"Rua da Junqueira, 66, 1300-343 Lisboa",Lisboa,https://www.agendalx.pt/wp-json/agendalx/v1/events,https://www.agendalx.pt/content/uploads/2025/10/ana-vieira-dinis-santos-cortesia-centro-de-arte-oliva-_w1920-scaled.jpg,artes,,,approved,agendalx,224512,https://www.agendalx.pt/wp-json/agendalx/v1/events,090eaafa06d2c30fff6b5ca0559a168e6220e3be,"<em>O Eu como Múltiplo</em> título da terceira exposição temporária da Coleção MACAM, apresenta obras de artistas portugueses e estrangeiros que, através de diferentes linguagens da arte cont...","coletiva, escultura, fotografia, instalação, pintura",,artes,,,38.700497,-9.18314,www.macam.pt,,macam@macam.pt,,,,,
Júlio Pomar,2026-03-14,2026-06-13,CAMB - Centro de Arte Manuel de Brito,"Campo Grande, 113 A, 1700-089, Lisboa",Lisboa,https://www.agendalx.pt/wp-json/agendalx/v1/events,https://www.agendalx.pt/content/uploads/2025/12/Julio-Pomar-Mojiganga-segundo-Goya-1963-oleo-sobre-tela-162-x-130-cm-scaled.jpg,artes,,free,approved,agendalx,227958,https://www.agendalx.pt/wp-json/agendalx/v1/events,302d9148a051ebacb512c1be7a9aadc614404764,"Para celebrar o centenário do nascimento de Júlio Pomar é apresentada no CAMB uma exposição com uma seleção de obras de 1944 a 2004, que percorre praticamente todas as fases do artista. J?...","gratuito, pintura",,artes,,,38.756133,-9.152003,http://www.camb.pt/,219 369 734,info@camb.pt,,,,,
André Príncipe,2026-03-14,2026-04-30,Galeria Malangatana - ISPA,"Rua Jardim do Tabaco, 34, 1149-041 Lisboa, Lisboa",Lisboa,https://www.agendalx.pt/wp-json/agendalx/v1/events,https://www.agendalx.pt/content/uploads/2026/01/Imagem1-10.jpg,artes,,,approved,agendalx,230066,https://www.agendalx.pt/wp-json/agendalx/v1/events,4cdb85e44b3eb6d17e75255d83e4f145c08b1b23,"<em>Mana</em> é uma das ideias fundamentais da mundivisão Polinésia, uma força sagrada de origem sobrenatural. Ter ""mana"" quer dizer ter influência, autoridade, ter a capacidade de atuar sobre um...",fotografia,,artes,,,38.712197,-9.125978,www.ispa.pt,218 811 700,info@ispa.pt,,galeria,,,
Habitar Portugal,2026-03-14,2026-04-26,MAC/CCB,"Praça do Império (Centro Cultural de Belém), 1449-003, Lisboa",Lisboa,https://www.agendalx.pt/wp-json/agendalx/v1/events,https://www.agendalx.pt/content/uploads/2026/02/3_HabitarPortugal_©FabioCunhaMAC_CCB-1-scaled.jpg,artes,,"a:1:{i:0;a:2:{s:5:""value"";s:2:""15"";s:11:""description"";s:66:""preço normal (ver descontos aplicáveis) - inclui acesso ao museu"";}}",approved,agendalx,230367,https://www.agendalx.pt/wp-json/agendalx/v1/events,132dc94cd2422726be2a0cd526b94da915b86d42,"<span style=""font-size: 18px;"">Propondo um olhar aprofundado sobre a arquitetura enquanto prática cultural, social e política, <em>Habitar Portugal</em> afirma-a como espaço de rutura, memória e p...",arquitetura,,artes,,,38.695503,-9.208354,https://www.ccb.pt/macccb/,213 612 878,,,museu,belem,,
Willem de Rooij,2026-03-14,2026-05-17,Lumiar Cité,"Rua Tomás del Negro, 8A, 1750-105, Lisboa",Lisboa,https://www.agendalx.pt/wp-json/agendalx/v1/events,https://www.agendalx.pt/content/uploads/2026/02/dddd-2.jpg,artes,,free,approved,agendalx,231218,https://www.agendalx.pt/wp-json/agendalx/v1/events,61afc33884349d99abee68116b1b060c680683ff,"O espaço Lumiar Cité apresenta <em>Hut Hut</em>, a primeira exposição individual em Portugal de Willem de Rooij (Países Baixos, 1969). A exposição, que inclui uma instalação concebida espe...","gratuito, instalação",,artes,,,38.775231,-9.151531,http://www.maumaus.org,217 551 570,,,,lumiar,,
Francisco Leal,2026-03-14,2026-04-05,Novidade – Dona Ajuda,"Rua Alexandre Herculano, 64, 1250-096, Lisboa",Lisboa,https://www.agendalx.pt/wp-json/agendalx/v1/events,https://www.agendalx.pt/content/uploads/2026/02/Boom.png,artes,,free,approved,agendalx,231529,https://www.agendalx.pt/wp-json/agendalx/v1/events,29de21c3b8cb2e317ba9819169ada1e6ffd47285,"O jovem artista Francisco Leal apresenta na sua primeira mostra individual uma exposição que materializa, através das pinturas com halftones e banda desenhada, uma abordagem irónica do quotidiano.","gratuito, pintura",,artes,,,38.721708,-9.151363,https://donaajuda.pt/,913 398 498,geral@donaajuda.pt,,centro-cultural,,,
Mingyu Wu,2026-03-14,2026-04-26,Galeria da Boavista,"Rua da Boavista, 47-50, 1200-109 Lisboa, Lisboa",Lisboa,https://www.agendalx.pt/wp-json/agendalx/v1/events,https://www.agendalx.pt/content/uploads/2026/02/Mingyu-Wu-2-scaled.jpg,artes,,,approved,agendalx,231988,https://www.agendalx.pt/wp-json/agendalx/v1/events,d8d37a8f50a649a7c177b2445a5276c428312d06,"O título da exposição, <em>Questões Celestiais</em>, é oriundo de um poema de Qu Yuan, poeta exilado e suicida do séc. IV e III a. c. que, segundo a artista, é constituído de perguntas filos?...",cerâmica,,artes,,,38.708784,-9.148861,www.galeriasmunicipais.pt,213 476 335,,,galeria,misericordia,,
Lápis de Pintar Dias Cinzentos,2026-03-14,2026-04-06,"MAAT - Museu de Arte, Arquitetura e Tecnologia","Avenida de Brasília, Central Tejo, 1300-598, Lisboa",Lisboa,https://www.agendalx.pt/wp-json/agendalx/v1/events,https://www.agendalx.pt/content/uploads/2025/07/Lapis-de-pintar-dias-cinzentos.-MAAT.-Bruno-Lopes-1_0-1.jpg,artes,,,approved,agendalx,218822,https://www.agendalx.pt/wp-json/agendalx/v1/events,2cb53184ebb70f903376d8a7e797405a9fec825f,"A exposição reúne obras de 21 artistas portugueses e desenvolve-se por seis salas, das quais quatro são dedicadas exclusivamente a obras de Carlos Nogueira, Maria José Oliveira, Tomás Colaço e...",coletiva,,artes,,,38.695911,-9.195691,http://www.maat.pt,210 028 190,,"De quarta a segunda, das 10h às 19h",museu,alcantara,,
Entre a Palavra e o Silêncio,2026-03-14,2026-06-01,MACAM - Museu de Arte Contemporânea,"Rua da Junqueira, 66, 1300-343 Lisboa",Lisboa,https://www.agendalx.pt/wp-json/agendalx/v1/events,https://www.agendalx.pt/content/uploads/2025/10/aj-00928-1_w1920.jpeg,artes,,,approved,agendalx,224519,https://www.agendalx.pt/wp-json/agendalx/v1/events,c7ee6bd684c1fd88300a94f1f9b40d1bc8cce5e0,"O MACAM inaugura uma nova etapa do conceito The House of Private Collection (A Casa das Coleções Privadas), apresentando pela primeira vez uma coleção particular convidada – a de José Carlos Sa...",,,artes,,,38.700497,-9.18314,www.macam.pt,,macam@macam.pt,,,,,
60 Anos de Animação de Marionetas da Letónia,2026-03-14,2026-04-19,Museu da Marioneta,"Rua da Esperança, 146, 1200-660 Lisboa, Lisboa",Lisboa,https://www.agendalx.pt/wp-json/agendalx/v1/events,https://www.agendalx.pt/content/uploads/2026/01/Henry-The-Great_Jānis-Cimmermanis-1.jpg,artes,,,approved,agendalx,229303,https://www.agendalx.pt/wp-json/agendalx/v1/events,97d2ffee95f1817a8b51a728eca49a9115acf7f3,"A 19.ª exposição da MONSTRA - Festival de Cinema de Animação, em parceria com o Museu da Marioneta, convida o público a descobrir seis décadas de animação de marionetas da Letónia, através...","marionetas, MONSTRA",,artes,,,38.707972,-9.155776,http://www.museudamarioneta.pt,213 942 810,,,museu,estrela,,
Bruno Zhu,2026-03-14,2026-07-27,Fundação Calouste Gulbenkian - Centro de Arte Moderna,"Rua Doutor Nicolau Bettencourt, 1050-078, Lisboa",Lisboa,https://www.agendalx.pt/wp-json/agendalx/v1/events,https://www.agendalx.pt/content/uploads/2026/01/brunozhu_imagem_principal-1.jpg,artes,,,approved,agendalx,230070,https://www.agendalx.pt/wp-json/agendalx/v1/events,1f17a4037dc5c117f963c88cf72011cdc3d707bf,"Na exposição <em>Belas Artes</em>, Bruno Zhu confronta discursos de poder inerentes à prática museológica, através da sua marcante abordagem conceptual. Influenciado pelo design de moda, pel...",instalação,,artes,,,38.735405,-9.154091,https://gulbenkian.pt/cam/,,,,museu,avenidas-novas,,
Helena Lapas,2026-03-14,2026-03-28,Monitor Lisbon,"Rua da Páscoa, 91, 1250-091, Lisboa",Lisboa,https://www.agendalx.pt/wp-json/agendalx/v1/events,https://www.agendalx.pt/content/uploads/2026/02/Helena-Lapas-8-scaled.jpg,artes,,,approved,agendalx,230550,https://www.agendalx.pt/wp-json/agendalx/v1/events,b866b3bd3eb89e40e573b82520fb85111816c1d7,"<div> <em>Da Parede ao Chão</em>, funcionando quase como uma exposição antológica da obra de Helena Lapas, explora a evolução e a mudança da forma, técnica e suporte usadas pela artista ao...",escultura,,artes,,,38.718635,-9.159586,http://www.monitoronline.org,913 840 247,monitorlisbon@monitoronline.org,,galeria,campo-de-ourique,,
Camadas,2026-03-14,2026-03-21,UMA Galeria,"Rua Poiais de São Bento, 57, 1200-346, Lisboa",Lisboa,https://www.agendalx.pt/wp-json/agendalx/v1/events,https://www.agendalx.pt/content/uploads/2026/02/Camadas-Quadrado-2.jpg,artes,,free,approved,agendalx,231224,https://www.agendalx.pt/wp-json/agendalx/v1/events,a3e5718c8d1a79fa4c5590e77ce26e3078edcfe1,"Após 13 anos dedicados à promoção de artistas emergentes residentes em Portugal, com quase 80 exposições e mais de 100 artistas apresentados, a Apaixonarte encerra um ciclo para dar lugar a uma...","coletiva, gratuito",,artes,,,38.710747,-9.151296,https://umagaleria.com/,213 904 333,info@umagaleria.com,,"galeria, loja",misericordia,,
Conferências da Primavera no CCC Macau,2026-03-14,2026-03-26,Centro Científico e Cultural de Macau,"Rua da Junqueira, 30, 1300-383, Lisboa",Lisboa,https://www.agendalx.pt/wp-json/agendalx/v1/events,https://www.agendalx.pt/content/uploads/2026/02/CCCMacau.png,ciências,,free,approved,agendalx,231569,https://www.agendalx.pt/wp-json/agendalx/v1/events,7de229709f20a9ee4e939e1b2502544cc5d739fd,"O Centro Científico e Cultural de Macau apresenta a V edição das Conferências da Primavera, a realizar-se entre os dias 13 e 26 de março. A iniciativa é um espaço privilegiado de intercâmbio e...","Ásia, Estudos orientais, gratuito, Macau",,ciências,,,38.7008296,-9.1823876,http://www.cccm.mctes.pt,213 617 796,,,,alcantara,,
Júlia Pacheco e Mito Ferreira,2026-03-14,2026-04-11,Biblioteca/Espaço Cultural Cinema Europa,"Rua Francisco Metrass, 28, 1350-012, Lisboa",Lisboa,https://www.agendalx.pt/wp-json/agendalx/v1/events,https://www.agendalx.pt/content/uploads/2026/02/BECCE-Expo-mar26-Julia-Pacheco.jpg,artes,,free,approved,agendalx,232016,https://www.agendalx.pt/wp-json/agendalx/v1/events,e2ff516985310cec6e33e8a91f05e10e95587294,A exposição apresenta pinturas de Júlia Pacheco e esculturas de Mito Ferreira.,"coletiva, escultura, gratuito, pintura",,artes,,,38.7170931,-9.1663313,,218 009 927,,,equipamento-municipal,campo-de-ourique,,
Viver a Quinta,2026-03-14,2026-03-28,Quinta Pedagógica dos Olivais,"R. Cidade de Lobito, 1800-088, Lisboa",Lisboa,https://www.agendalx.pt/wp-json/agendalx/v1/events,https://www.agendalx.pt/content/uploads/2026/03/farmaciarural__2_.webp,ciências,,free,approved,agendalx,232296,https://www.agendalx.pt/wp-json/agendalx/v1/events,c2c5459af4eb8d7fb418ae15e720d978bd0e3998,"<em>Viver a Quinta </em>é o mote que a Quinta Pedagógica dos Olivais lança todos os sábados. Seja nas cozinhas, prados, pomar ou em qualquer outro lugar da Quinta, a proposta é fechar portas à c...","ar livre, crianças, famílias, gratuito",,ciências,,,38.764527,-9.113241,,21 855 0930,,,,,,
Percorrer Lisboa,2026-03-14,2026-05-10,Museu de Lisboa - Casa dos Bicos,"Rua dos Bacalhoeiros, 10, 1100-135, Lisboa",Lisboa,https://www.agendalx.pt/wp-json/agendalx/v1/events,https://www.agendalx.pt/content/uploads/2023/01/1_PracaComercio_7.jpg,visitas guiadas,,,approved,agendalx,83988,https://www.agendalx.pt/wp-json/agendalx/v1/events,a5e636b0d093dc0aefcdf5005aa290c83562d149,"O Museu de Lisboa promove percursos orientados e temáticos pela cidade para ajudar a compreender como esta foi construída e vivida. Andamos pelas colinas, pelos bairros, por espaços e lugares, recu...","ar livre, arquitetura, história, património",,visitas guiadas,,,38.709058,-9.1326586,http://www.museudelisboa.pt,217 513 200,,,museu,santa-maria-maior,,
Húmus,2026-03-14,2026-04-05,Atelier-Museu Júlio Pomar,"Rua do Vale, 7, 1200-109, Lisboa",Lisboa,https://www.agendalx.pt/wp-json/agendalx/v1/events,https://www.agendalx.pt/content/uploads/2025/11/Imagem1-8.jpg,artes,,,approved,agendalx,225244,https://www.agendalx.pt/wp-json/agendalx/v1/events,2024c31028d457840331a7261ad0304357e7c290,"Inspirada nas obras <em>Húmus</em>, de Raul Brandão (1917) e de Herberto Helder (1967) – dois marcos da literatura portuguesa que, apesar da distância temporal e formal, convergem na metáfora da...","coletiva, desenho, escultura, pintura",,artes,,,38.711319,-9.1504095,http://www.ateliermuseujuliopomar.pt,215 880 793,,,equipamento-municipal,misericordia,,
Nadir Afonso,2026-03-14,2026-03-14,Sociedade Nacional de Belas-Artes,"Rua Barata Salgueiro, 36, 1250-096, Lisboa",Lisboa,https://www.agendalx.pt/wp-json/agendalx/v1/events,https://www.agendalx.pt/content/uploads/2026/01/4_Antrpomorfismos_2005_acrilico-s-tela_170x210cm.jpg,artes,,,approved,agendalx,229306,https://www.agendalx.pt/wp-json/agendalx/v1/events,fbf8192a57cfb20ba8754f1578b7c61bbee4d4e6,"A exposição propõe uma viagem pelo universo criativo de Nadir Afonso, artista que partiu de Chaves para construir uma obra singular, intemporal e profundamente ancorada nas leis universais da cria?...","desenho, pintura",,artes,,,38.7209679,-9.1493975,http://www.snba.pt,213 138 510,,,"escola, galeria",santo-antonio,,
Xavier Ovídio e João Timóteo,2026-03-14,2026-03-14,Brotéria,"Rua de S. Pedro de Alcântara, 3, 1250-237, Lisboa",Lisboa,https://www.agendalx.pt/wp-json/agendalx/v1/events,https://www.agendalx.pt/content/uploads/2026/01/CARTAZ_COMUNICACAO_MCC_banner-site.jpg,artes,,,approved,agendalx,230074,https://www.agendalx.pt/wp-json/agendalx/v1/events,a743b092fe5c6112031929ad8aafa9eb964c8340,"<em>Brilha, enquanto vive não é uma exposição sobre teatro. Ainda assim, pode ser lida à luz da ideia de que tudo reside na relação entre quem age e quem observa, num espaço partilhado onde a...",coletiva,,artes,,,38.714418,-9.144191,www.broteria.org,213 961 660,hello@broteria.org,,galeria,,,
Babette de la Vega,2026-03-14,2026-03-25,ReQolle Gallery,"Rua Rodrigo da Fonseca, 107 B, 1070-239, Lisboa",Lisboa,https://www.agendalx.pt/wp-json/agendalx/v1/events,https://www.agendalx.pt/content/uploads/2026/02/IMG_9719-scaled.jpg,artes,,,approved,agendalx,230595,https://www.agendalx.pt/wp-json/agendalx/v1/events,45e27590ca40e6c7335943593264b19c6e16818f,"<div id=""tw-container"" data-cp=""1"" data-nnttsvi=""1"" data-sletp=""false"" data-sm=""1"" data-ssbp=""false"" data-sugg-time=""500"" data-sugg-url=""https://clients1.google.com/complete/search"" data-uilc=""pt-PT""...",colagem,,artes,,,38.723224,-9.153485,https://reqolle.gallery/,,info@reqolle.com,,galeria,,,
Viagens,2026-03-14,2026-03-21,GCK - Gabinete de Curiosidades Karnart,"Avenida da Índia 168, 1400-038, Lisboa",Lisboa,https://www.agendalx.pt/wp-json/agendalx/v1/events,https://www.agendalx.pt/content/uploads/2026/02/Viagens_Karnart.png,artes,,"a:1:{i:0;a:2:{s:5:""value"";s:2:""12"";s:11:""description"";s:41:""preço normal (ver descontos aplicáveis)"";}}",approved,agendalx,231235,https://www.agendalx.pt/wp-json/agendalx/v1/events,aaf5688d2d742feac6bf7ccf68f024b4438b40e5,"<span style=""font-size: 18px;""><em>Viagens</em>, a 66.ª criação da Karnart, tem origem na recolha espontânea de objetos e recordações de viagens a centros de ciência, mas sobretudo a museus de...","instalação, performance",,artes,,,38.6942532,-9.2118958,http://www.karnart.org,914 150 935,,,associacao,alcantara,,
She is the One,2026-03-14,2026-03-31,Hotel The One Palácio da Anunciada,"Rua das Portas de Santo Antão, 112-134, 1150-268, Lisboa",Lisboa,https://www.agendalx.pt/wp-json/agendalx/v1/events,https://www.agendalx.pt/content/uploads/2026/02/Imagem1-14.jpg,artes,,,approved,agendalx,231593,https://www.agendalx.pt/wp-json/agendalx/v1/events,585b879e9ad81a5317694374b7009855aea5c726,"Uma homenagem à força, sensibilidade e visão feminina através da arte. &nbsp;","coletiva, pintura",,artes,,,38.715981,-9.140279,,210 412 300,,,hotel,,,
Edis One,2026-03-14,2026-03-31,Palácio Baldaya,"Estrada de Benfica 701A, 1500-266, Lisboa",Lisboa,https://www.agendalx.pt/wp-json/agendalx/v1/events,https://www.agendalx.pt/content/uploads/2026/02/DSC03999-scaled.jpg,artes,,free,approved,agendalx,232028,https://www.agendalx.pt/wp-json/agendalx/v1/events,e70b263da97d3151386510543b8408a4d5d231ae,"<em>Broken Cities</em> apresenta uma leitura artística da distopia urbana contemporânea e da possibilidade de renascimento. O artista urbano Edis One, reconhecido pelo seu trabalho de fusão entre...",gratuito,,artes,,,38.750536,-9.200713,http://www.jf-benfica.pt/palacio-baldaya/,212 696 799,,,,,,
Maratona Óscares,2026-03-14,2026-03-15,Cinema Fernando Lopes,"Campo Grande, 376, 1749-024, Lisboa",Lisboa,https://www.agendalx.pt/wp-json/agendalx/v1/events,https://www.agendalx.pt/content/uploads/2025/09/batalha.jpg,cinema,,"a:4:{i:0;a:2:{s:5:""value"";s:2:""12"";s:11:""description"";s:13:""Pack 3 filmes"";}i:1;a:2:{s:5:""value"";s:2:""15"";s:11:""description"";s:13:""Pack 5 filmes"";}i:2;a:2:{s:5:""value"";s:2:""27"";s:11:""description"";s:14:""Pack 10 filmes"";}i:3;a:2:{s:5:""value"";s:2:""30"";s:11:""description"";s:25:""Pack 12 filmes (integral)"";}}",approved,agendalx,232315,https://www.agendalx.pt/wp-json/agendalx/v1/events,47587a3ce71d6bc8beb475ef24020f28b425c0dd,A <em>Maratona dos Óscares</em> está de regresso ao Cinema Fernando Lopes com a exibição de 12 filmes nomeados nas principais categorias da 98.ª edição dos Prémios da Academia das Artes e Ciê...,"ciclo, óscares",,cinema,,,38.754601,-9.152853,https://cinemaeartes.ulusofona.pt/pt/cinema-fernando-lopes,217 515 500,,,cinema,,,
À Descoberta do Castelo de São Jorge,2026-03-14,2026-12-31,Castelo de São Jorge,"Rua de Santa Cruz do Castelo, 1100-129, Lisboa",Lisboa,https://www.agendalx.pt/wp-json/agendalx/v1/events,https://www.agendalx.pt/content/uploads/2023/07/formacao_acessibilidade.jpg,visitas guiadas,,"a:1:{i:0;a:2:{s:5:""value"";s:1:""4"";s:11:""description"";s:29:""Visitas incluídas no bilhete"";}}",approved,agendalx,174735,https://www.agendalx.pt/wp-json/agendalx/v1/events,d0341c864228d9f41e290392dbedbd8b39ae001b,"O Castelo de São Jorge, que sobressai na malha urbana de Lisboa, é onde reunimos as histórias de um distante passado que documentam a evolução da cidade até aos nossos dias. Visitas todos os...",ar livre,,visitas guiadas,,,38.712873,-9.132801,http://www.castelodesaojorge.pt,218 800 620,,,"equipamento-municipal, monumento",santa-maria-maior,,
Mário Dionísio,2026-03-14,2026-04-20,Casa da Achada – Centro Mário Dionísio,"Rua da Achada, 11, r/c, 1100-236, Lisboa",Lisboa,https://www.agendalx.pt/wp-json/agendalx/v1/events,https://www.agendalx.pt/content/uploads/2025/08/Monologo-a-muitas-vozes-j-scaled.jpg,artes,,,approved,agendalx,219872,https://www.agendalx.pt/wp-json/agendalx/v1/events,f8b4d41852a8f936e769acf7ca810e2dcec7e717,"Uma exposição de pintura de Mário Dionísio, em diálogo com o seu único romance, <em>Não há Morte nem Princípio</em>. A exposição mostra obras dos anos 60 em diante, altura em que este escri...",pintura,,artes,,,38.7133853,-9.1352684,http://www.centromariodionisio.org,218 877 090,,,associacao,santa-maria-maior,,
José de Guimarães,2026-03-14,2026-03-15,Panteão Nacional,"Campo de Santa Clara, 1100, Lisboa",Lisboa,https://www.agendalx.pt/wp-json/agendalx/v1/events,https://www.agendalx.pt/content/uploads/2025/12/Imagem1-1.jpg,artes,,,approved,agendalx,225295,https://www.agendalx.pt/wp-json/agendalx/v1/events,0b4dd5ef309f255188dd0f0ee8b9e06874c92366,"No âmbito das celebrações dos 500 anos do nascimento de Luís de Camões, o Panteão Nacional apresenta, em parceria com a Caixa Geral de Depósitos, a tapeçaria <em>Camões III</em>, da autoria d...","José de Guimarães, tapeçaria",,artes,,,38.7153346,-9.1243883,,218 854 820,,,monumento,sao-vicente,,
Fernando Cardoso,2026-03-14,2026-03-30,AJA - Associação José Afonso,"Rua de São Bento, 170, 1200-821, Lisboa",Lisboa,https://www.agendalx.pt/wp-json/agendalx/v1/events,https://www.agendalx.pt/content/uploads/2025/12/BANA5-scaled.jpg,artes,,,approved,agendalx,228176,https://www.agendalx.pt/wp-json/agendalx/v1/events,b48e90a1344a8f11c0a159dc4e09f2bf5ed3414e,"Resultado de anos de viagens, estudo, investigação e vivência na Índia, esta exposição apresenta um registo de impressões e sensações recolhidas ao longo dos caminhos percorridos. Rostos,...",fotografia,,artes,,,38.71265,-9.15284,https://aja.pt/,211 318 290,associacaojoseafonso@gmail.com,,associacao,,,
Turn Around,2026-03-14,2027-01-25,"MAAT - Museu de Arte, Arquitetura e Tecnologia","Avenida de Brasília, Central Tejo, 1300-598, Lisboa",Lisboa,https://www.agendalx.pt/wp-json/agendalx/v1/events,https://www.agendalx.pt/content/uploads/2026/01/Imagem1-3.jpg,artes,,,approved,agendalx,229309,https://www.agendalx.pt/wp-json/agendalx/v1/events,b502dc4e8a89f0426ce89f88521ef4e48bc7c296,"<em>Turn Around</em> apresenta-se como uma das mais amplas e ambiciosas leituras públicas da arte contemporânea em Portugal. Com curadoria de João Pinharanda, Margarida Chantre e Sérgio Mah, a...",coletiva,,artes,,,38.695911,-9.195691,http://www.maat.pt,210 028 190,,"De quarta a segunda, das 10h às 19h",museu,alcantara,,
The Tea Master,2026-03-14,2026-03-14,Rui Freire-Fine Art,"Rua Serpa Pinto, 1, 1200-442 Lisboa, Lisboa",Lisboa,https://www.agendalx.pt/wp-json/agendalx/v1/events,https://www.agendalx.pt/content/uploads/2026/01/Imagem1-11.jpg,artes,,,approved,agendalx,230077,https://www.agendalx.pt/wp-json/agendalx/v1/events,df51c83e53642d87d3af55587472ca67fc91424e,"Exposição coletiva que reúne onze artistas cujas práticas interrogam de forma crítica a pintura, o desenho, a escultura e a experiência do espaço. Concebida como um campo de ressonâncias, m...","colagem, coletiva, desenho, escultura, pintura",,artes,,,38.708094,-9.141327,www.rui-freire.com,213 461 525,info@rui-freire.com,,galeria,,,
Carlota Roque Martins,2026-03-14,2026-03-25,Galeria de São Mamede,"Rua da Escola Politécnica, 167, 1250-096, Lisboa",Lisboa,https://www.agendalx.pt/wp-json/agendalx/v1/events,https://www.agendalx.pt/content/uploads/2026/02/Carlota-Roque-Martins-Tudo-e-Deserto-2026-Galeria-Sao-Mamde-scaled.jpg,artes,,,approved,agendalx,231261,https://www.agendalx.pt/wp-json/agendalx/v1/events,8bec987d7fc06f546ec3cc0d95cfbdaaf7f2580b,"Carlota Roque Martins (Lisboa, 1992) vive e trabalha em Lisboa. Licenciada em Pintura pela Faculdade de Belas-Artes da Universidade de Lisboa (2010–2014), desenvolve uma prática artística centrada...",pintura,,artes,,,38.718529,-9.152985,http://www.saomamede.com,213 973 255,,,galeria,santo-antonio,,
Rising Stars – Portas Abertas,2026-03-14,2026-03-15,Fundação Calouste Gulbenkian,"Avenida de Berna, 45A, 1050-078, Lisboa",Lisboa,https://www.agendalx.pt/wp-json/agendalx/v1/events,https://www.agendalx.pt/content/uploads/2026/02/Maat-Saxophone-Quartet.jpg,música,,free,approved,agendalx,231596,https://www.agendalx.pt/wp-json/agendalx/v1/events,66e4147e97f6d4eda5f361956164f2b824ec5d2b,"<span data-olk-copy-source=""MessageBody"">As portas do Grande Auditório da Fundação Gulbenkian voltam a abrir-se para um fim de semana dedicado aos jovens talentos europeus. </span>Este ano, a Gulbe...","clássica, gratuito",,música,,,38.7380413,-9.1550827,http://www.gulbenkian.pt,217 823 000,,,"fundacao, museu, biblioteca, auditorio",avenidas-novas,,
Natália Gromicho,2026-03-14,2026-04-03,Atelier Natália Gromicho,"Rua Nova da Trindade 5G, piso S/L, 1200-309, Lisboa",Lisboa,https://www.agendalx.pt/wp-json/agendalx/v1/events,https://www.agendalx.pt/content/uploads/2026/02/Imagem12.jpg,artes,,,approved,agendalx,232042,https://www.agendalx.pt/wp-json/agendalx/v1/events,2081d2e829e0324a698d0411d466404bb13b7a3e,"A artista atravessa o território do caos, não como desordem absoluta, mas como potência criadora. Explosões de cor dialogam com gestos instintivos, compondo um espaço onde a energia vital se torn...",,,artes,,,38.711892,-9.142349,www.ateliernataliagromicho.com,965 865 454,,,"atelier, galeria",santa-maria-maior,,
Looped Futures,2026-03-14,2026-04-25,Artemis Gallery,"Rua de Dona Estefânia, 21 A-B, 1000-153 Lisboa, Lisboa",Lisboa,https://www.agendalx.pt/wp-json/agendalx/v1/events,https://www.agendalx.pt/content/uploads/2026/03/AJS202602-GA1-D02-4087-E-Looped-Futures-L-Galeria-Artemis-scaled.jpg,artes,,,approved,agendalx,232336,https://www.agendalx.pt/wp-json/agendalx/v1/events,8840ce47c459a9f6dc38ebc4c52819927c9e5265,"Os ciclos implicam repetição, mas nunca simples duplicação. O que retorna é alterado pelo que já ocorreu. Na natureza, na história e na experiência humana, os ciclos sustentam a continuidade,...",coletiva,,artes,,,38.735594,-9.15042,https://www.artemis-gallery.net/,,info@artemis-gallery.net,,galeria,,,
A Cinemateca com a MONSTRA,2026-03-14,2026-03-21,Cinemateca Júnior,"Palácio Foz, Praça dos Restauradores, 1250-112, Lisboa",Lisboa,https://www.agendalx.pt/wp-json/agendalx/v1/events,https://www.agendalx.pt/content/uploads/2026/02/shaun-the-sheep-1.jpg,cinema,,,approved,agendalx,231932,https://www.agendalx.pt/wp-json/agendalx/v1/events,eef35d590caec4f38b4c075bdfd568307e75110c,"A Cinemateca volta a colaborar com o festival de animação de Lisboa, <a href=""https://www.monstrafestival.com/pt/"" target=""_blank"" rel=""noopener"">MONSTRA</a>. O programa inclui oito sessões, duas d...","animação, festival, MONSTRA",,cinema,,,38.71584,-9.142397,http://www.cinemateca.pt/cinemateca-junior.aspx,213 462 157 / 213 476 129,,,cinema,santa-maria-maior,,
Hércules,2026-03-14,2026-04-26,Teatro Politeama,"Rua das Portas de Santo Antão, 109, 1150-265, Lisboa",Lisboa,https://www.agendalx.pt/wp-json/agendalx/v1/events,https://www.agendalx.pt/content/uploads/2025/09/Sem-Titulo-2.png,teatro,,,approved,agendalx,221995,https://www.agendalx.pt/wp-json/agendalx/v1/events,55e767744f7979a362e6a24b3e9addcad11b5f74,"Depois do sucesso de<em> A Bela e o Monstro</em>, Filipe La Féria regressa com uma nova criação épica: <em>Hércules – O Musical Heróico</em>. Inspirado nos lendários 12 trabalhos do herói...","crianças, escolas, famílias",,teatro,,,38.716489,-9.14091,www.filipelaferia.pt,213 405 700,,"Bilheteira:
Segunda e terça, das 14h às 19h
Quarta a sábado, das 14h às 21h30
Domingo, das 14h às 17h",teatro,,,
Nós e a voz,2026-03-14,2026-03-15,Fundação Calouste Gulbenkian,"Avenida de Berna, 45A, 1050-078, Lisboa",Lisboa,https://www.agendalx.pt/wp-json/agendalx/v1/events,https://www.agendalx.pt/content/uploads/2026/03/nos-e-o-voz_16x9.jpg,música,,free,approved,agendalx,232478,https://www.agendalx.pt/wp-json/agendalx/v1/events,dacf0097eeae68a43a5df1aba161b4a46daf779f,"Eu canto. Tu cantas. Nós cantamos. Nós e a voz. Histórias que se tornam canto. Cantos que se tornam histórias. Nesta oficina, as nossas vozes, e nós com elas, transformam-se em canto: com e sem...",gratuito,,música,,,38.7380413,-9.1550827,http://www.gulbenkian.pt,217 823 000,,,"fundacao, museu, biblioteca, auditorio",avenidas-novas,,
A Lagartinha Aventureira,2026-03-14,2026-03-28,Boutique da Cultura - Um Teatro em Cada Bairro,"Avenida Colégio Militar, 1500-187, Lisboa",Lisboa,https://www.agendalx.pt/wp-json/agendalx/v1/events,https://www.agendalx.pt/content/uploads/2023/11/lagartinha.png,teatro,,"a:1:{i:0;a:1:{s:5:""value"";s:2:""15"";}}",approved,agendalx,177478,https://www.agendalx.pt/wp-json/agendalx/v1/events,849db139b9a2586a2c75c2da0bd15fd0dc4e2737,"Era uma vez uma Lagartinha atrevida que resolve explorar o mundo à sua volta. Entre tropelias e brincadeiras, conhece novos amigos e aprende coisas incríveis sobre a maravilhosa natureza que a rodei...","bebés, crianças, famílias",,teatro,,,38.756483,-9.185602,www.boutiquedacultura.org,926 830 272,,,associacao,carnide,,
"Ah, Amália",2026-03-14,2027-05-01,8 Marvila,"Praça David Leandro da Silva, 8, 1950-064, Lisboa",Lisboa,https://www.agendalx.pt/wp-json/agendalx/v1/events,https://www.agendalx.pt/content/uploads/2024/05/AnjoMariana-4-of-45.jpg,artes,,"a:1:{i:0;a:1:{s:5:""value"";s:11:""17 € a 20"";}}",approved,agendalx,190938,https://www.agendalx.pt/wp-json/agendalx/v1/events,1765ffadb0bf3340b83669f9873578c900fc9501,"<p dir=""ltr""><em>Ah, Amália - Living Experience</em> é a primeira experiência biográfica imersiva dedicada a uma personalidade nacional. Nesta experiência biográfica, os sentidos são convida...","Amália Rodrigues, experiência imersiva, fado, vídeomapping",,artes,,,38.742426,-9.102397,https://www.8marvila.com/,,,,,,,
Há Música na Biblioteca!,2026-03-14,2026-03-14,Biblioteca Nacional de Portugal,"Campo Grande, 83, 1600, Lisboa",Lisboa,https://www.agendalx.pt/wp-json/agendalx/v1/events,https://www.agendalx.pt/content/uploads/2025/11/benjamim.png,música,,free,approved,agendalx,224675,https://www.agendalx.pt/wp-json/agendalx/v1/events,a06ae8b34504b9deac5e44447331d19d9ecf76f4,"<p style=""font-weight: 400;"">O 3.º Ciclo Benjamim é um conjunto de concertos comentados para famílias e inscreve-se no projeto educativo do MPMP. Trata-se de momentos musicais informais e descontra...","crianças, famílias, gratuito",,música,,,38.751268,-9.152032,http://www.bnportugal.pt,217 982 000,,,biblioteca,alvalade,,
Do minueto à macarena,2026-03-14,2026-03-14,All Portugal Space,"Rua 2 da Matinha 5D, 1950-326, Lisboa",Lisboa,https://www.agendalx.pt/wp-json/agendalx/v1/events,https://www.agendalx.pt/content/uploads/2026/03/transferir.png,música,,,approved,agendalx,232738,https://www.agendalx.pt/wp-json/agendalx/v1/events,72fec0f2f66f5e9e0082904cca5c9c95071f3d42,"<span data-olk-copy-source=""MessageBody"">Uma viagem envolvente ao longo do tempo e dos diferentes estilos musicais, conduzida pelas musicistas Startseva Oksana (violino) e Nadejda Drapkina (piano).</s...","crianças, famílias",,música,,,-10.875453,-37.783607,,913 338 867,,,,,,
Mamma Mia Baby!,2026-03-14,2026-03-29,Auditório Santa Joana Princesa,"Rua Lagares del' Rei, n.º 23, 1700- 268 Lisboa",Lisboa,https://www.agendalx.pt/wp-json/agendalx/v1/events,https://www.agendalx.pt/content/uploads/2025/10/DSC02224-2-scaled.jpg,teatro,,"a:1:{i:0;a:1:{s:5:""value"";s:11:""10 € a 25"";}}",approved,agendalx,222530,https://www.agendalx.pt/wp-json/agendalx/v1/events,7117498a98c968795e09398a7fb7146658ad6ef2,"Estreado em outubro do ano passado, Mamma Mia! Baby afirma-se como um espetáculo sensorial único no panorama artístico português, ao adaptar o universo musical do filme Mamma Mia para bebés, cri...","all ages, bebés, Bernardo Raposo, crianças, teatro musical",,teatro,,,38.747468,-9.134841,,,geral@paroquiasantajoana.pt,,,alvalade,,
A princesa e o sapo,2026-03-14,2026-03-28,Boutique da Cultura - Um Teatro em Cada Bairro,"Avenida Colégio Militar, 1500-187, Lisboa",Lisboa,https://www.agendalx.pt/wp-json/agendalx/v1/events,https://www.agendalx.pt/content/uploads/2024/08/Sem-Titulo.png,teatro,,"a:1:{i:0;a:1:{s:5:""value"";s:2:""10"";}}",approved,agendalx,196807,https://www.agendalx.pt/wp-json/agendalx/v1/events,4aab831681785745796a67d8cbf09e8afd079933,"Melodiana, uma princesa com um feitio e um penteado bastante particulares, naufraga numa ilha que julga ser deserta. Para sua surpresa encontra mais um náufrago que por ali habita há anos. Até a...","crianças, famílias",,teatro,,,38.756483,-9.185602,www.boutiquedacultura.org,926 830 272,,,associacao,carnide,,
Fevereiro e março nos Coruchéus,2026-03-14,2026-03-31,Coruchéus – Um Teatro em Cada Bairro,"Complexo Municipal dos Coruchéus - Rua Alberto de Oliveira, 1700-019, Lisboa",Lisboa,https://www.agendalx.pt/wp-json/agendalx/v1/events,https://www.agendalx.pt/content/uploads/2026/01/INSHADOW-Vultures-de-Lea-Siebrecht-Angela-Bismarck-@InShadow2025.jpg,,,free,approved,agendalx,229478,https://www.agendalx.pt/wp-json/agendalx/v1/events,e8f6ea51d6c0010cf9abeb1a658f5f10f9003af0,"Espaço cultural inaugurado em novembro de 2023 com uma programação multidisciplinar onde as componentes sociais, artísticas e criativas se interligam, que promove sinergias com as comunidades e co...","gratuito, um teatro em cada bairro",,,,,38.751174,-9.144792,,umteatroemcadabairro.corucheus@cm-lisboa.pt,,,equipamento-municipal,alvalade,,
"Mulheres, Lutas e Liberdades",2026-03-14,2026-03-15,Casa do Comum do Bairro Alto,"Rua da Rosa, 285, 1200-408, Lisboa",Lisboa,https://www.agendalx.pt/wp-json/agendalx/v1/events,https://www.agendalx.pt/content/uploads/2024/01/westwood_1.jpg,cinema,,,approved,agendalx,231164,https://www.agendalx.pt/wp-json/agendalx/v1/events,72a944dc122c45bc9380fb2ec1f9d2166e527a16,"O ciclo de cinema <em>Mulheres, Lutas e Liberdades</em> assinala o Dia Internacional da Mulher com um programa de filmes onde a resistência e a criação femininas são os temas centrais. A iniciativ...","ciclo, Dia Internacional da Mulher",,cinema,,,38.713632,-9.145775,https://www.casadocomum.org/,213 259 992,,,,,,
A Serviço do Rei,2026-03-14,2026-05-23,Palácio Nacional da Ajuda,"Largo da Ajuda, 1300, Lisboa",Lisboa,https://www.agendalx.pt/wp-json/agendalx/v1/events,https://www.agendalx.pt/content/uploads/2025/10/08-A-servico-do-Rei_-14-janeiro_-Eco-Tours.jpg,visitas guiadas,,,approved,agendalx,222744,https://www.agendalx.pt/wp-json/agendalx/v1/events,c1faa3d0ad6cc9a24de02969baf9c4decde22bba,"O Palácio Nacional da Ajuda prepara-se para oferecer mais um banquete. Desta vez, os ilustres convidados são não mais nem menos do que monarcas ingleses e a sua respetiva comitiva. Dada a pompa...","crianças, famílias",,visitas guiadas,,,38.707681,-9.196469,https://www.palacioajuda.gov.pt/,213 637 095,se.pnajuda@museusemonumentos.pt,,monumento,ajuda,,
Março na Quinta Alegre,2026-03-14,2026-03-31,Quinta Alegre - Um Teatro em Cada Bairro,"Campo das Amoreiras, 94, 1750-025, Lisboa",Lisboa,https://www.agendalx.pt/wp-json/agendalx/v1/events,https://www.agendalx.pt/content/uploads/2026/02/Oficina-Corta-e-Cria_Quinta-Alegre-1-rotated.jpg,,,free,approved,agendalx,232145,https://www.agendalx.pt/wp-json/agendalx/v1/events,7824a9290aa5a9a0eb0b943bb0814bea7e28b1ee,"Um espaço cultural de proximidade, agregando, valorizando e integrando pessoas e comunidades, com oferta de programação variada, através do cruzamento entre a produção artística e cultural do t...","gratuito, um teatro em cada bairro",,,,,38.787887,-9.145223,,218 174 040,umteatroemcadabairro.quintaalegre@cm-lisboa.pt,,equipamento-municipal,santa-clara,,
Era uma vez...,2026-03-14,2026-06-07,Teatro Armando Cortez,"Estrada da Pontinha, 7, 1600-582, Lisboa",Lisboa,https://www.agendalx.pt/wp-json/agendalx/v1/events,https://www.agendalx.pt/content/uploads/2025/10/foto_promo_eraumavez_til_0459-scaled.jpg,teatro,,,approved,agendalx,223163,https://www.agendalx.pt/wp-json/agendalx/v1/events,5fc40fef0de2f7fd5bf0963081b2ce8e4260095a,"Na biblioteca do avô Agostinho, um livro misterioso desperta a curiosidade dos irmãos Tomás e Leonor. Ao treparem a estante, desencadeiam um caos: livros caem, as páginas misturam-se, as história...","crianças, famílias, teatro infantil",,teatro,,,38.760374,-9.192229,http://www.casadoartista.net,217 110 895,,,teatro,carnide,,
Festa do Cinema Romeno,2026-03-14,2026-03-29,Atmosfera M,"Rua Castilho, 5, 1250-096, Lisboa",Lisboa,https://www.agendalx.pt/wp-json/agendalx/v1/events,https://www.agendalx.pt/content/uploads/2026/02/MV5BMDBjZmFmNzAtMWYyZi00OTY2LTkyNGQtMWQwY2U5MzVjNTM3XkEyXkFqcGc@._V1_FMjpg_UX1920.jpeg,cinema,,,approved,agendalx,231065,https://www.agendalx.pt/wp-json/agendalx/v1/events,a79ce9bf4afec2e9a609532f1a8216f29023e1b9,"Lisboa recebe pela primeira vez a Festa do Cinema Romeno que celebra a cinematografia romena contemporânea. O programa inclui uma seleção de curtas e longas-metragens, bem como a presença de con...","cinema romeno, festival",,cinema,,,38.723985,-9.152598,https://www.montepio.org/vantagens-montepio/atmosfera-m/,210 002 730,,,associacao,santo-antonio,,
Monstrinha na Quinta Alegre,2026-03-14,2026-03-14,Quinta Alegre - Um Teatro em Cada Bairro,"Campo das Amoreiras, 94, 1750-025, Lisboa",Lisboa,https://www.agendalx.pt/wp-json/agendalx/v1/events,https://www.agendalx.pt/content/uploads/2026/03/Monstrinha_creditos-MONSTRA-Festival-de-Animacao-de-Lisboa-scaled.jpg,cinema,,free,approved,agendalx,232486,https://www.agendalx.pt/wp-json/agendalx/v1/events,649d25a2c47105c0ccf198a158162914f8b9817c,"<div class=""x_elementToProof"">A <em>Monstrinha</em> chegou à Quinta Alegre! A secção da <em>Monstra | Festival de Animação de Lisboa</em> dedicada às crianças, jovens e famílias vem mostrar cu...","crianças, famílias, gratuito",,cinema,,,38.787887,-9.145223,,218 174 040,umteatroemcadabairro.quintaalegre@cm-lisboa.pt,,equipamento-municipal,santa-clara,,
Dia do Pai,2026-03-14,2026-03-14,Museu da Farmácia,"Rua Marechal Saldanha, 1, 1249-069, Lisboa",Lisboa,https://www.agendalx.pt/wp-json/agendalx/v1/events,https://www.agendalx.pt/content/uploads/2026/03/sabonete.png,ciências,,"a:1:{i:0;a:2:{s:5:""value"";s:2:""12"";s:11:""description"";s:12:""participante"";}}",approved,agendalx,232614,https://www.agendalx.pt/wp-json/agendalx/v1/events,f881e2dd22ea42318f1789de40cfb075e7154ca4,"A ciência e a criatividade estão constantemente de mãos dadas e podemos usá-las para criar prendas para oferecer a quem mais gostamos. Neste atelier educativo, desafiam-se os pequenos cientistas a...",crianças,,ciências,,,38.7100709,-9.1471278,http://www.museudafarmacia.pt,213 400 600,,,museu,misericordia,,
A Verdadeira História do Lobo Mau,2026-03-14,2026-03-22,Teatro da Comuna,"Palácio Cor de Rosa, Praça de Espanha, 1050-024, Lisboa",Lisboa,https://www.agendalx.pt/wp-json/agendalx/v1/events,https://www.agendalx.pt/content/uploads/2026/02/Sem-Titulo-2.png,teatro,,"a:1:{i:0;a:1:{s:5:""value"";s:2:""10"";}}",approved,agendalx,231853,https://www.agendalx.pt/wp-json/agendalx/v1/events,66eeb65a7b863ae22b3bc2defd234e21bd38b992,Todos conhecemos a história do Lobo Mau e do Capuchinho Vermelho. Mas… e se a história não for bem assim? Nunca nos lembrámos de perguntar ao Lobo qual é a versão dele dos acontecimentos! Ser?...,"+4, crianças, famílias",,teatro,,,38.738006,-9.157756,http://www.comunateatropesquisa.pt,217 221 770,,,teatro,campolide,,
Corta & Cria: Personagens em Pop-Up,2026-03-14,2026-03-14,Quinta Alegre - Um Teatro em Cada Bairro,"Campo das Amoreiras, 94, 1750-025, Lisboa",Lisboa,https://www.agendalx.pt/wp-json/agendalx/v1/events,https://www.agendalx.pt/content/uploads/2026/03/Oficina-Corta-e-Cria_Quinta-Alegre-1-scaled.jpg,artes,,free,approved,agendalx,232483,https://www.agendalx.pt/wp-json/agendalx/v1/events,418daea373f0e7e501e6e94de2fa0cabc40d0478,"<div class=""x_elementToProof""><span data-olk-copy-source=""MessageBody"">Estes cartões guardam surpresas de papel que se mexem quando menos esperamos. De repente, pode surgir um animal, uma figura dive...","crianças, famílias, gratuito",,artes,,,38.787887,-9.145223,,218 174 040,umteatroemcadabairro.quintaalegre@cm-lisboa.pt,,equipamento-municipal,santa-clara,,
O Capuchinho Vermelho,2026-03-14,2026-03-14,Auditório da Biblioteca Orlando Ribeiro,"Antigo Solar da Nora, Estrada de Telheiras, 146, 1600-598, Lisboa",Lisboa,https://www.agendalx.pt/wp-json/agendalx/v1/events,https://www.agendalx.pt/content/uploads/2024/01/capucnhinho-foto-com-flores-1000x650-1.jpg,teatro,,"a:1:{i:0;a:1:{s:5:""value"";s:1:""8"";}}",approved,agendalx,183568,https://www.agendalx.pt/wp-json/agendalx/v1/events,19b794b7e981c1b33b63746d91a1fc218e7c1852,"A avó do Capuchinho Vermelho é muito simpática, adora dançar e vive ao lado de uma floresta. E que floresta!!! Onde tudo é tão animado: flores cheirosas, borboletas mágicas, o caçador Lopez...","bebés, crianças, famílias",,teatro,,,38.759834,-9.169052,http://jf-lumiar.pt/,217 541 350,,,"auditorio, equipamento-municipal",lumiar,,
Inês Gonçalves e Ana Paganini,2026-03-14,2026-03-28,Lumina Galeria,"Rua Actor Vale, 53 A, 1900-023, Lisboa",Lisboa,https://www.agendalx.pt/wp-json/agendalx/v1/events,https://www.agendalx.pt/content/uploads/2026/01/©Ines-Goncalves-e-©Ana-Paganini-scaled.jpg,artes,,free,approved,agendalx,230296,https://www.agendalx.pt/wp-json/agendalx/v1/events,56c00da82d757d51059093d938ba565284431ab6,"Exposição de fotografia que propõe o encontro entre dois corpos de trabalho autónomos, realizados em momentos distintos, mas unidos por um território simbólico comum: a representação de traço...","coletiva, fotografia, gratuito",,artes,,,38.736613,-9.130446,https://www.luminagaleria.com/,919 906 172,info@luminagaleria.com,,galeria,,,
Uma outra Bela Adormecida,2026-03-14,2026-03-22,LU.CA - Teatro Luís de Camões,"Calçada da Ajuda, 80, 1300-015, Lisboa",Lisboa,https://www.agendalx.pt/wp-json/agendalx/v1/events,https://www.agendalx.pt/content/uploads/2023/03/umabelaadormecida-15-230111-1024x683-1.jpg,teatro,,"a:1:{i:0;a:1:{s:5:""value"";s:9:""3 € e 7"";}}",approved,agendalx,231732,https://www.agendalx.pt/wp-json/agendalx/v1/events,f2989e178e3e9f0187229360ea43139321a27b86,"A história d’A Bela Adormecida foi contada pelo senhor Charles Perrault há muito tempo. Tanto que, mais de 350 anos depois, Agustina Bessa-Luís reescreveu o texto, dando-lhe novos significados...","Agustina Bessa-Luís, beatriz brás, crianças, famílias, Martim Sousa Tavares",,teatro,,,38.707771,-9.195983,http://www.lucateatroluisdecamoes.pt/,21 593 9100,info@lucateatroluisdecamoes.pt,,,,,
Março na Casa do Jardim da Estrela,2026-03-14,2026-03-31,Casa do Jardim da Estrela - Um Teatro em Cada Bairro,"Jardim Guerra Junqueiro - Praça da Estrela, 12, 1200-694",Lisboa,https://www.agendalx.pt/wp-json/agendalx/v1/events,https://www.agendalx.pt/content/uploads/2026/02/Lituo_foto.jpg,,,free,approved,agendalx,232047,https://www.agendalx.pt/wp-json/agendalx/v1/events,4b86da53fda1e971460fe9148d96973b9dd117e6,"A Casa do Jardim da Estrela – Um Teatro em Cada Bairro é um equipamento cultural da Câmara Municipal de Lisboa, aberto à cidade, a artistas e aos lisboetas, para a construção de uma sociedade m...","gratuito, um teatro em cada bairro",,,,,38.714045,-9.159579,,,umteatroemcadabairro.cjardimestrela@cm-lisboa.pt,"Terça a sábado, das 10h às 18h",,,,
"Vamos, Obi!",2026-03-14,2026-03-22,Auditório Carlos Paredes,"Avenida Gomes Pereira 17, 1500-328, Lisboa",Lisboa,https://www.agendalx.pt/wp-json/agendalx/v1/events,https://www.agendalx.pt/content/uploads/2026/02/vamosObi_headerSite_2.jpg,teatro,,,approved,agendalx,230590,https://www.agendalx.pt/wp-json/agendalx/v1/events,b306e2c70625d9a4fd7a0397e5e393a9c8fb045e,"Ivo adora a escola! O professor, os amigos… Mas as letras do abecedário estão sempre a pregar-lhe partidas - não há forma de as conseguir juntar da maneira certa! Aprender a ler parece uma taref...","crianças, famílias",,teatro,,,38.748506,-9.1976119,http://www.jf-benfica.pt,217 123 000,,,auditorio,benfica,,
May I help you? Posso Ajudar?,2026-03-14,2026-12-30,MAC/CCB,"Praça do Império (Centro Cultural de Belém), 1449-003, Lisboa",Lisboa,https://www.agendalx.pt/wp-json/agendalx/v1/events,https://www.agendalx.pt/content/uploads/2026/02/jeff.jpg,artes,,"a:1:{i:0;a:2:{s:5:""value"";s:2:""15"";s:11:""description"";s:105:""inclui acesso a todas as exposições de arte contemporânea e de arquitetura (ver descontos aplicáveis)"";}}",approved,agendalx,231679,https://www.agendalx.pt/wp-json/agendalx/v1/events,67cf670be97b444ca95cebf4a01109daa6a8ba00,"<p class=""h1__subpages""><em>May I Help You? Posso ajudar? - Artes e artistas da década de 1970 em diante</em> é a nova exposição permanente do MAC/CCB.</p> A questão quotidiana «Posso ajudar?»...","escultura, fotografia, instalação, pintura",,artes,,,38.695503,-9.208354,https://www.ccb.pt/macccb/,213 612 878,,,museu,belem,,
"Desconstruir o Colonialismo, Descolonizar o Imaginário",2026-03-14,2026-03-29,Museu Nacional de Etnologia,"Avenida Ilha da Madeira, 1400, Lisboa",Lisboa,https://www.agendalx.pt/wp-json/agendalx/v1/events,https://www.agendalx.pt/content/uploads/2024/10/Etnologia.jpg,"artes, ciências",,"a:1:{i:0;a:2:{s:5:""value"";s:1:""5"";s:11:""description"";s:55:""acesso normal (ver descontos aplicáveis), inclui museu"";}}",approved,agendalx,201456,https://www.agendalx.pt/wp-json/agendalx/v1/events,bb3335b7858dfcf24b0536cb7ff85e4229da8b1c,"A mostra visa apresentar as linhas de força do colonialismo português em África nos séculos XIX e XX e tem como objetivos desconstruir os mitos criados pela ideologia colonial, descolonizar os ima...","África, arte contemporânea, coletiva, colonialismo, Festas de Abril",,"artes, ciências",,,38.7059718,-9.2079317,http://mnetnologia.wordpress.com,213 041 160,,,museu,belem,,
Dona Flor e seus dois maridos,2026-03-14,2026-03-22,Casino Lisboa,"Alameda dos Oceanos 45, 1990-204, Lisboa",Lisboa,https://www.agendalx.pt/wp-json/agendalx/v1/events,https://www.agendalx.pt/content/uploads/2025/12/dona-flor.jpg,teatro,,"a:1:{i:0;a:1:{s:5:""value"";s:11:""23 € a 25"";}}",approved,agendalx,227744,https://www.agendalx.pt/wp-json/agendalx/v1/events,0343d1e48ce90a06075c16964254870827fd36a0,"Às vezes desequilibrada, mas sempre carregada de paixão - Assim era a vida de Flor e do seu marido, Vadinho, um mulherengo e jogador inveterado, até ao dia em que ele morre repentinamente. Algum...","+16, Brasil, comédia",,teatro,,,38.765925,-9.096071,http://casino-lisboa.pt,218 929 000,,"Seg a dom, 14h30 - 03h
Áreas de jogo, 15h-03h

Encerra a 24 de dezembro",,olivais,,
Um Quinteto de Morte,2026-03-14,2026-03-29,Teatro Armando Cortez,"Estrada da Pontinha, 7, 1600-582, Lisboa",Lisboa,https://www.agendalx.pt/wp-json/agendalx/v1/events,https://www.agendalx.pt/content/uploads/2025/09/quinteto.jpg,teatro,,"a:1:{i:0;a:1:{s:5:""value"";s:2:""24"";}}",approved,agendalx,221656,https://www.agendalx.pt/wp-json/agendalx/v1/events,d005c179a26416a2e1341e27ec74dd76540f9379,"<em>Um grupo de criminosos, disfarçados de músicos, aluga um quarto na casa de uma simpática e ingénua velhinha. O plano? Usar o local como base secreta para preparar um assalto aparentemente infa...","comédia, José Raposo",,teatro,,,38.760374,-9.192229,http://www.casadoartista.net,217 110 895,,,teatro,carnide,,
O Algoritmo,2026-03-14,2026-03-21,Beato Innovation District,"Rua da Manutenção, 71, 1900-500, Lisboa",Lisboa,https://www.agendalx.pt/wp-json/agendalx/v1/events,https://www.agendalx.pt/content/uploads/2026/01/O_ALGORITMO_CARTAZ.jpg,teatro,,"a:1:{i:0;a:1:{s:5:""value"";s:11:""10 € a 22"";}}",approved,agendalx,228762,https://www.agendalx.pt/wp-json/agendalx/v1/events,2a6da226d3f40ecf383348a6a2adac6b9197b251,"Um espetáculo que transforma o público num algoritmo humano, convertendo a lógica invisível dos sistemas digitais numa experiência relacional, subtil e profundamente humana. Durante 90 minutos...",+16,,teatro,,,38.729354,-9.107828,,,,,,,,
Elas tiveram medo e foram,2026-03-14,2027-01-31,Museu do Aljube – Resistência e Liberdade,"Rua de Augusto Rosa, 42, 1100-532, Lisboa",Lisboa,https://www.agendalx.pt/wp-json/agendalx/v1/events,https://www.agendalx.pt/content/uploads/2026/03/aljube.jpg,ciências,,"a:1:{i:0;a:2:{s:5:""value"";s:1:""4"";s:11:""description"";s:66:""preço normal (ver descontos aplicáveis) - inclui acesso ao museu"";}}",approved,agendalx,232743,https://www.agendalx.pt/wp-json/agendalx/v1/events,246fbb48aa88fc57ee612402910c8d975402014c,"Depois de <em>Mulheres e Resistência – Novas Cartas Portuguesas e outras lutas</em>, o Museu do Aljube Resistência e Liberdade continua a focar, na sua programação, as lutas das mulheres contra...","25 de Abril, ditadura, exposição, resistência",,ciências,,,38.710173,-9.13255,http://www.museudoaljube.pt,215 818 535,info@museudoaljube.pt,,equipamento-municipal,santa-maria-maior,,
Alexandre Conefrey,2026-03-14,2026-04-11,Galeria 111,"Rua Dr. João Soares, 5 B, 1600-060 Lisboa, Lisboa",Lisboa,https://www.agendalx.pt/wp-json/agendalx/v1/events,https://www.agendalx.pt/content/uploads/2026/02/Sem-titulo-2025-oleo-sobre-papel-1005x705-cm-scaled.jpg,artes,,,approved,agendalx,231764,https://www.agendalx.pt/wp-json/agendalx/v1/events,9b80a3b64fc913b1ecc31a21dde31b94bfdf648d,"Nasceu em 1961, em Lisboa, onde vive e trabalha. Fez o curso de Desenho no Ar.Co, em Lisboa, entre 1993 e 1995, e foi bolseiro no Royal College of Art, em Londres. Tem vasta participação em expos...",pintura,,artes,,,38.753496,-9.152475,https://111.pt/,217 977 418,,,galeria,alvalade,,
"Xerazade, a Interminável Coleção do CAM",2026-03-14,2027-09-20,Fundação Calouste Gulbenkian - Centro de Arte Moderna,"Rua Doutor Nicolau Bettencourt, 1050-078, Lisboa",Lisboa,https://www.agendalx.pt/wp-json/agendalx/v1/events,https://www.agendalx.pt/content/uploads/2025/08/23620_amadeo_86P26-Xerazade-Imagem-principal-de-evento.jpg,artes,,,approved,agendalx,220196,https://www.agendalx.pt/wp-json/agendalx/v1/events,b96f2ba443e07ec5926b9b417c3a097328ba8a83,"Sob a inspiração da lendária narradora d’<em>As Mil e Uma Noites</em>, o CAM apresenta uma nova exposição da sua Coleção, organizada em catorze núcleos que evocam temas e facetas dos célebr...",,,artes,,,38.735405,-9.154091,https://gulbenkian.pt/cam/,,,,museu,avenidas-novas,,
Uma cenógrafa e um dramaturgo entram num palco I,2026-03-14,2026-03-15,São Luiz Teatro Municipal,"Rua António Maria Cardoso, 38, 1200-026, Lisboa",Lisboa,https://www.agendalx.pt/wp-json/agendalx/v1/events,https://www.agendalx.pt/content/uploads/2025/12/campanula-de-vidro-cjoao-gambino-1333x2000-1.jpg,teatro,,"a:1:{i:0;a:2:{s:5:""value"";s:2:""12"";s:11:""description"";s:41:""preço normal (ver descontos aplicáveis)"";}}",approved,agendalx,227907,https://www.agendalx.pt/wp-json/agendalx/v1/events,2b153ee73e632d4f388df57f1081660a76a2084e,"Parte I - Campânula de Vidro. <em>Uma cenógrafa e um dramaturgo entram num palco. Dentro do cenário do </em>Misantropo<em>, que era o espetáculo que estavam a fazer, percebem que podem falar e nã...","escolas, Marta Carreiras",,teatro,,,38.7089341,-9.1424961,http://www.teatrosaoluiz.pt,213 257 640,,,teatro,misericordia,,
Artur Pizarro,2026-03-14,2026-03-14,Teatro Tivoli BBVA,"Avenida da Liberdade, 182 A, 1250-146, Lisboa",Lisboa,https://www.agendalx.pt/wp-json/agendalx/v1/events,https://www.agendalx.pt/content/uploads/2026/02/artur-pizarro.png,música,,"a:1:{i:0;a:1:{s:5:""value"";s:11:""15 € a 35"";}}",approved,agendalx,230450,https://www.agendalx.pt/wp-json/agendalx/v1/events,e95dc5a215992ae35396e432907f3766f414f0f4,"<div class=""bl-section cGs0besKBV1TFSWO"" data-bl-name=""Sinopse_"" data-bl-id=""sinopse"" data-bl-index=""0"" data-content-id=""s7kbVHJWaxn8tSXH""> <div class=""bl-block cdsfrl4P7F0aRYQ5"" data-bl-name=""Descri...",música erudita,,música,,,38.720237,-9.145005,https://www.teatrotivolibbva.pt,213 151 050,,,teatro,santo-antonio,,
O Rinoceronte,2026-03-14,2026-03-22,Teatro Taborda,"Costa do Castelo, 75, 1100-178 Lisboa, 1100-129, Lisboa",Lisboa,https://www.agendalx.pt/wp-json/agendalx/v1/events,https://www.agendalx.pt/content/uploads/2026/03/o-rinoceronte-scaled.jpg,teatro,,"a:1:{i:0;a:1:{s:5:""value"";s:10:""6 € a 12"";}}",approved,agendalx,232303,https://www.agendalx.pt/wp-json/agendalx/v1/events,5f51ade048379e0b81aff7910ee518ad3f62a0c3,"<p dir=""ltr"" data-olk-copy-source=""MessageBody"">Numa cidade banal, as pessoas começam a transformar-se em rinocerontes. Um a um. Depois quase todos. A metamorfose deixa de ser excepção e instala-se...","Carlos J. Pessoa, Eugene Ionesco, Teatro da Garagem",,teatro,,,38.7148535,-9.1328735,http://www.teatrodagaragem.com,218 854 190,,,teatro,santa-maria-maior,,
Brokeback Mountain,2026-03-14,2026-04-05,Teatro da Trindade INATEL,"Rua Nova da Trindade, 9, 1200-301, Lisboa",Lisboa,https://www.agendalx.pt/wp-json/agendalx/v1/events,https://www.agendalx.pt/content/uploads/2026/02/BrokebackMt.jpg,teatro,,"a:1:{i:0;a:1:{s:5:""value"";s:11:""10 € a 14"";}}",approved,agendalx,217132,https://www.agendalx.pt/wp-json/agendalx/v1/events,5fa9cc48190391cab8aba2920c6dc537535cc58d,"<em>Dois homens atravessam o mesmo silêncio, sem saber que a ausência de palavras pode ser o início de tudo. Não se encontram: colidem. Como se o acaso — ou o destino — os tivesse deixado ali,...",Daniel Gorjão,,teatro,,,38.711847,-9.142364,https://teatrotrindade.inatel.pt/,213 423 200,,,teatro,santa-maria-maior,,
Mariana Mizarela,2026-03-14,2026-03-29,LU.CA - Teatro Luís de Camões,"Calçada da Ajuda, 80, 1300-015, Lisboa",Lisboa,https://www.agendalx.pt/wp-json/agendalx/v1/events,https://www.agendalx.pt/content/uploads/2025/12/felicidade-1024x719-1.jpg,artes,,free,approved,agendalx,228116,https://www.agendalx.pt/wp-json/agendalx/v1/events,d164f33fbbbc9e0c91fc4a4f2ea7aa3a97db8eac,"A felicidade da criança está no instante puro, em brincadeiras como “o chão é lava” ou a descobrir o mundo numa corrida atrás duma pomba. Esse instante é voraz, como comer um gelado, desejar...","crianças, famílias, gratuito",,artes,,,38.707771,-9.195983,http://www.lucateatroluisdecamoes.pt/,21 593 9100,info@lucateatroluisdecamoes.pt,,,,,
Os Jugoslavos,2026-03-14,2026-03-28,Teatro Paulo Claro,"Rua do Açúcar, 37, 1950-006, Lisboa",Lisboa,https://www.agendalx.pt/wp-json/agendalx/v1/events,https://www.agendalx.pt/content/uploads/2026/01/Os-jugoslavos.jpg,teatro,,"a:1:{i:0;a:2:{s:5:""value"";s:2:""12"";s:11:""description"";s:41:""preço normal (ver descontos aplicáveis)"";}}",approved,agendalx,228543,https://www.agendalx.pt/wp-json/agendalx/v1/events,790423e6758c3533ea2cac0c682a6f1d7f45e10b,"<div class=""x14z9mp xat24cr x1lziwak x1vvkbs xtlvy1s x126k92a""> <div dir=""auto""><em>A tristeza, o amor, a esperança e o poder das palavras são os temas deste texto. Uma ficção entre quatro espaç...","+12, Artistas Unidos, Pedro Carraca",,teatro,,,38.741017,-9.102519,https://artistasunidos.pt/,,,,teatro,,,
"Sebastião, o Caranguejo Fora do Mar",2026-03-14,2026-03-29,Boutique da Cultura - Um Teatro em Cada Bairro,"Avenida Colégio Militar, 1500-187, Lisboa",Lisboa,https://www.agendalx.pt/wp-json/agendalx/v1/events,https://www.agendalx.pt/content/uploads/2025/01/sebastiao.png,teatro,,,approved,agendalx,205352,https://www.agendalx.pt/wp-json/agendalx/v1/events,13bb6d7b342f0fdabb8ceac22f95c6ba99cc8324,"O caranguejo Sebastião é o maestro do Reino dos Mares e pressionado pelo Rei Tritão dos Mares para conseguir a melhor orquestra para o aniversário da princesa, Sebastião inicia uma viagem pelo oc...","crianças, famílias",,teatro,,,38.756483,-9.185602,www.boutiquedacultura.org,926 830 272,,,associacao,carnide,,
Uma cenógrafa e um dramaturgo entram num palco II,2026-03-14,2026-03-15,São Luiz Teatro Municipal,"Rua António Maria Cardoso, 38, 1200-026, Lisboa",Lisboa,https://www.agendalx.pt/wp-json/agendalx/v1/events,https://www.agendalx.pt/content/uploads/2025/12/tudo-sobre-a-emma-cmarta-carreiras-2000x1413-1.jpg,teatro,,"a:1:{i:0;a:2:{s:5:""value"";s:2:""12"";s:11:""description"";s:41:""preço normal (ver descontos aplicáveis)"";}}",approved,agendalx,227910,https://www.agendalx.pt/wp-json/agendalx/v1/events,a90b096fa7a19b34e5952b275b2391546fceade3,"Parte II – Tudo sobre a Emma. <em>Emma, a figura central de um espetáculo chamado </em>Campânula de Vidro<em>, sobreviveu à queda, mas não sabemos onde está. Emma é uma ausência. Uma narrati...",Marta Carreiras,,teatro,,,38.7089341,-9.1424961,http://www.teatrosaoluiz.pt,213 257 640,,,teatro,misericordia,,
Um Inimigo do Povo,2026-03-14,2026-03-15,Centro Cultural de Belém,"Praça do Império, 1449-003, Lisboa",Lisboa,https://www.agendalx.pt/wp-json/agendalx/v1/events,https://www.agendalx.pt/content/uploads/2025/10/inimigopovo_promo_MM_17.jpeg,teatro,,,approved,agendalx,224284,https://www.agendalx.pt/wp-json/agendalx/v1/events,0590e9bcb21b52bb1961a74c9a8fb46e4d810a14,"<em>Quando Marco Martins ponderava trabalhar a partir de</em> Um Inimigo do Povo<em>, de Ibsen, como um desenvolvimento lógico do seu interesse pelo conflito entre o indivíduo e o coletivo — um t...","+16, Ibsen, língua gestual portuguesa, Marco Martins",,teatro,,,38.696435,-9.208603,http://www.ccb.pt,213 612 400,,,centro-cultural,belem,,
A Gaivota,2026-03-14,2026-04-05,Teatro da Trindade INATEL,"Rua Nova da Trindade, 9, 1200-301, Lisboa",Lisboa,https://www.agendalx.pt/wp-json/agendalx/v1/events,https://www.agendalx.pt/content/uploads/2026/01/A-Gaivota_MRL4855-e1769630086161.jpg,teatro,,"a:1:{i:0;a:1:{s:5:""value"";s:11:""10 € a 22"";}}",approved,agendalx,217128,https://www.agendalx.pt/wp-json/agendalx/v1/events,ec9f6cfdb2578cea99dac9ad121ed0bd4560b64e,"Nesta versão atualizada do clássico de Anton Tchékhov por <a href=""https://www.agendalx.pt/2026/01/02/alexandra-lencastre-e-diogo-infante/"" target=""_blank"" rel=""noopener"">Diogo Infante</a>, a açã...","+12, Diogo Infante, Tchekhov",,teatro,,,38.711847,-9.142364,https://teatrotrindade.inatel.pt/,213 423 200,,,teatro,santa-maria-maior,,
Mães,2026-03-14,2026-05-03,Teatro Villaret,"Avenida Fontes Pereira de Melo 30 A, 1050-010, Lisboa",Lisboa,https://www.agendalx.pt/wp-json/agendalx/v1/events,https://www.agendalx.pt/content/uploads/2024/03/Maes_2.jpg,teatro,,"a:1:{i:0;a:1:{s:5:""value"";s:2:""22"";}}",approved,agendalx,218383,https://www.agendalx.pt/wp-json/agendalx/v1/events,615d3693330745360e4af2d412ec57665748081b,"Três mães e uma grávida juntas num musical hilariante e ternurento onde ficamos a conhecer a poderosa amizade de quatro mulheres. <span style=""color: #003366;""><a style=""color: #003366;"" href=""http...","+14, comédia, Ricardo Neves-Neves, teatro musical",,teatro,,,38.730305,-9.146796,www.facebook.com/villaret.teatro/,213 538 586,,,teatro,santo-antonio,,
Hairspray,2026-03-14,2026-03-15,Teatro Variedades,"Parque Mayer, 1250-096, Lisboa",Lisboa,https://www.agendalx.pt/wp-json/agendalx/v1/events,https://www.agendalx.pt/content/uploads/2025/11/Hairspray-e1773173703981.jpg,teatro,,"a:1:{i:0;a:2:{s:5:""value"";s:11:""10 € a 15"";s:11:""description"";s:41:""preço normal (ver descontos aplicáveis)"";}}",approved,agendalx,224171,https://www.agendalx.pt/wp-json/agendalx/v1/events,7b7c3011e9a70b925c3ac6d715b95e8ae6905095,"<em>Hairspray</em> leva-nos a Baltimore, em 1962, uma época de música vibrante, juventude inquieta e mudanças sociais à vista. No centro da ação está Tracy Turnblad, uma adolescente cheia de en...",teatro musical,,teatro,,,38.718905,-9.146481,https://teatrovariedades-capitolio.pt/,,infovariedades@egeac.pt,,"equipamento-municipal, teatro",santo-antonio,,
Carmen Miranda,2026-03-14,2026-03-29,Teatro Politeama,"Rua das Portas de Santo Antão, 109, 1150-265, Lisboa",Lisboa,https://www.agendalx.pt/wp-json/agendalx/v1/events,https://www.agendalx.pt/content/uploads/2025/11/Carmen-Miranda_la-Feria.jpg,teatro,,"a:1:{i:0;a:1:{s:5:""value"";s:11:""10 € a 45"";}}",approved,agendalx,225970,https://www.agendalx.pt/wp-json/agendalx/v1/events,08df3cdeeb1da3f6acda101ce51ac2e6edc16ba4,"Mais de 100 anos depois do seu nascimento, Carmen Miranda continua a ser uma referência incontornável da música, da moda, da liberdade criativa e da fusão entre culturas. Agora chegou a vez de Fil...","Filipe La Féria, teatro musical",,teatro,,,38.716489,-9.14091,www.filipelaferia.pt,213 405 700,,"Bilheteira:
Segunda e terça, das 14h às 19h
Quarta a sábado, das 14h às 21h30
Domingo, das 14h às 17h",teatro,,,
Holly Hood,2026-03-14,2026-03-14,Coliseu dos Recreios,"Rua das Portas de Santo Antão, 96, 1150-269 Lisboa, Lisboa",Lisboa,https://www.agendalx.pt/wp-json/agendalx/v1/events,https://www.agendalx.pt/content/uploads/2026/01/holly-hood.jpeg,música,,"a:1:{i:0;a:1:{s:5:""value"";s:2:""27"";}}",approved,agendalx,229734,https://www.agendalx.pt/wp-json/agendalx/v1/events,7943770f3a2f89cb16e20121e7e7b3a13215e12c,"Holly Hood, um nome influente do <em>hip hop</em> português, assinala o fecho da trilogia iniciada com <em>O Dread Que Matou Golias</em> (2016) e continuada com <em>Sangue Ruim</em> (2019), obras...",rap,,música,,,38.716506,-9.140548,www.coliseulisboa.com,+351 213 240 585,,"↓
Atendimento e bilheteiras das 13h00 às 19:00 de segunda a sexta.
Dias de espectáculo abertura 13h00, encerramento 30 minutos após o início do mesmo.",auditorio,santa-maria-maior,,
Ensemble Darcos,2026-03-14,2026-03-14,Convento de São Pedro de Alcântara,"Rua Luísa Todi, 1, 1250-096, Lisboa",Lisboa,https://www.agendalx.pt/wp-json/agendalx/v1/events,https://www.agendalx.pt/content/uploads/2026/02/temporada-darcos.jpg,música,,,approved,agendalx,230404,https://www.agendalx.pt/wp-json/agendalx/v1/events,af675cd67fe69c017deacd58c2fe14d7fe17e493,"No dia 14 de março, o Ensemble Darcos dá um concerto no Convento de São Pedro de Alcântara, inserido na <em>19.ª edição da Temporada Darcos</em>. O programa inclui obras de S. Prokofiev e B. Sm...",clássica,,música,,,38.7153673,-9.1451381,http://www.scml.pt,213 243 930,,,,misericordia,,
"Ana, Carolina e Adelaide: ainda estamos aqui",2026-03-14,2026-03-15,Clube Estefânia,"Rua Alexandre Braga, 24A, 1000-232, Lisboa",Lisboa,https://www.agendalx.pt/wp-json/agendalx/v1/events,https://www.agendalx.pt/content/uploads/2026/02/Ana-Carolina-Adelaide-Ainda-Estamos-Aqui-Teatro-1920x1080-ATO-LIVRE.jpg,teatro,,,approved,agendalx,230566,https://www.agendalx.pt/wp-json/agendalx/v1/events,24584f7082a318f44b06ccaf8cb88d94abe6f8c0,"<span data-olk-copy-source=""MessageBody"">Um espetáculo teatral que retrata as republicanas e ativistas pelos direitos das mulheres Ana de Castro Osório, Carolina Beatriz Ângelo e Adelaide Cabette,...",língua gestual portuguesa,,teatro,,,38.730762,-9.139897,http://www.escolademulheres.com,915 039 566,"Informações e reservas (3ª a dom. das 15h às 20h)
geral@escolademulheres.com",,"centro-cultural, livraria, organizacao",arroios,,
Eurydice,2026-03-14,2026-03-22,Escola do Largo,"Largo do Chiado, 15, 1200-108, Lisboa",Lisboa,https://www.agendalx.pt/wp-json/agendalx/v1/events,https://www.agendalx.pt/content/uploads/2026/02/Eurydice.jpg,teatro,,"a:1:{i:0;a:2:{s:5:""value"";s:2:""14"";s:11:""description"";s:41:""preço normal (ver descontos aplicáveis)"";}}",approved,agendalx,231163,https://www.agendalx.pt/wp-json/agendalx/v1/events,d4570631b01d8a9275befc9c6c0a7ae49277adb7,"Em <em>Eurydice</em>, Sarah Ruhl reimagina o mito clássico de Orfeu através dos olhos da sua heroína. Morrendo muito jovem no dia do seu casamento, Eurydice deve viajar para o submundo, onde se ree...","+16, the lisbon players",,teatro,,,38.710379,-9.142708,www.escoladolargo.com,,geral@escoladolargo.com,,academia,santa-maria-maior,,
Gianni Schicchi,2026-03-14,2026-03-14,Escola Secundária Marquês de Pombal,"R. Alexandre de Sá Pinto 85, Lisboa",Lisboa,https://www.agendalx.pt/wp-json/agendalx/v1/events,https://www.agendalx.pt/content/uploads/2026/02/Família-Donati.jpg,música,,"a:1:{i:0;a:2:{s:5:""value"";s:1:""5"";s:11:""description"";s:16:""entrada/donativo"";}}",approved,agendalx,231360,https://www.agendalx.pt/wp-json/agendalx/v1/events,2edf69a840991d81345bd6492f6898f7ecd27b65,"Nos dias 13 e 14 de março, a <span data-olk-copy-source=""MessageBody"">Escola Artística de Música do Conservatório Nacional apresenta <em>Gianni Schicchi</em>, </span>de Giacomo Puccini, na Escola...",ópera,,música,,,38.699164,-9.19571,https://esmp.pt/,213616630,,,,,,
Expresso Transatlântico,2026-03-14,2026-03-14,Capitólio,"Parque Mayer, 1250-096, Lisboa",Lisboa,https://www.agendalx.pt/wp-json/agendalx/v1/events,https://www.agendalx.pt/content/uploads/2026/01/expresso-transatlantico.png,música,,"a:1:{i:0;a:1:{s:5:""value"";s:2:""15"";}}",approved,agendalx,229509,https://www.agendalx.pt/wp-json/agendalx/v1/events,09e15f2b351967bb739dfbcbbc6a17915552a46b,"Gaspar Varela (guitarra portuguesa), Sebastião Varela (guitarra elétrica) e Rafael Matos (bateria) formam os Expresso Transatlântico, banda lisboeta que se inspira na música popular portuguesa, af...",instrumental,,música,,,38.718971,-9.146289,www.egeac.pt/capitolio,211 385 340,,,auditorio,santo-antonio,,
Rodrigo Alarcon,2026-03-14,2026-03-14,Casa Capitão,"Rua do Grilo, 119, 1950-144, Lisboa",Lisboa,https://www.agendalx.pt/wp-json/agendalx/v1/events,https://www.agendalx.pt/content/uploads/2026/01/FEED-B.png,música,,"a:1:{i:0;a:1:{s:5:""value"";s:5:""22,02"";}}",approved,agendalx,229729,https://www.agendalx.pt/wp-json/agendalx/v1/events,9dc942de4cd86fbfbca169e8fa589e39bc9e0449,"<span data-olk-copy-source=""MessageBody"">O cantor e compositor brasileiro Rodrigo Alarcon regressa à Europa em março para uma nova digressão. Responsável por canções como <em>O Lado Vazio do Sof...",MPB,,música,,,38.730887,-9.10728,https://casa-capitao.com,,,,centro-cultural,,,
Combate de Negro e de Cães,2026-03-14,2026-03-15,Teatro do Bairro,"Rua Luz Soriano, 63, 1200-109, Lisboa",Lisboa,https://www.agendalx.pt/wp-json/agendalx/v1/events,https://www.agendalx.pt/content/uploads/2026/03/Combate-de-negro-e-de-cães_TeatroGRIOT_©Marlene-Nobre_5.jpg,teatro,,"a:1:{i:0;a:2:{s:5:""value"";s:5:""12,50"";s:11:""description"";s:41:""preço normal (ver descontos aplicáveis)"";}}",approved,agendalx,230098,https://www.agendalx.pt/wp-json/agendalx/v1/events,f0a01a577644c026db36d6946a779cd768b0b2b8,"Alboury trespassa os limites entre a noite e o enclave de brancos para reclamar o corpo de um irmão morto em circunstâncias suspeitas. Os brancos tentam preservar o cerco com desvios e omissões, ma...","Bernard-Marie Koltès, Teatro Griot, Zia Soares",,teatro,,,38.712259,-9.14578,http://www.teatrodobairro.org,213 473 358,,,teatro,misericordia,,
T2 em Benfica por 600 euros,2026-03-14,2026-04-19,Turim - Um Teatro em Cada Bairro,"Estrada de Benfica, nº 723 A, 1500-088 Lisboa, 1500-109, Lisboa",Lisboa,https://www.agendalx.pt/wp-json/agendalx/v1/events,https://www.agendalx.pt/content/uploads/2026/03/T2-EM-BENFICA-POR-600-EUROSestreia-dia-12-de-Marco-as-21-30h-no-Cine-Teatro-Turim-Texto-e-Encen.jpg,teatro,,"a:1:{i:0;a:1:{s:5:""value"";s:2:""15"";}}",approved,agendalx,232400,https://www.agendalx.pt/wp-json/agendalx/v1/events,c38f9104ac998fd10bdd23e72710511aefd1429d,"Um grupo de desconhecidos aluga, sem saber, o mesmo apartamento no bairro de Benfica, em Lisboa, por 600 euros. Uma pechincha! Mas… será que o apartamento tem algum problema que não foi colocado n...","comédia, um teatro em cada bairro, Vicente Alves do Ó",,teatro,,,38.750689,-9.20232,bairrobenfica.pt,,,,teatro,benfica,,
Para que servem as coisas?,2026-03-14,2026-10-31,MUDE - Museu do Design,"Rua Augusta, 24, 1100-053, Lisboa",Lisboa,https://www.agendalx.pt/wp-json/agendalx/v1/events,https://www.agendalx.pt/content/uploads/2024/10/MUDE_estirador_horizontal-1-scaled.jpg,artes,,"a:1:{i:0;a:2:{s:5:""value"";s:2:""11"";s:11:""description"";s:55:""Acesso normal (ver descontos aplicáveis), inclui museu"";}}",approved,agendalx,200414,https://www.agendalx.pt/wp-json/agendalx/v1/events,e43245a83a5f780d0f12b6b57928417f16f74caf,"Mais do que mostrar os ícones do design existentes no acervo do MUDE, a exposição de longa duração que inaugura no final de outubro e que vai ocupar os pisos 3 e 4 do museu pretende fazer uma rel...",design,,artes,,,38.709176,-9.136667,http://www.mude.pt,218 171 892,Email geral: mude@cm-lisboa.pt,"Abril a setembro: Terça a quinta, das 10h às 19h | sexta e sábado, das 10h às 21h | domingos e feriados, das 10h às 19h
Outubro a março: Terça a quinta, das 10h às 18h | sexta e sábado, das 10h às 20h | domingos e feriados, das 10h às 18h

Encerra a 25 de dezembro e 1 de janeiro","equipamento-municipal, museu",santa-maria-maior,,
Vivó Valdi!,2026-03-14,2026-03-22,Casa do Coreto,"R. Neves Costa, 45, 1600-532, Lisboa",Lisboa,https://www.agendalx.pt/wp-json/agendalx/v1/events,https://www.agendalx.pt/content/uploads/2026/01/e.jpg,"música, teatro",,,approved,agendalx,229652,https://www.agendalx.pt/wp-json/agendalx/v1/events,0184894a238c8490c7606d9b0d6eb3ea0119e6fe,"O espetáculo leva bebés e crianças a viajar pela célebre obra <em>As Quatro Estações</em>, de Vivaldi, através de sons, imagens e emoções que despertam os sentidos. Criado especialmente p...","bebés, clássica, crianças, famílias",,"música, teatro",,,38.759925,-9.18912,http://luacheia.pt/BocadeCena/,938 018 777,,Casa do Coreto | Lua Cheia - Teatro Para Todos - Associação Animação Cultural,"associacao, teatro",carnide,,
Passeios Bike a Wish,2026-03-14,2026-12-31,Bike a Wish,"Rua das Fontaínhas a S. Lourenço, 29, 1100-246, Lisboa",Lisboa,https://www.agendalx.pt/wp-json/agendalx/v1/events,https://www.agendalx.pt/content/uploads/2018/07/bikeawish.jpg,visitas guiadas,,,approved,agendalx,2970,https://www.agendalx.pt/wp-json/agendalx/v1/events,88b086225abe4b958e21fadfa7b42134aca69892,"Passeios guiados de bicicleta elétrica. Mais informações <a href=""https://www.bikeawish.com/en/bike-a-wish/?fbclid=IwY2xjawHGR9xleHRuA2FlbQIxMAABHejm0xpnWYPG2-9EmF9D58xFj1eA6Yiidmw8J0CXm23n2ADDY...",ar livre,,visitas guiadas,,,38.715151,-9.135403,www.facebook.com/bikeawish/,211 329 949,lisboa@bikeawish.com,,,,,
Visitas ao Palácio Alverca | Casa do Alentejo,2026-03-14,2026-12-31,Casa do Alentejo,"Rua das Portas de Santo Antão, 58, 1150-265, Lisboa",Lisboa,https://www.agendalx.pt/wp-json/agendalx/v1/events,https://www.agendalx.pt/content/uploads/2024/10/patio-arabe-scaled.jpg,visitas guiadas,,"a:2:{i:0;a:1:{s:5:""value"";s:1:""5"";}i:1;a:2:{s:5:""value"";s:1:""3"";s:11:""description"";s:20:""residentes nacionais"";}}",approved,agendalx,17817,https://www.agendalx.pt/wp-json/agendalx/v1/events,05b3c8a070a4e90a57249cfb58777d4a706d3e99,"Construído possivelmente nos finais do século XVII, o edifício onde hoje se encontra instalada a Casa do Alentejo sofreu profundas modificações no princípio do século XX. Da sua história mais...","gastronomia, património",,visitas guiadas,,,38.7161247,-9.1403924,http://www.casadoalentejo.com.pt,213 405 140,,,associacao,arroios,,
A Princesa da Neve,2026-03-14,2026-03-28,Academia de Santo Amaro,"Rua da Academia de Santo Amaro, nº 9, 1300-001, Lisboa",Lisboa,https://www.agendalx.pt/wp-json/agendalx/v1/events,https://www.agendalx.pt/content/uploads/2025/10/Sem-Titulo-2.png,teatro,,,approved,agendalx,221908,https://www.agendalx.pt/wp-json/agendalx/v1/events,68945fd647a5bb2111d3e339fb5e090caba120d9,"<em>A Princesa da Neve - O Musical</em> é uma produção mágica para toda a família, que transforma o palco num universo onde o frio não vem apenas da neve, mas também da ausência de sentimentos...","crianças, famílias",,teatro,,,38.701488,-9.183577,http://academ1946.blogspot.com,213 636 637,,,,alcantara,,
Festival Criasons,2026-03-14,2026-03-28,Biblioteca Camões,"Largo do Calhariz, 17 -1º Esq, 1200-086, Lisboa",Lisboa,https://www.agendalx.pt/wp-json/agendalx/v1/events,https://www.agendalx.pt/content/uploads/2025/12/Foto-de-Patricia-Santos-Pinto-I-1-1600x1067-1.jpg,"literatura, música",,free,approved,agendalx,227522,https://www.agendalx.pt/wp-json/agendalx/v1/events,d88b2412fa44f913e4942ab44f26bf32646eb11e,"Sob o tema <em>Música e Literatura</em>, a 5.ª edição do <em>Festival Criasons</em> decorre entre janeiro e março, com curadoria do escritor José Luís Peixoto. Concebido pela Musicamera Produç...","festival, gratuito, um teatro em cada bairro",,"literatura, música",,,38.71081,-9.146063,http://blx.cm-lisboa.pt/,218 172 360,bib.camoes@cm-lisboa.pt,,"biblioteca, equipamento-municipal",misericordia,,
Tasting Fado,2026-03-14,2026-12-19,Teatro Tivoli BBVA,"Avenida da Liberdade, 182 A, 1250-146, Lisboa",Lisboa,https://www.agendalx.pt/wp-json/agendalx/v1/events,https://www.agendalx.pt/content/uploads/2018/12/fotos-tasting-400x400-10.jpg,visitas guiadas,,"a:1:{i:0;a:1:{s:5:""value"";s:2:""22"";}}",approved,agendalx,9303,https://www.agendalx.pt/wp-json/agendalx/v1/events,8171ea0ef1931fe78d6c6e35c630a20c50a9dd66,"<em>Tasting Fado </em>mais do que uma visita, é uma experiência que dá a conhecer a História, artes e gastronomia de Portugal. O percurso faz-se por um dos mais belos edifícios de Lisboa, o Teat...",fado,,visitas guiadas,,,38.720237,-9.145005,https://www.teatrotivolibbva.pt,213 151 050,,,teatro,santo-antonio,,
Eustache & Garrel – Os inclassificáveis do cinema francês,2026-03-14,2026-03-18,Cinema Nimas,"Avenida 5 de Outubro 42B, 1050-053, Lisboa",Lisboa,https://www.agendalx.pt/wp-json/agendalx/v1/events,https://www.agendalx.pt/content/uploads/2026/02/ciclo-copy-2.jpg,cinema,,,approved,agendalx,230607,https://www.agendalx.pt/wp-json/agendalx/v1/events,4554c28443174f1c25f4eb0dd467908809acd02b,"O Cinema Nimas recebe uma retrospetiva que exibe toda a obra de Jean Eustache (1938-1981) e várias obras de Philippe Garrel. Dois cineastas franceses ligados à Nouvelle Vague, influenciados por Goda...","ciclo, Jean Eustache, Philippe Garrel",,cinema,,,38.735721,-9.147266,medeiafilmes.com,213 574 362,espaconimas@gmail.com,,cinema,campo-grande,,
Cinepop,2026-03-15,2026-04-12,Fórum Lisboa - Casa da Cidadania,"Avenida de Roma, 14L, 1000-143, Lisboa",Lisboa,https://www.agendalx.pt/wp-json/agendalx/v1/events,https://www.agendalx.pt/content/uploads/2026/03/TT0102685_PGM_A.jpg,cinema,,,approved,agendalx,221344,https://www.agendalx.pt/wp-json/agendalx/v1/events,8d45690af5d20268e93642c2433a0b5ce8f25c79,O “culto” de domingo à tarde prossegue no antigo Cinema Roma. O projeto é conduzido pelo realizador e argumentista Tiago P. de Carvalho que decidiu mostrar a novos públicos obras bastante popul...,"ciclo, Tiago P. Carvalho",,cinema,,,38.743319,-9.138513,https://informacoeseservicos.lisboa.pt/contactos/diretorio-da-cidade/forum-lisboa-casa-da-cidadania,218 170 400,,,auditorio,areeiro,,
Os Direitos Humanos e a Constituição,2026-03-15,2026-03-15,,,Lisboa,https://www.agendalx.pt/wp-json/agendalx/v1/events,https://www.agendalx.pt/content/uploads/2026/02/Imagem1-10.jpg,,,free,approved,agendalx,231270,https://www.agendalx.pt/wp-json/agendalx/v1/events,069b36601ee5d53145cee6543f963047c644ed3a,"No âmbito da comemoração dos 50 anos da aprovação da Constituição da República Portuguesa, a Amnistia Internacional - Portugal lança um concurso de ilustração com o tema <em>Os Direitos...","concurso, gratuito, ilustração",,,,,,,,,,,,,,
Live Sessions by indiemusic.pt,2026-03-15,2026-04-26,Pensão Amor,"Rua do Alecrim, 19, 1200-292 Lisboa, 1200-052, Lisboa",Lisboa,https://www.agendalx.pt/wp-json/agendalx/v1/events,https://www.agendalx.pt/content/uploads/2025/11/Foto-Marco-Oliveira.jpeg,música,,,approved,agendalx,231528,https://www.agendalx.pt/wp-json/agendalx/v1/events,163537f025d442f75632d39953fb959aa188a621,"<p class=""x_xmsonormal""><span data-olk-copy-source=""MessageBody"">As <i>Live Sessions by indiemusic.pt</i> procuram dar palco às novidades editoriais das editoras e seus artistas, através da realiza...",,,música,,,38.7072493,-9.1435362,,,,,,,,
Uma Lisboa de múltiplas confissões,2026-03-15,2026-03-15,Museu de Lisboa - Palácio Pimenta,"Campo Grande 245, 1700-162, Lisboa",Lisboa,https://www.agendalx.pt/wp-json/agendalx/v1/events,https://www.agendalx.pt/content/uploads/2026/02/Uma-Lisboa-de-multiplas-confissoes-2-@-EGEAC-Jose-Frade.jpg,visitas guiadas,,"a:1:{i:0;a:1:{s:5:""value"";s:1:""5"";}}",approved,agendalx,231733,https://www.agendalx.pt/wp-json/agendalx/v1/events,5834c670758d91b67271b3779bec56703c489749,"Uma viagem pela história religiosa de Lisboa, revelando o seu passado plural e complexo – ainda visível na geografia urbana e na memória coletiva. A partir de objetos, documentos e episódio...",+10,,visitas guiadas,,,38.7585536,-9.1563794,http://www.museudelisboa.pt,217 513 200,,,museu,alvalade,,
A Ordem Notável do Dia do Pai,2026-03-15,2026-03-15,Museu do Tesouro Real,"Largo da Ajuda, 1349-021, Lisboa",Lisboa,https://www.agendalx.pt/wp-json/agendalx/v1/events,https://www.agendalx.pt/content/uploads/2026/02/37.png,visitas guiadas,,"a:3:{i:0;a:2:{s:5:""value"";s:5:""24,50"";s:11:""description"";s:17:""adulto e criança"";}i:1;a:2:{s:5:""value"";s:2:""11"";s:11:""description"";s:12:""adulto extra"";}i:2;a:2:{s:5:""value"";s:4:""7,50"";s:11:""description"";s:14:""criança extra"";}}",approved,agendalx,231760,https://www.agendalx.pt/wp-json/agendalx/v1/events,b5d1ebf1ad5aa7ca0778e67ca1624601191f4134,"Nesta visita pensada para famílias curiosas e aventureiras, descobrem-se as fascinantes condecorações atribuídas pelos Reis e Rainhas de Portugal. E porque um verdadeiro cavaleiro precisa de trein...","crianças, Dia do Pai, famílias",,visitas guiadas,,,38.707651,-9.197044,https://www.tesouroreal.pt,211163425,geral@tesouroreal.com,,,,,
AperiFestas 2026,2026-03-15,2026-04-04,Casa Capitão,"Rua do Grilo, 119, 1950-144, Lisboa",Lisboa,https://www.agendalx.pt/wp-json/agendalx/v1/events,https://www.agendalx.pt/content/uploads/2026/03/aperi.webp,"cinema, feiras, música",,,approved,agendalx,232368,https://www.agendalx.pt/wp-json/agendalx/v1/events,bd6e0c390895337ea50ee7fc867a8e18d8869953,"O aquecimento para a 19.ª edição da Festa do Cinema Italiano faz-se em março com as <em>AperiFestas </em>que regressam com encontros que cruzam cinema, música, gastronomia e convívio. Mais...","antecipação, antestreia, Festa do Cinema Italiano",,"cinema, feiras, música",,,38.730887,-9.10728,https://casa-capitao.com,,,,centro-cultural,,,
Visita ao Parque Botânico do Monteiro-Mor,2026-03-15,2026-03-15,Parque Botânico do Monteiro-Mor,"Largo Júlio Castilho, 1600-483, Lisboa",Lisboa,https://www.agendalx.pt/wp-json/agendalx/v1/events,https://www.agendalx.pt/content/uploads/2021/08/01BotanicoMonteiro-1.jpg,visitas guiadas,,,approved,agendalx,232518,https://www.agendalx.pt/wp-json/agendalx/v1/events,3f65a13ec8e32257cd3ff97bf3626f9b20e30943,"<span data-olk-copy-source=""MessageBody"">Agora que a Primavera está a chegar, o jardim ganha novas cores, rebentos e fragrâncias. Neste passeio, vai poder tocar e cheirar folhas de louro, alecrim, a...",,,visitas guiadas,,,38.775424,-9.164365,,217 567 620,,,parque,,,
A mala das viagens imaginárias,2026-03-15,2026-03-15,Prosa - Plataforma Cultural,"Rua Alves Torgo, 8, 1000-033 Lisboa",Lisboa,https://www.agendalx.pt/wp-json/agendalx/v1/events,https://www.agendalx.pt/content/uploads/2026/03/Flux_Dev_cinematic_keyframe13_anime_keyframe12_A_mysterious_ol_2.webp,literatura,,,approved,agendalx,232611,https://www.agendalx.pt/wp-json/agendalx/v1/events,9b70c8190cba1b9d7b07307d617d13157abd08ee,"<p class=""preFade fadeIn"">E se uma mala aparecesse no meio da sala… sem dono, sem etiqueta, mas cheia de possibilidades?</p> <p class=""preFade fadeIn"">Nesta oficina de histórias vivas, abrimos uma...",,,literatura,,,38.732537,-9.135956,https://prosacultural.org/,917 49 89 89 / 936 36 84 50,prosa@prosacultural.org,"De segunda a sexta-feira, das 09h às 18h | Outros horários: por agendamento.",,,,
Tapetes em Flor,2026-03-15,2026-03-15,Palácio Nacional da Ajuda,"Largo da Ajuda, 1300, Lisboa",Lisboa,https://www.agendalx.pt/wp-json/agendalx/v1/events,https://www.agendalx.pt/content/uploads/2026/03/Tapetes-em-Flor-Tecelagem-Manual.jpg,artes,,,approved,agendalx,232606,https://www.agendalx.pt/wp-json/agendalx/v1/events,3a73ce1ba3956ee7418deb28bf219eeb839853b4,"<div>Sabiam que as tapeçarias do Palácio Nacional da Ajuda escondem histórias tecidas com fios e muita critatividade? Nesta primavera, somos convidamos a entrar num mundo mágico onde os teares gan...","crianças, jovens",,artes,,,38.707681,-9.196469,https://www.palacioajuda.gov.pt/,213 637 095,se.pnajuda@museusemonumentos.pt,,monumento,ajuda,,
'Le Parc' de Angelin Preljocaj/ Ópera de Paris,2026-03-15,2026-03-15,Cinema City - Campo Pequeno,"Centro Comercial, Campo Pequeno, 1000-082, Lisboa",Lisboa,https://www.agendalx.pt/wp-json/agendalx/v1/events,https://www.agendalx.pt/content/uploads/2026/02/le-parc.jpg,dança,,,approved,agendalx,231767,https://www.agendalx.pt/wp-json/agendalx/v1/events,be4a23b087d5d1042f2388ecd8e22ee810f40ee9,"<div> <div> <em>Le Parc</em>, o icónico ballet criado na Ópera de Paris, estreia nos cinemas a 15 de março. Uma oportunidade única de ver nos cinemas um dos títulos mais emblemáticos do ball...","bailado, Mozart, vídeo",,dança,,,38.742589,-9.145184,https://www.cinemacity.pt/,,,,cinema,,,
Cabeça Coletiva,2026-03-15,2026-06-30,Escola das Artes - Universidade Autónoma de Lisboa,"Rua Fernando Assis Pacheco, 207, 1350-300, Lisboa",Lisboa,https://www.agendalx.pt/wp-json/agendalx/v1/events,https://www.agendalx.pt/content/uploads/2026/03/cc_foto.jpg,artes,,,approved,agendalx,232645,https://www.agendalx.pt/wp-json/agendalx/v1/events,5a13efb93d385329430244c63a9fea88634bc8fb,"A Escola das Artes acolhe a segunda edição de <em>Cabeça Coletiva</em>, a decorrer entre março e junho. Este projeto, coordenado pela artista Ana Cardoso, volta a propôr um espaço de encontro, d...","pintura, seminário",,artes,,,38.715042,-9.165881,https://escoladasartes.autonoma.pt/,213 177 662,escoladasartes@autonoma.pt,,escola,,,
Leia Mulheres Lisboa,2026-03-15,2026-03-15,Museu do Aljube – Resistência e Liberdade,"Rua de Augusto Rosa, 42, 1100-532, Lisboa",Lisboa,https://www.agendalx.pt/wp-json/agendalx/v1/events,https://www.agendalx.pt/content/uploads/2026/03/Agustina.jpg,literatura,,free,approved,agendalx,232552,https://www.agendalx.pt/wp-json/agendalx/v1/events,c601d2a2215a3011588f68f1e247f0a302dc8872,"O<em> Leia Mulheres</em> é um clube de leitura que pretende divulgar e incentivar a leitura de autoras dos mais diversos estilos e temas, procurando dar visibilidade às mulheres escritoras. No mês...",gratuito,,literatura,,,38.710173,-9.13255,http://www.museudoaljube.pt,215 818 535,info@museudoaljube.pt,,equipamento-municipal,santa-maria-maior,,
A Casinha de Chocolate,2026-03-15,2026-03-29,Boutique da Cultura - Um Teatro em Cada Bairro,"Avenida Colégio Militar, 1500-187, Lisboa",Lisboa,https://www.agendalx.pt/wp-json/agendalx/v1/events,https://www.agendalx.pt/content/uploads/2026/02/casinha-02_orig.jpg,teatro,,,approved,agendalx,231863,https://www.agendalx.pt/wp-json/agendalx/v1/events,0a1efe38e34ac646db727e9c91c602a2c45f1d3c,"João e Maria, Hansel e Gretel ou outros irmãos quaisquer, foram deixados pelo pai, a mando da madrasta, no meio da horrível floresta negra. À primeira conseguiram escapar com pedacinhos de paus....","crianças, famílias",,teatro,,,38.756483,-9.185602,www.boutiquedacultura.org,926 830 272,,,associacao,carnide,,
"Folha em branco, tela cheia",2026-03-15,2026-03-15,Casa da Achada – Centro Mário Dionísio,"Rua da Achada, 11, r/c, 1100-236, Lisboa",Lisboa,https://www.agendalx.pt/wp-json/agendalx/v1/events,https://www.agendalx.pt/content/uploads/2026/03/Mario-Dionisio.jpg,"artes, literatura",,free,approved,agendalx,232829,https://www.agendalx.pt/wp-json/agendalx/v1/events,a142e42c056786ef56526496239f7700c34fac55,"A exposição de pintura de Mário Dionísio <i>..ou é sempre princípio </i>estabelece um diálogo com o seu único romance, <i>Não há morte nem princípio</i>. Expõem-se obras dos anos 60 em...",gratuito,,"artes, literatura",,,38.7133853,-9.1352684,http://www.centromariodionisio.org,218 877 090,,,associacao,santa-maria-maior,,
Pum Pum Dá! Dá!,2026-03-15,2026-03-29,Boutique da Cultura - Um Teatro em Cada Bairro,"Avenida Colégio Militar, 1500-187, Lisboa",Lisboa,https://www.agendalx.pt/wp-json/agendalx/v1/events,https://www.agendalx.pt/content/uploads/2025/04/Sem-Titulo-2.png,teatro,,,approved,agendalx,212539,https://www.agendalx.pt/wp-json/agendalx/v1/events,0ccc9d7d631575d374256f3ddc18bb447b224c74,"As emoções ganham forma, cor e som num universo sensorial encantador. Através dos sons, ritmos e melodias, as paisagens sonoras levam os bebés numa jornada de descoberta e afeto. A alegria vibra,...","bebés, crianças, famílias",,teatro,,,38.756483,-9.185602,www.boutiquedacultura.org,926 830 272,,,associacao,carnide,,
Có Có Ró Có Có,2026-03-15,2026-03-29,Boutique da Cultura - Um Teatro em Cada Bairro,"Avenida Colégio Militar, 1500-187, Lisboa",Lisboa,https://www.agendalx.pt/wp-json/agendalx/v1/events,https://www.agendalx.pt/content/uploads/2025/04/ai-generated-9462150_1280.webp,teatro,,,approved,agendalx,212546,https://www.agendalx.pt/wp-json/agendalx/v1/events,661d219d4df98ff4b3795cbc63681dcffb4f7dcf,<em>Có Có Ró Có Có</em> é um espetáculo de teatro divertido e interativo que leva os bebés e crianças a passar um dia encantador na quinta do simpático tio Manel. Acompanhados pelos sons da...,"bebés, crianças, famílias",,teatro,,,38.756483,-9.185602,www.boutiquedacultura.org,926 830 272,,,associacao,carnide,,
'City Lights' de C. Chaplin,2026-03-15,2026-03-15,Teatro Camões,"Parque das Nações, Passeio de Neptuno, 1990, Lisboa",Lisboa,https://www.agendalx.pt/wp-json/agendalx/v1/events,https://www.agendalx.pt/content/uploads/2026/02/city-lights.png,"cinema, música",,"a:1:{i:0;a:1:{s:5:""value"";s:11:""20 € a 30"";}}",approved,agendalx,230454,https://www.agendalx.pt/wp-json/agendalx/v1/events,de3c6881be637e8f1c9db845eac13a5b6a741937,Rara é a banda sonora que revela a voz do artista de forma tão imediata como a que Chaplin criou para <em>City lights</em>. A Orquestra Sinfónica Portuguesa interpreta esta obra de 1931 na ediçã...,"Charlie Chaplin, cineconcerto",,"cinema, música",,,38.756631,-9.0937424,,218 923 470,,,teatro,olivais,,
Postcards - CANCELADO!,2026-03-15,2026-03-15,Casa Capitão,"Rua do Grilo, 119, 1950-144, Lisboa",Lisboa,https://www.agendalx.pt/wp-json/agendalx/v1/events,https://www.agendalx.pt/content/uploads/2026/02/postcards.jpg,música,,"a:1:{i:0;a:1:{s:5:""value"";s:2:""13"";}}",approved,agendalx,231071,https://www.agendalx.pt/wp-json/agendalx/v1/events,15a728545c4cc720d8a16599007929ff2dcf745c,"<em>Postcards</em>, um trio <em>shoegaze/grunge</em> de Beirute, apresenta-se na Casa Capitão a 15 de março. <em>Ripe</em>, o mais recente disco do grupo, inclui dez temas onde o <em>dream-pop</em>...",rock,,música,,,38.730887,-9.10728,https://casa-capitao.com,,,,centro-cultural,,,
Akai e Koku,2026-03-15,2026-03-15,Casa do Coreto,"R. Neves Costa, 45, 1600-532, Lisboa",Lisboa,https://www.agendalx.pt/wp-json/agendalx/v1/events,https://www.agendalx.pt/content/uploads/2026/01/E1.jpg,teatro,,"a:3:{i:0;a:2:{s:5:""value"";s:2:""15"";s:11:""description"";s:19:""adulto + 1 criança"";}i:1;a:2:{s:5:""value"";s:4:""9,50"";s:11:""description"";s:6:""adulto"";}i:2;a:2:{s:5:""value"";s:3:""7,5"";s:11:""description"";s:8:""criança"";}}",approved,agendalx,229647,https://www.agendalx.pt/wp-json/agendalx/v1/events,e6a62d6a95ba21eee9331649db0247a828dbb8bf,"<span data-olk-copy-source=""MessageBody"">Akai, o vermelho equilibrista, gosta de linhas que o deixam baloiçar, de linhas que se transformam e o deixam viajar. Linhas que formam círculos e adoram rol...","bebés, crianças, famílias",,teatro,,,38.759925,-9.18912,http://luacheia.pt/BocadeCena/,938 018 777,,Casa do Coreto | Lua Cheia - Teatro Para Todos - Associação Animação Cultural,"associacao, teatro",carnide,,
Mário Soares. Portugal: Que Revolução?,2026-03-16,2026-05-29,Fundação Mário Soares e Maria Barroso,"Rua de São Bento, 176, 1200-821 Lisboa, 1200-816, Lisboa",Lisboa,https://www.agendalx.pt/wp-json/agendalx/v1/events,https://www.agendalx.pt/content/uploads/2025/11/mario.png,ciências,,free,approved,agendalx,225869,https://www.agendalx.pt/wp-json/agendalx/v1/events,548c8ccf27010a6e3eaf76e4acc160d1c9311704,<em>Mário Soares. Portugal: Que Revolução?</em> é uma exposição feita a partir de uma longa entrevista de Mário Soares ao jornalista francês Dominique Pouchin (Le Monde) e que viria a dar orig...,"50 anos, fotografia, gratuito, Mário Soares",,ciências,,,38.712785,-9.152897,http://www.fmsoares.pt/,213 964 179,,,fundacao,estrela,,
Teresa Cortez e Inês Melo,2026-03-16,2026-04-30,Edifício Central do Município,"Campo Grande, 25, 1600-922, Lisboa",Lisboa,https://www.agendalx.pt/wp-json/agendalx/v1/events,https://www.agendalx.pt/content/uploads/2026/02/Imagem1-17.jpg,artes,,free,approved,agendalx,231812,https://www.agendalx.pt/wp-json/agendalx/v1/events,d273b563b43a48c7ba25a40354947a0c0e03f06b,,"cerâmica, coletiva, gratuito",,artes,,,38.749526,-9.150415,,217 988 000,,,equipamento-municipal,alvalade,,
A Nordeste do Nordeste,2026-03-16,2026-04-10,Casa da América Latina,"Casa das Galeotas, Avenida da Índia, 110, 1300-300, Lisboa",Lisboa,https://www.agendalx.pt/wp-json/agendalx/v1/events,https://www.agendalx.pt/content/uploads/2026/01/WhatsApp-Image-2026-01-05-at-17.21.45.jpeg,artes,,free,approved,agendalx,228789,https://www.agendalx.pt/wp-json/agendalx/v1/events,8ed53c59ac6ac57d742aa050aae4854851017f42,A exposição propõe um deslocamento do olhar sobre produções artísticas associadas ao Nordeste brasileiro. A mostra parte das obras e de suas autorias para questionar enquadramentos geográfic...,"coletiva, escultura, fotografia, gratuito, pintura",,artes,,,38.696683,-9.194265,http://www.casamericalatina.pt,218 172 490,,,associacao,alcantara,,
Maria Caroço,2026-03-16,2026-04-10,Casa da Cidadania de São Domingos de Benfica,"Estrada de Benfica, 417 A, 1500-078 Lisboa, Lisboa",Lisboa,https://www.agendalx.pt/wp-json/agendalx/v1/events,https://www.agendalx.pt/content/uploads/2026/02/Img-Maria-Caroco.jpg,artes,,,approved,agendalx,231914,https://www.agendalx.pt/wp-json/agendalx/v1/events,13168d2db613e7354fbb0f87f5329dfead16602c,"Nesta exposição, o belo e o tóxico coexistem, entrelaçados no mesmo laço. Entre criação e contaminação, fragilidade e permanência, habitamos um mundo onde até o efémero deixa marca. Viv...","escultura, ilustração, pintura",,artes,,,38.746169,-9.187872,jf-sdomingosbenfica.pt/casa-da-cidadania/,217 248 610,geral@jf-sdomingosbenfica.pt,,,,,
My Mind is Not a Cage,2026-03-16,2026-04-10,Nave,"Travessa do Noronha, 11 B, 1250-168 Lisboa, Lisboa",Lisboa,https://www.agendalx.pt/wp-json/agendalx/v1/events,https://www.agendalx.pt/content/uploads/2026/01/Katherinne-Fiedler_En-algun-lugar.jpg,artes,,,approved,agendalx,228895,https://www.agendalx.pt/wp-json/agendalx/v1/events,a3d41eeb69cd088c97834b350eec52cf427c130b,"Através de diferentes linguagens — vídeo, instalação, fotografia, escultura, desenho, som e <em>site specific </em>— os artistas reunidos constroem um campo de reflexão que atravessa o íntim...","coletiva, desenho, escultura, fotografia, instalação, vídeo",,artes,,,0,0,www.galerianave.com,211 374 840,,,galeria,,,
André Semblano,2026-03-16,2026-03-27,Fórum Grandela,"Estrada de Benfica, 419, 1500-078 Lisboa, Lisboa",Lisboa,https://www.agendalx.pt/wp-json/agendalx/v1/events,https://www.agendalx.pt/content/uploads/2026/02/Andre-Semblano-1.jpg,artes,,,approved,agendalx,231917,https://www.agendalx.pt/wp-json/agendalx/v1/events,7b0da29d0da91fc31d5aec0eaf0a2a870180e482,"André Semblano nasceu em Lisboa em 1968. É em Sesimbra, onde vive desde 1974 que se dedica, exclusivamente desde 1986, à arte, modelando barro, pintando em azulejo e aguarela. A luminosidade de...",aguarela,,artes,,,0,0,https://jf-sdomingosbenfica.pt/forum-grandela/,211 912 258,,,,,,
Estelle Valente,2026-03-16,2026-05-08,Estúdios Victor Córdon,"R. Vítor Cordon 20, 1200-442",Lisboa,https://www.agendalx.pt/wp-json/agendalx/v1/events,https://www.agendalx.pt/content/uploads/2026/01/REMANENCE.jpg,artes,,free,approved,agendalx,228921,https://www.agendalx.pt/wp-json/agendalx/v1/events,6b89b7588c82a7730d6937360b057e0423f26237,"Há um romantismo no trabalho de Estelle Valente que nos prende o olhar mesmo sem darmos por isso. Um imaginário poético que espalha pelas fotografias que faz, seja num concerto, num espetáculo de...","fotografia, gratuito",,artes,,,38.707964,-9.142315,https://estudiosvictorcordon.pt/,,,,,,,
Mário Gomes,2026-03-16,2026-09-30,Loja de Cidadão do Saldanha,"Mercado 31 de Janeiro, Rua Eng. Vieira da Silva, 1º Piso, 1050-094, Lisboa",Lisboa,https://www.agendalx.pt/wp-json/agendalx/v1/events,https://www.agendalx.pt/content/uploads/2026/02/Imagem1-18.jpg,artes,,free,approved,agendalx,231993,https://www.agendalx.pt/wp-json/agendalx/v1/events,9f3c608ffc90472a8cddca603ee8448d0c71940e,"<div> Uma leitura visual da avifauna de Portugal. Tomando o Parque Florestal de Monsanto como principal referência e símbolo da política ambiental da Câmara Municipal de Lisboa, a exposiçã...","fotografia, gratuito",,artes,,,0,0,,300 003 990,,,,,,
Cecília Costa e José Loureiro,2026-03-16,2026-03-27,Galeria da Imprensa Nacional,"Rua da Escola Politécnica, 135, 1250-100, Lisboa",Lisboa,https://www.agendalx.pt/wp-json/agendalx/v1/events,https://www.agendalx.pt/content/uploads/2026/01/Cecilia-Costa_TS4_2025_300dpi-Copia.jpg,artes,,free,approved,agendalx,229581,https://www.agendalx.pt/wp-json/agendalx/v1/events,1cf13ed0d4cd6dab3acc9b371dc7e9f6c7e2d4a5,"A exposição <em>Dois Lados do Cérebro</em> mostra obras de Cecília Costa (1971) e de José Loureiro (1961), ambas distinguidas na terceira edição do Prémio de Arte INCM. Cecília Costa com...","coletiva, desenho, gratuito",,artes,,,38.717556,-9.150878,incm.pt,,,,galeria,,,
João Fazenda,2026-03-16,2026-04-24,Casa da Imprensa,"Rua da Horta Seca, 20, 1200-170, Lisboa",Lisboa,https://www.agendalx.pt/wp-json/agendalx/v1/events,https://www.agendalx.pt/content/uploads/2026/03/Joao-Fazenda.png,artes,,free,approved,agendalx,232548,https://www.agendalx.pt/wp-json/agendalx/v1/events,a82c62c2dad3c459e594af5fad0226c462d80790,"Reunindo um conjunto de cartoons e ilustrações criados entre o final de 2024 e 2025, <em>Contra-relógio</em> reflete a experiência do ilustrador João Fazenda no universo editorial, onde a criaç?...","cartoons, gratuito, ilustração",,artes,,,38.710221,-9.144493,https://www.casadaimprensa.pt/,213 420 277,geral@casadaimprensa.pt,,,,,
Homenagem à Obra Artística de Magalhães Filho,2026-03-16,2026-04-30,SPGL - Sindicato dos Professores da Grande Lisboa,"Espaço António Borges Coelho, Rua Fialho de Almeida, 3, 1070-095 Lisboa, Lisboa",Lisboa,https://www.agendalx.pt/wp-json/agendalx/v1/events,https://www.agendalx.pt/content/uploads/2026/01/IMG_4278-2-scaled-e1769780152506.jpg,artes,,free,approved,agendalx,230205,https://www.agendalx.pt/wp-json/agendalx/v1/events,c42a6a9b6f26014582458fe4c637588cf471431f,"Na exposição<em> Homenagem à obra artística de Magalhães Filho, pseudónimo do professor Calvet de Magalhães (1913-1974) </em>estará patente <em>A Fêmea</em>, Prémio Nacional de Arte, reprodu...","cerâmica, desenho, gratuito, pintura",,artes,,,38.733918,-9.155517,www.spgl.pt,213 819 100,,,organizacao,,,
Semana da Primavera,2026-03-16,2026-03-21,Parque Florestal de Monsanto - Centro de Interpretação de Monsanto,"Estrada do Barcal, Monte das Perdizes, 1500, Lisboa",Lisboa,https://www.agendalx.pt/wp-json/agendalx/v1/events,https://www.agendalx.pt/content/uploads/2026/03/Semana_Primavera_mar26.webp,"artes, ciências, dança, visitas guiadas",,free,approved,agendalx,232686,https://www.agendalx.pt/wp-json/agendalx/v1/events,c82c48d153eb59881b2dcc65d4cad0013fff6f5b,"A chegada da Primavera celebra-se numa semana repleta de experiências que despertam os sentidos. Exposições, visitas guiadas, espetáculos de dança ao ar livre, oficinas temáticas, caminhadas na...","gratuito, primavera",,"artes, ciências, dança, visitas guiadas",,,38.7397004,-9.1839561,http://www.cm-lisboa.pt,218 170 200,,,,sao-domingos-de-benfica,,
Tiny Monsters por MCD,2026-03-16,2026-03-31,Kirerah – Galeria de Arte,"Avenida Luís Bivar, 40C, 1050-145, Lisboa",Lisboa,https://www.agendalx.pt/wp-json/agendalx/v1/events,https://www.agendalx.pt/content/uploads/2026/01/Divulgacao-01.jpeg,artes,,,approved,agendalx,230293,https://www.agendalx.pt/wp-json/agendalx/v1/events,41113a1497fe1698079127aec7ed049a5345f9d3,"Com obras de arte digital impressas em acrílico, a artista dá vida a um universo peculiar e expressivo, onde pequenas criaturas imaginárias se destacam pelos seus traços ousados e cores de impacto...",arte digital,,artes,,,38.734893,-9.148977,https://www.facebook.com/people/Kirerah-Galeria-de-Arte/61576669585112/,912 450 098,contato@kirerahgaleria.com,,galeria,,,
Sessões de cinema no Turim,2026-03-16,2026-03-16,Turim - Um Teatro em Cada Bairro,"Estrada de Benfica, nº 723 A, 1500-088 Lisboa, 1500-109, Lisboa",Lisboa,https://www.agendalx.pt/wp-json/agendalx/v1/events,https://www.agendalx.pt/content/uploads/2026/02/4238_D005_00229_R-scaled.jpg,cinema,,,approved,agendalx,231026,https://www.agendalx.pt/wp-json/agendalx/v1/events,83422304e83739c52ca3b80f2bb73120285f1a04,"O Cine-Teatro Turim, espaço emblemático da cultura e da memória coletiva da Freguesia de Benfica, apresenta um programa com sessões regulares de cinema. As exibições, programadas pela Iniciat...",ciclo,,cinema,,,38.750689,-9.20232,bairrobenfica.pt,,,,teatro,benfica,,
Vasco Olino,2026-03-16,2026-05-29,Escola das Artes - Universidade Autónoma de Lisboa,"Rua Fernando Assis Pacheco, 207, 1350-300, Lisboa",Lisboa,https://www.agendalx.pt/wp-json/agendalx/v1/events,https://www.agendalx.pt/content/uploads/2026/02/dddd.jpg,artes,,free,approved,agendalx,231172,https://www.agendalx.pt/wp-json/agendalx/v1/events,ef898bf6e64fa69764a5ef83551388e7b79cd2ff,"A exposição reúne vários trabalhos desenvolvidos por Vasco Olino ao longo dos últimos meses, em que se destaca a prática da pintura com recurso a diferentes técnicas e materiais, bem como a uti...","gratuito, pintura",,artes,,,38.715042,-9.165881,https://escoladasartes.autonoma.pt/,213 177 662,escoladasartes@autonoma.pt,,escola,,,
Conceição Abreu,2026-03-16,2026-03-27,Biblioteca Camões,"Largo do Calhariz, 17 -1º Esq, 1200-086, Lisboa",Lisboa,https://www.agendalx.pt/wp-json/agendalx/v1/events,https://www.agendalx.pt/content/uploads/2026/02/PlanosDaPaisagem_ConceicaoAbreu-scaled.jpg,artes,,free,approved,agendalx,231514,https://www.agendalx.pt/wp-json/agendalx/v1/events,fcbea659eea748528e9b84b1cbb3230ec4dc2c93,"<em>Planos da Paisagem</em> de Conceição Abreu é uma instalação <em>site-specific</em>, que apresenta uma peça escultórica modular que se reconfigura, também, enquanto suporte das obras expos...","desenho, escultura, fotografia, gratuito, instalação",,artes,,,38.71081,-9.146063,http://blx.cm-lisboa.pt/,218 172 360,bib.camoes@cm-lisboa.pt,,"biblioteca, equipamento-municipal",misericordia,,
Alunos da ETIC,2026-03-16,2026-03-27,Biblioteca dos Coruchéus,"Rua Alberto Oliveira, 1700-019, Lisboa",Lisboa,https://www.agendalx.pt/wp-json/agendalx/v1/events,https://www.agendalx.pt/content/uploads/2026/02/imagem_LisboaSemIdade-scaled.jpg,artes,,free,approved,agendalx,231518,https://www.agendalx.pt/wp-json/agendalx/v1/events,f9dd4fd429fbd2118af952742c05874cc73ddc3c,"O idadismo – discriminação com base na idade – é um fenómeno ainda presente nas diferentes sociedades, com consequências reais na saúde mental de todos, podendo afetar tanto jovens como pe...","coletiva, fotografia, gratuito, vídeo",,artes,,,38.751233,-9.144825,http://blx.cm-lisboa.pt,218 172 049,,,"biblioteca, equipamento-municipal",campo-grande,,
Itinerários de Lisboa,2026-03-16,2026-04-28,Divisão de Promoção e Comunicação Cultural,"Rua da Boavista, 9, 1200-066, Lisboa",Lisboa,https://www.agendalx.pt/wp-json/agendalx/v1/events,https://www.agendalx.pt/content/uploads/2018/09/itinerarios.jpg,visitas guiadas,,"a:3:{i:0;a:2:{s:5:""value"";s:4:""4,35"";s:11:""description"";s:26:""Bilhete simples (1 visita)"";}i:1;a:2:{s:5:""value"";s:4:""7,24"";s:11:""description"";s:41:""Bilhete duplo (2 visitas ou duas pessoas)"";}i:2;a:2:{s:5:""value"";s:5:""29,20"";s:11:""description"";s:23:""Voucher 10 Itinerários"";}}",approved,agendalx,5922,https://www.agendalx.pt/wp-json/agendalx/v1/events,00bd61c1a872c7306e626e6e728b6e506eeb5ab7,"Os Itinerários de Lisboa levam os munícipes e visitantes à descoberta da cidade. Elaborados a partir de vários temas, abordam a vida quotidiana da cidade, o património edificado e literário, as...","ar livre, património",,visitas guiadas,,,38.708576,-9.147981,,218 170 900,,,,,,
Tanisha Raj,2026-03-16,2026-03-24,28Art Gallery,"Rua Madre Teresa de Calcutá, 9, 1950-127, Lisboa",Lisboa,https://www.agendalx.pt/wp-json/agendalx/v1/events,https://www.agendalx.pt/content/uploads/2026/02/Imagem1-15.jpg,artes,,free,approved,agendalx,231603,https://www.agendalx.pt/wp-json/agendalx/v1/events,46be56487b5365808fbd0a628c47f93d10ea46b3,"Com raízes na Índia, nascida em Hong Kong e com ciclos de vida na América do Norte e na Europa, Tanisha Raj expõe pela primeira vez em Portugal. Com curadoria de Carlos Pissarra, a mostra apres...",gratuito,,artes,,,38.744478,-9.099873,https://www.instagram.com/28art_gallery/,,,,galeria,,,
Visitas Comentadas,2026-03-16,2026-04-30,Divisão de Promoção e Comunicação Cultural,"Rua da Boavista, 9, 1200-066, Lisboa",Lisboa,https://www.agendalx.pt/wp-json/agendalx/v1/events,https://www.agendalx.pt/content/uploads/2018/09/visitas.jpg,visitas guiadas,,free,approved,agendalx,5941,https://www.agendalx.pt/wp-json/agendalx/v1/events,145240c26b81aa61b47ebfa04573fdf9a8c8131b,"As visitas têm como objetivo dar a conhecer a cidade, o seu património arquitetónico, histórico e cultural. São o resultado de parcerias com entidades públicas e privadas, nomeadamente equipamen...",gratuito,,visitas guiadas,,,38.708576,-9.147981,,218 170 900,,,,,,
Quando a Terra Voltou a ser Mar,2026-03-16,2026-03-23,Espaço Santa Catarina,"Largo Doutor António de Sousa Macedo, 7, 1200-109, Lisboa",Lisboa,https://www.agendalx.pt/wp-json/agendalx/v1/events,https://www.agendalx.pt/content/uploads/2026/02/1000215119.jpg,artes,,,approved,agendalx,231623,https://www.agendalx.pt/wp-json/agendalx/v1/events,69f062dcbe21fafaed80ebc2b34d489496cdf1fe,"<em>Quando a Terra Voltou a Ser Mar</em> é uma instalação-intervenção que nasce do encontro entre arte, espiritualidade, ciência e memória. O mar aparece como origem e portal de transmutaç?...",instalação,,artes,,,38.7111424,-9.1490969,http://www.facebook.com/espacosantacatarina,211 339 837,,,galeria,misericordia,,
Rita GT,2026-03-16,2026-06-02,ZET Galeria de Arte,"Rua da Prata, 176, 1100-619, Lisboa",Lisboa,https://www.agendalx.pt/wp-json/agendalx/v1/events,https://www.agendalx.pt/content/uploads/2026/02/PAULO-MENDES-ARCHIVE-STUDIO-_-EDITORIA-_-RITA-GT_-23_CF096748.jpeg,artes,,free,approved,agendalx,231804,https://www.agendalx.pt/wp-json/agendalx/v1/events,4c77d901e764007faecc3d9d5a3465940872b6ec,"<em>Cerâmica-Matéria-Mulher: semióticas do gesto</em>, por Rita GT é a nova proposta da ZET. A artista de Viana do Castelo explora a forma como o corpo, a matéria e o gesto produzem uma linguagem...","cerâmica, gratuito",,artes,,,38.711565,-9.137154,,,,,galeria,,,
Visitas guiadas ao Tribunal Constitucional,2026-03-16,2026-12-28,Tribunal Constitucional | Palácio Ratton,"Rua de O Século, 111, 1249-117, Lisboa",Lisboa,https://www.agendalx.pt/wp-json/agendalx/v1/events,https://www.agendalx.pt/content/uploads/2023/01/Tribunal-Constitucional4_Creditos-ClaudiaTeixeira-e-Hugo-Silva-scaled.jpg,visitas guiadas,,,approved,agendalx,83962,https://www.agendalx.pt/wp-json/agendalx/v1/events,afcb3cf82403e59b77b01267638727bc7e3bb58e,O Tribunal Constitucional realiza visitas guiadas com o objetivo de aprofundar o conhecimento de todos os cidadãos sobre as funções e as competências deste órgão de soberania. O percurso é a...,,,visitas guiadas,,,38.713995,-9.147809,https://www.tribunalconstitucional.pt/tc/home.html,213 233 600,,,,,,
Pilar Megias,2026-03-16,2026-03-19,Galeria Beltrão Coelho,"Rua Sarmento Beires, 3A, 1900-221, Lisboa",Lisboa,https://www.agendalx.pt/wp-json/agendalx/v1/events,https://www.agendalx.pt/content/uploads/2026/02/168.png,artes,,,approved,agendalx,231808,https://www.agendalx.pt/wp-json/agendalx/v1/events,ef3ca5155594afedabc63e5d37418e326a6e27e4,"<em>Um Brinde às Artes é um gesto, um ritual, uma declaração de gratidão e de resistência.</em> <em>Pilar Megías pinta há mais de 20 anos com uma entrega quase devota.</em> <em>Ela conti...",pintura,,artes,,,38.742205,-9.127975,https://gbeltraocoelho.wixsite.com/exposicoes,213 122 807,,,galeria,areeiro,,
"Jean Renoir, le patron",2026-03-16,2026-03-16,Cinema Nimas,"Avenida 5 de Outubro 42B, 1050-053, Lisboa",Lisboa,https://www.agendalx.pt/wp-json/agendalx/v1/events,https://www.agendalx.pt/content/uploads/2026/02/o-crime-do-sr-lange.jpg,cinema,,"a:1:{i:0;a:2:{s:5:""value"";s:1:""8"";s:11:""description"";s:41:""preço normal (ver descontos aplicáveis)"";}}",approved,agendalx,230876,https://www.agendalx.pt/wp-json/agendalx/v1/events,764bfafb6c16719080c0f4bcbbab48cc5d1aeaf0,"<em>Jean Eustache foi o montador do épico </em>Jean Renoir, Le patron<em>, realizado por Rivette para a série</em>Cinéastes de notre temps<em>, e ao longo de três meses conviveu diariamente com a...","ciclo, cinema clássico, Jean Renoir",,cinema,,,38.735721,-9.147266,medeiafilmes.com,213 574 362,espaconimas@gmail.com,,cinema,campo-grande,,
Março no Avenidas,2026-03-16,2026-03-31,Avenidas - Um Teatro em Cada Bairro,"Rua Alberto de Sousa, 10 A, 1600-002, Lisboa",Lisboa,https://www.agendalx.pt/wp-json/agendalx/v1/events,https://www.agendalx.pt/content/uploads/2026/02/Avenidas.jpg,,,free,approved,agendalx,232136,https://www.agendalx.pt/wp-json/agendalx/v1/events,920fb8838ef703e7109bbbddc076a24e840e577b,"Inaugurado em dezembro de 2022 no Bairro de Santos ao Rego, o Avenidas integra a rede municipal Um Teatro em Cada Bairro, equipamentos que são centros culturais de proximidade e de encontro das artes...","gratuito, um teatro em cada bairro",,,,,38.746061,-9.158103,,,,,,,,
As Três Tauromaquias: Arte e Tragédia,2026-03-16,2026-04-30,Instituto Cervantes,"Rua de Santa Marta, 43 F, 1169-119, Lisboa",Lisboa,https://www.agendalx.pt/wp-json/agendalx/v1/events,https://www.agendalx.pt/content/uploads/2026/01/despues_de_dali_f_fdez_banner.jpg,artes,,,approved,agendalx,230009,https://www.agendalx.pt/wp-json/agendalx/v1/events,aaa18cfbf34111abb17228350268954dced4bff1,"Sob o título <em>As Três Tauromaquias: Arte e Tragédia</em>, esta exposição reúne obras de três nomes maiores da história da arte espanhola - Francisco de Goya, Salvador Dalí e Pablo Picasso...","coletiva, gravura, pintura",,artes,,,38.724472,-9.146045,lisboa.cervantes.es/pt/,213 105 020,,"Horário de secretaria
Segunda a quinta, das 9h às 19h
Sexta, das 9h às 14h30

Horário da biblioteca
Segunda a quinta, das 11h às 19h
Sexta, das 11h às 14h","escola, instituicao",santo-antonio,,
In memoriam Glória de Matos,2026-03-16,2026-03-17,Cinemateca Portuguesa - Museu do Cinema,"Rua Barata Salgueiro 39, 1250-096, Lisboa",Lisboa,https://www.agendalx.pt/wp-json/agendalx/v1/events,https://www.agendalx.pt/content/uploads/2026/02/benilde-grande.jpg,cinema,,,approved,agendalx,231944,https://www.agendalx.pt/wp-json/agendalx/v1/events,4c05e7ac63979233e48344825616182fbdb0db4d,"<em>A atriz Glória de Matos faleceu no passado dia 11 de dezembro, aos 89 anos. O dia da sua morte coincide com a data do aniversário de Manoel de Oliveira, o realizador com quem mais trabalhou, num...","Glória de Matos, homenagem",,cinema,,,38.720877,-9.148759,http://www.cinemateca.pt,213 596 200,,,cinema,santo-antonio,,
Inatel Frequência 440,2026-03-16,2026-03-17,Teatro da Trindade INATEL,"Rua Nova da Trindade, 9, 1200-301, Lisboa",Lisboa,https://www.agendalx.pt/wp-json/agendalx/v1/events,https://www.agendalx.pt/content/uploads/2026/02/Inatel-Freq-440.jpg,música,,"a:1:{i:0;a:1:{s:5:""value"";s:11:""10 € a 15"";}}",approved,agendalx,231197,https://www.agendalx.pt/wp-json/agendalx/v1/events,d02a64bd26e8753253461a05bce3bc0a2bea9d09,"Lançado em 2025, o <em>INATEL Frequência 440</em> surge para ajudar a renovar o panorama musical português. O objetivo é dar a conhecer talentos emergentes que se inspiram na música de raiz tradi...",música portuguesa,,música,,,38.711847,-9.142364,https://teatrotrindade.inatel.pt/,213 423 200,,,teatro,santa-maria-maior,,
A alegria do mundo toda inteirinha numa tela,2026-03-16,2026-03-30,Casa da Achada – Centro Mário Dionísio,"Rua da Achada, 11, r/c, 1100-236, Lisboa",Lisboa,https://www.agendalx.pt/wp-json/agendalx/v1/events,https://www.agendalx.pt/content/uploads/2026/02/lustforlife1.jpg,cinema,,free,approved,agendalx,230965,https://www.agendalx.pt/wp-json/agendalx/v1/events,7571432ab18c5746b465075c23987648eb4325bc,"<em>A Pintura e o Cinema vivem em cumplicidade há mais de cem anos, revelando inúmeras afinidades estéticas e formais. Na verdade, são duas artes que desejam fixar, através da imagem, a vida das...","ciclo, gratuito",,cinema,,,38.7133853,-9.1352684,http://www.centromariodionisio.org,218 877 090,,,associacao,santa-maria-maior,,
Dona Margarida,2026-03-16,2026-03-24,Boutique da Cultura - Um Teatro em Cada Bairro,"Avenida Colégio Militar, 1500-187, Lisboa",Lisboa,https://www.agendalx.pt/wp-json/agendalx/v1/events,https://www.agendalx.pt/content/uploads/2026/01/Dona-Margarida.png,teatro,,"a:1:{i:0;a:1:{s:5:""value"";s:2:""10"";}}",approved,agendalx,228320,https://www.agendalx.pt/wp-json/agendalx/v1/events,ff990afd592aa4a15ae40064fd6c226607763ced,"Dona Margarida é uma professora autoritária, doce, cruel, patética, feroz, maternal e completamente imprevisível. Numa aula sem fim, ela transforma a sala num campo de poder, afeto e loucura. A pl...",um teatro em cada bairro,,teatro,,,38.756483,-9.185602,www.boutiquedacultura.org,926 830 272,,,associacao,carnide,,
"Lisboa, Capital da Intriga Internacional",2026-03-16,2026-03-31,Casa do Comum do Bairro Alto,"Rua da Rosa, 285, 1200-408, Lisboa",Lisboa,https://www.agendalx.pt/wp-json/agendalx/v1/events,https://www.agendalx.pt/content/uploads/2026/02/lisbon.jpg,"ciências, cinema, visitas guiadas",,"a:1:{i:0;a:2:{s:5:""value"";s:4:""3,20"";s:11:""description"";s:66:""preço normal (sessões na Cinemateca - ver descontos aplicáveis)"";}}",approved,agendalx,231361,https://www.agendalx.pt/wp-json/agendalx/v1/events,b78f937ab6d504378e917777f60630e2ffe8ce91,"O ciclo <a href=""https://ihc.fcsh.unl.pt/marco-lisboa-capital-intriga/"" target=""_blank"" rel=""noopener""><em>Lisboa, Capital da Intriga Internacional</em></a> revela as várias ligações de Lisboa ao c...","ciclo, conversas, Lisboa, percurso, workshop",,"ciências, cinema, visitas guiadas",,,38.713632,-9.145775,https://www.casadocomum.org/,213 259 992,,,,,,
Manuel Chavajay,2026-03-17,2026-04-01,Galeria Pedro Cera,"Rua do Patrocínio 67E, 1350-229, Lisboa",Lisboa,https://www.agendalx.pt/wp-json/agendalx/v1/events,https://www.agendalx.pt/content/uploads/2026/01/dddd-3.jpg,artes,,,approved,agendalx,230057,https://www.agendalx.pt/wp-json/agendalx/v1/events,482acd055dcdc511cef9e5d69cbc9e5df7394c62,,,,artes,,,38.7147816,-9.1644495,http://www.pedrocera.com,218 162 032,,,galeria,estrela,,
Make Ceramic Great Again,2026-03-17,2026-05-14,Cabana Mad,"Rua da Misericórdia, 66 - 1º Dto., 1200-273, Lisboa",Lisboa,https://www.agendalx.pt/wp-json/agendalx/v1/events,https://www.agendalx.pt/content/uploads/2026/02/dddd-4-scaled.jpg,artes,,,approved,agendalx,231500,https://www.agendalx.pt/wp-json/agendalx/v1/events,7b60e173e915ab3d2a91f1fb15b2746b62410d8d,"A cerâmica, hoje mais do que nunca, revela-se um material vivo e maleável, capaz de se transformar em linguagens estéticas e culturais em constante evolução. Na prática contemporânea, torna-...","cerâmica, coletiva",,artes,,,38.712366,-9.142971,www.cabanamad.com,,,,,,,
Portuguese and play,2026-03-17,2026-03-31,Amora Estúdio,"Rua Paio Peres Correia, 27B, 1900-191, Lisboa",Lisboa,https://www.agendalx.pt/wp-json/agendalx/v1/events,https://www.agendalx.pt/content/uploads/2026/02/Early-bird-tips.png,artes,,"a:1:{i:0;a:1:{s:5:""value"";s:2:""10"";}}",approved,agendalx,231899,https://www.agendalx.pt/wp-json/agendalx/v1/events,008d0239fc5b2da64c0fe966d710af3ba427d6ba,<em>Portuguese and Play</em> é um evento concebido por uma aprendiz de língua portuguesa para outras pessoas que estão a iniciar o contacto com a língua e a cultura. A ideia é complementar a apre...,"crochet, desenho",,artes,,,38.724649,-9.117099,https://www.instagram.com/amora.estudi0/,920 282 910,,,,,,
Visita à Biblioteca São Lázaro,2026-03-17,2026-03-17,Biblioteca São Lázaro,"Rua do Saco, 1, 1150-199, Lisboa",Lisboa,https://www.agendalx.pt/wp-json/agendalx/v1/events,https://www.agendalx.pt/content/uploads/2024/03/DSC04263-1-1536x864-1.jpg,visitas guiadas,,free,approved,agendalx,188113,https://www.agendalx.pt/wp-json/agendalx/v1/events,ce16e5c6af7058f24729e79ed56dc977c13d2706,"A Biblioteca de São Lázaro abre as portas ao público revelando a importância histórica e patrimonial daquela que é a mais antiga biblioteca municipal de Lisboa. Criada em 1883, a Biblioteca d...",gratuito,,visitas guiadas,,,38.720542,-9.138199,https://blx.cm-lisboa.pt/,218 820 116,blx@cm-lisboa.pt,,equipamento-municipal,arroios,,
Visitas temáticas à Casa Ásia-Coleção Francisco Capelo,2026-03-17,2026-03-31,Casa Ásia - Coleção Francisco Capelo,"Largo Trindade Coelho, 22, 1200-265, Lisboa",Lisboa,https://www.agendalx.pt/wp-json/agendalx/v1/events,https://www.agendalx.pt/content/uploads/2024/09/Visitas-guiadas-Casa-Asia-Colecao-Francisco-Capelo-scaled.jpg,visitas guiadas,,"a:1:{i:0;a:1:{s:5:""value"";s:2:""12"";}}",approved,agendalx,199051,https://www.agendalx.pt/wp-json/agendalx/v1/events,7104ced4770552fbef654309e1e53c9e661ec0fa,"Museu situado no antigo Palácio Portugal da Gama, edifício seiscentista recuperado e musealizado para exibir publicamente o acervo de arte asiática que Francisco Capelo reuniu ao longo de mais de 2...",,,visitas guiadas,,,38.712995,-9.143178,https://scml.pt/cultura/casa-asia-cfc/,213 240 869/87/65,,"Segunda a sexta, das 10h às 18h",,,,
À descoberta da Biblioteca Palácio Galveias,2026-03-17,2026-07-28,Biblioteca Palácio Galveias,"Campo Pequeno, Lisboa",Lisboa,https://www.agendalx.pt/wp-json/agendalx/v1/events,https://www.agendalx.pt/content/uploads/2025/12/biblioteca-galveias__ALA9342.jpg,visitas guiadas,,free,approved,agendalx,227640,https://www.agendalx.pt/wp-json/agendalx/v1/events,1bed03cbfa625e08b88b97e4931f1069d1776380,"No ano em que se comemoram 95 anos da Biblioteca Palácio Galveias, realiza-se a partir de janeiro, sempre às terças, uma visita guiada que dá a conhecer a sua história. Situada junto ao Campo...",gratuito,,visitas guiadas,,,38.742782,-9.144204,http://blx.cm-lisboa.pt/,218 173 090,,,"biblioteca, equipamento-municipal",avenidas-novas,,
Lá,2026-03-17,2026-03-25,Boutique da Cultura - Um Teatro em Cada Bairro,"Avenida Colégio Militar, 1500-187, Lisboa",Lisboa,https://www.agendalx.pt/wp-json/agendalx/v1/events,https://www.agendalx.pt/content/uploads/2026/01/la.jpg,teatro,,"a:1:{i:0;a:1:{s:5:""value"";s:2:""10"";}}",approved,agendalx,228323,https://www.agendalx.pt/wp-json/agendalx/v1/events,9ed6523b77d2ee5bc5e61735b84385ee2d9bfc1e,"<em>Lá.</em> <em>Lá na avó, é aonde chamo casa.</em> <em>Lá que me nutro, lá que me encho de amor e sabedoria. Bau de tesouro das mulheres que somos mesmo em corpo de homem.</em> <em>Lá, na...",um teatro em cada bairro,,teatro,,,38.756483,-9.185602,www.boutiquedacultura.org,926 830 272,,,associacao,carnide,,
Concerto delle donne,2026-03-17,2026-03-17,Academia das Ciências de Lisboa,"Rua da Academia das Ciências, 19, 1249-122, Lisboa",Lisboa,https://www.agendalx.pt/wp-json/agendalx/v1/events,https://www.agendalx.pt/content/uploads/2024/10/Academia-das-Ciencias.jpg,música,,"a:1:{i:0;a:1:{s:5:""value"";s:12:""7,5 € a 15"";}}",approved,agendalx,230466,https://www.agendalx.pt/wp-json/agendalx/v1/events,083a99279c3df2691881075ff727c497c234d6ab,Este <em>Concerto delle donne</em> apresenta três notáveis compositoras cuja arte floresceu apesar das barreiras impostas à sua condição nas sociedades renascentista e barroca. O programa abre c...,música erudita,,música,,,38.713187,-9.149845,http://www.acad-ciencias.pt,213 219 730,,,academia,misericordia,,
No melhor chá cai a mosca,2026-03-17,2026-04-01,Culturgest,"Rua Arco do Cego, 50, 1000-020, Lisboa",Lisboa,https://www.agendalx.pt/wp-json/agendalx/v1/events,https://www.agendalx.pt/content/uploads/2026/02/culturgest.jpg,"ciências, literatura",,free,approved,agendalx,232029,https://www.agendalx.pt/wp-json/agendalx/v1/events,98a3d30634dcb226b85209d76ca8ef11cf0e1595,"<em>No Melhor Chá Cai a Mosc</em>a é um ciclo de conferências sobre o humor, tema central do espetáculo <em>Uma Mosca no Nosso Chá</em>, da Formiga Atómica, que irá estrear em outubro de 2026 n...","Formiga Atómica, gratuito, humor, pedro vieira",,"ciências, literatura",,,38.740896,-9.142813,http://www.culturgest.pt,217 905 454,,,"auditorio, museu",avenidas-novas,,
Reservas visitáveis do Museu Nacional de Etnologia,2026-03-17,2026-12-31,Museu Nacional de Etnologia,"Avenida Ilha da Madeira, 1400, Lisboa",Lisboa,https://www.agendalx.pt/wp-json/agendalx/v1/events,https://www.agendalx.pt/content/uploads/2021/04/amazonia.jpg,"ciências, visitas guiadas",,,approved,agendalx,82524,https://www.agendalx.pt/wp-json/agendalx/v1/events,67be4ecc273b5950c27f690d41df45a93167a802,Sector de reserva visitável do Museu Nacional de Etnologia alberga um total de cerca de 3000 peças. As Galerias da Vida Rural são um espaço dedicado às coleções ilustrativas dos temas da agricu...,,,"ciências, visitas guiadas",,,38.7059718,-9.2079317,http://mnetnologia.wordpress.com,213 041 160,,,museu,belem,,
Shortcutz Lisboa,2026-03-17,2026-07-28,Sociedade de Instrução Guilherme Cossoul,"Rua Nova da Piedade, 66, 1200-299 Lisboa, Lisboa",Lisboa,https://www.agendalx.pt/wp-json/agendalx/v1/events,https://www.agendalx.pt/content/uploads/2022/03/shortcutz.jpg,cinema,,free,approved,agendalx,25707,https://www.agendalx.pt/wp-json/agendalx/v1/events,48b10a50e423b680531fe88bcaa8e7275267bee7,"O <a href=""https://shortcutznetwork.com/"" target=""_blank"" rel=""noopener""><em>Shortcutz</em> </a>consiste numa competição e mostra semanal de curtas-metragens, que decorre ao longo de todo o ano. Tem...","conversa, gratuito",,cinema,,,38.714125,-9.153229,www.guilhermecossoul.pt,213 973 471,,,,misericordia,,
Ciclo de Cinema Ambiental II,2026-03-18,2026-09-02,Hub Criativo da Mouraria,"Travessa dos Lagares 1, 1100-495, Lisboa",Lisboa,https://www.agendalx.pt/wp-json/agendalx/v1/events,https://www.agendalx.pt/content/uploads/2025/11/estacoes1.jpg,cinema,,free,approved,agendalx,227131,https://www.agendalx.pt/wp-json/agendalx/v1/events,5fe1bc1ea377e6076f336c1b8c1dcc5df733689b,"O <span data-olk-copy-source=""MessageBody"">ciclo é composto por dez documentários contemporâneos de vários países e tem como objetivo promover debates, estimular a reflexão e mudanças no modo d...","ambiente, ciclo, conversa, gratuito",,cinema,,,38.71577,-9.132377,https://www.hubcriativomouraria.pt/,218 170 202,,,organizacao,santa-maria-maior,,
Kino Wunderbar,2026-03-18,2026-12-16,Goethe-Institut,"Campo Mártires da Pátria, 37, 1150-225, Lisboa",Lisboa,https://www.agendalx.pt/wp-json/agendalx/v1/events,https://www.agendalx.pt/content/uploads/2026/03/edukadores_.jpg,cinema,,,approved,agendalx,229764,https://www.agendalx.pt/wp-json/agendalx/v1/events,fb9c306f3720b0bc0823e115da6afec7a5a7ead7,"Na última quarta-feira de cada mês, o auditório do Goethe-Institut em Lisboa transforma-se num cinema acolhedor, com filmes de culto alemães exibidos numa sala com mesas postas e snacks temáticos...","ciclo, cinema alemão",,cinema,,,38.7211951,-9.1407138,http://www.goethe.delisboa,218 824 510,,,escola,arroios,,
Cinema Invisível,2026-03-18,2026-03-26,Fábrica Braço de Prata,"Rua da Fábrica do Material de Guerra, 1, 1950-128, Lisboa",Lisboa,https://www.agendalx.pt/wp-json/agendalx/v1/events,https://www.agendalx.pt/content/uploads/2026/03/Searching-For-Tirfas-5.png,cinema,,"a:1:{i:0;a:1:{s:5:""value"";s:1:""4"";}}",approved,agendalx,232585,https://www.agendalx.pt/wp-json/agendalx/v1/events,8fe7c961800680d96da08e8ab65f596290aca633,"O Cinalfama apresenta em Lisboa um novo programa de cinema: Cinema Invisível, q<span data-olk-copy-source=""MessageBody"">ue exibe uma programação contínua dedicada a obras, autores e cinematograf...",ciclo,,cinema,,,38.743607,-9.101364,www.fabricabracodeprata.com,930 497 484,geralFBP@gmail.com,,"bar, restaurante",marvila,,
A ilha da grande solidão,2026-03-18,2026-03-26,Boutique da Cultura - Um Teatro em Cada Bairro,"Avenida Colégio Militar, 1500-187, Lisboa",Lisboa,https://www.agendalx.pt/wp-json/agendalx/v1/events,https://www.agendalx.pt/content/uploads/2026/01/MONOLOGOS.jpg,teatro,,"a:1:{i:0;a:1:{s:5:""value"";s:2:""10"";}}",approved,agendalx,228326,https://www.agendalx.pt/wp-json/agendalx/v1/events,6834f7c5f86ac2b2596368d7b094e131a126fef7,"A partir da obra <i>A Ilha da Grande Solidão</i>, de Fernanda de Castro, e de textos originais, Rita Dias e Carla Gil criam uma ilha onde cabem todas as gerações. Do nascimento à morte, a solidã...",um teatro em cada bairro,,teatro,,,38.756483,-9.185602,www.boutiquedacultura.org,926 830 272,,,associacao,carnide,,
"Arte, Alimentação e Ambiente",2026-03-18,2026-03-18,MUDE - Museu do Design,"Rua Augusta, 24, 1100-053, Lisboa",Lisboa,https://www.agendalx.pt/wp-json/agendalx/v1/events,https://www.agendalx.pt/content/uploads/2026/02/ALimentacao.jpg,"artes, ciências",,free,approved,agendalx,231654,https://www.agendalx.pt/wp-json/agendalx/v1/events,1a50956d80b69e6f0f8f423ce33629593cb55861,"A conferência internacional '<em>Arte, Alimentação e Ambiente</em>' é um evento que propõe uma reflexão crítica sobre os cruzamentos entre práticas artísticas e sistemas alimentares. O progra...","Alimentação, gratuito, sustentabilidade",,"artes, ciências",,,38.709176,-9.136667,http://www.mude.pt,218 171 892,Email geral: mude@cm-lisboa.pt,"Abril a setembro: Terça a quinta, das 10h às 19h | sexta e sábado, das 10h às 21h | domingos e feriados, das 10h às 19h
Outubro a março: Terça a quinta, das 10h às 18h | sexta e sábado, das 10h às 20h | domingos e feriados, das 10h às 18h

Encerra a 25 de dezembro e 1 de janeiro","equipamento-municipal, museu",santa-maria-maior,,
"Movie Experiments, Los Angeles",2026-03-18,2026-04-01,Pavilhão Julião Sarmento,"Avenida da Índia, 172, 1400-027, Lisboa",Lisboa,https://www.agendalx.pt/wp-json/agendalx/v1/events,https://www.agendalx.pt/content/uploads/2026/02/pasadena-freeways-stills-beydler.png,cinema,,free,approved,agendalx,231181,https://www.agendalx.pt/wp-json/agendalx/v1/events,068275234fb8aba37d884bc8e744d38172dbaa08,"O <em>Movie Experiments, Los Angeles</em> é um ciclo de cinema em formato de cineclube semanal, com curadoria de Andy Rector. Distribuído por seis sessões, o programa reúne filmes realizados em...","ciclo, Estados Unidos da América, gratuito",,cinema,,,38.694209,-9.210774,,218 383 350,,,galeria,,,
Habitar o Mundo: Agora,2026-03-18,2026-03-18,Espaço 100,"Rua da Escola Politécnica, 100, 1250-026, Lisboa",Lisboa,https://www.agendalx.pt/wp-json/agendalx/v1/events,https://www.agendalx.pt/content/uploads/2026/03/LACC-HABITAR-MUNDO-01.jpg,ciências,,free,approved,agendalx,232234,https://www.agendalx.pt/wp-json/agendalx/v1/events,5e042098a2059bf8d727fd755d36352a98538141,O Centro de Conhecimento Luiza Andaluz apresenta um ciclo de conversas intitulado '<em>Habitar o Mundo</em>' dedicado a reflexões sobre a contemporaneidade. O primeiro destes eventos que decorrerá n...,gratuito,,ciências,,,38.717555,-9.150875,,938 829 003,,,,,,
Todos Pássaros,2026-03-18,2026-03-29,São Luiz Teatro Municipal,"Rua António Maria Cardoso, 38, 1200-026, Lisboa",Lisboa,https://www.agendalx.pt/wp-json/agendalx/v1/events,https://www.agendalx.pt/content/uploads/2025/12/todos-passaros-vitorino_coragem.jpeg,teatro,,"a:1:{i:0;a:2:{s:5:""value"";s:11:""12 € e 15"";s:11:""description"";s:41:""preço normal (ver descontos aplicáveis)"";}}",approved,agendalx,227913,https://www.agendalx.pt/wp-json/agendalx/v1/events,a799ef795131cb389ae09d420ba9a86513a7db2f,"Quando o judeu-alemão Eitan e a árabe-americana Wahida se conhecem numa biblioteca em Nova Iorque, apaixonam-se instantaneamente. Mas esse amor está destinado a ser bem-sucedido? A família de Eita...","Álvaro Correia, audiodescrição, língua gestual portuguesa",,teatro,,,38.7089341,-9.1424961,http://www.teatrosaoluiz.pt,213 257 640,,,teatro,misericordia,,
Concentus Musicus Wien,2026-03-18,2026-03-18,Centro Cultural de Belém,"Praça do Império, 1449-003, Lisboa",Lisboa,https://www.agendalx.pt/wp-json/agendalx/v1/events,https://www.agendalx.pt/content/uploads/2026/02/Concentus_5127creditolukasbeck.jpg,música,,"a:1:{i:0;a:1:{s:5:""value"";s:10:""8 € a 40"";}}",approved,agendalx,231137,https://www.agendalx.pt/wp-json/agendalx/v1/events,3277152145215f46a90286215b3516f82b449afe,"O <em>ensemble</em> Concentus Musicus Wien mantém uma relação profunda com os célebres <em>Concertos Brandeburgueses</em>, de Johann Sebastian Bach. Obras de referência incontornável no reper...",clássica,,música,,,38.696435,-9.208603,http://www.ccb.pt,213 612 400,,,centro-cultural,belem,,
Chico César,2026-03-18,2026-03-18,Teatro Tivoli BBVA,"Avenida da Liberdade, 182 A, 1250-146, Lisboa",Lisboa,https://www.agendalx.pt/wp-json/agendalx/v1/events,https://www.agendalx.pt/content/uploads/2026/01/©-Ana-Lefaux-3.jpeg,música,,"a:1:{i:0;a:1:{s:5:""value"";s:11:""25 € a 35"";}}",approved,agendalx,230058,https://www.agendalx.pt/wp-json/agendalx/v1/events,618db0915bce7135170a244d16313842f5058e4f,"<em>Aos Vivos</em>, o disco de estreia de Chico César, faz 30 anos. No dia 20 de março, o músico traz a digressão de celebração ao Teatro Tivoli BBVA. O álbum revelou-se um dos mais surpreenden...",MPB,,música,,,38.720237,-9.145005,https://www.teatrotivolibbva.pt,213 151 050,,,teatro,santo-antonio,,
Ai que nervos!,2026-03-18,2026-04-29,Academia de Santo Amaro,"Rua da Academia de Santo Amaro, nº 9, 1300-001, Lisboa",Lisboa,https://www.agendalx.pt/wp-json/agendalx/v1/events,https://www.agendalx.pt/content/uploads/2026/03/Ai-que-nervos.jpg,teatro,,"a:1:{i:0;a:1:{s:5:""value"";s:14:""10 € a 12,50"";}}",approved,agendalx,232257,https://www.agendalx.pt/wp-json/agendalx/v1/events,1bb33750cf35efcb3cacb1372863559c2deb52c2,"Miguel Dias odeia noites de estreia. Em <em>Ai que Nervos!</em>, partilha com o público histórias hilariantes que viveu no Teatro e na Televisão e canta músicas da sua autoria. Neste <em>one man...","comédia, Miguel Dias, teatro musical",,teatro,,,38.701488,-9.183577,http://academ1946.blogspot.com,213 636 637,,,,alcantara,,
'10 jovens artistas portugueses...',2026-03-19,2026-03-19,Fundação PLMJ,"Av. Fontes Pereira de Melo, 43, 1050-250, Lisboa",Lisboa,https://www.agendalx.pt/wp-json/agendalx/v1/events,https://www.agendalx.pt/content/uploads/2026/03/frame-do-video_hubspot.webp,cinema,,,approved,agendalx,232597,https://www.agendalx.pt/wp-json/agendalx/v1/events,79edd79c6999f4e91d4ad786e5aa042b02edd9fd,"O documentário <em>10 jovens artistas portugueses, através da lente de Lourenço Mello</em> é exibido numa sessão especial que conta com a presença <span data-olk-copy-source=""MessageBody"">do rea...",documentário,,cinema,,,38.732125,-9.146154,https://www.fundacaoplmj.com/pt/,213 197 300,,,,,,
Entre o Rio e o Mar,2026-03-19,2026-04-10,Galeria Ratton,"Rua Academia das Ciências, 2C, 1200-433, Lisboa",Lisboa,https://www.agendalx.pt/wp-json/agendalx/v1/events,https://www.agendalx.pt/content/uploads/2026/03/ddd-1-scaled.jpg,artes,,,approved,agendalx,232701,https://www.agendalx.pt/wp-json/agendalx/v1/events,5403601f3e006362ada81b0b413d43efef4c388f,"<em>A exposição ""Entre o Rio e o Mar, uma estória em Azulejo"" apresenta o processo de selecção do artista escolhido para executar a Intervenção Artística Azulejar global para o edifício do...","azulejaria, coletiva",,artes,,,38.713488,-9.148186,http://www.galeriaratton.blogspot.com,213 460 948,,,galeria,misericordia,,
Valério Marques,2026-03-19,2026-03-21,Art Room,"Pátio do Tijolo, 1, 1250-096 Lisboa, Lisboa",Lisboa,https://www.agendalx.pt/wp-json/agendalx/v1/events,https://www.agendalx.pt/content/uploads/2026/03/Imagem1-4.jpg,artes,,free,approved,agendalx,232708,https://www.agendalx.pt/wp-json/agendalx/v1/events,1338faff473fd5a4e64fb42280d7597f17e3dded,"O artista reúne nesta mostra retratos a óleo de mais de 20 raças de cães, que aqui se tornam protagonistas da própria história humana.","gratuito, pintura",,artes,,,38.715798,-9.146923,,968 516 630,,,,,,
Celebrações do Dia Mundial da Poesia,2026-03-19,2026-03-22,Auditório da Biblioteca Orlando Ribeiro,"Antigo Solar da Nora, Estrada de Telheiras, 146, 1600-598, Lisboa",Lisboa,https://www.agendalx.pt/wp-json/agendalx/v1/events,https://www.agendalx.pt/content/uploads/2026/02/Feira-Livro-poesia-05.jpeg,literatura,,free,approved,agendalx,231615,https://www.agendalx.pt/wp-json/agendalx/v1/events,f407ded9674b47b9e0e04d590e8b831163525d41,"Quinta-feira 19 de março, no Jardim da Parada, em plena natureza, abre mais uma Feira do Livro de Poesia que se estende até domingo, 22. Celebrando o Dia Mundial da Poesia (21 de março), editores e...","Dia Mundial da Poesia, gratuito, poesia",,literatura,,,38.759834,-9.169052,http://jf-lumiar.pt/,217 541 350,,,"auditorio, equipamento-municipal",lumiar,,
In memoriam João Canijo,2026-03-19,2026-03-19,Cinemateca Portuguesa - Museu do Cinema,"Rua Barata Salgueiro 39, 1250-096, Lisboa",Lisboa,https://www.agendalx.pt/wp-json/agendalx/v1/events,https://www.agendalx.pt/content/uploads/2026/02/Thumbnail.jpg,cinema,,,approved,agendalx,231941,https://www.agendalx.pt/wp-json/agendalx/v1/events,70003f343035fd784e3d339c1691b8759fce6b87,"<em>Autor de uma obra onde pontuam grandes figuras femininas, retratos crus de personagens trágicas, no sentido dos grandes clássicos, colocadas perante a irrespirabilidade, o “sufoco do Portugal...","homenagem, João Canijo",,cinema,,,38.720877,-9.148759,http://www.cinemateca.pt,213 596 200,,,cinema,santo-antonio,,
Cisco Merel,2026-03-19,2026-05-30,Kunsthalle Lissabon,"Rua José Sobral Cid, 9E, 1900-312, Lisboa",Lisboa,https://www.agendalx.pt/wp-json/agendalx/v1/events,https://www.agendalx.pt/content/uploads/2026/02/La_Puerta_del_Sol-scaled.jpg,artes,,,approved,agendalx,232058,https://www.agendalx.pt/wp-json/agendalx/v1/events,196e5eb5fe734c14ca647a6cd3f909fd2442b529,"<em>La Chantin</em> é a primeira exposição individual em Portugal do artista Cisco Merel, nascido na cidade do Panamá. Concebido especificamente para o espaço da galeria, o projeto explora a casa...","escultura, instalação",,artes,,,38.7235827,-9.115627,http://www.kunsthalle-lissabon.org,912 045 650,,,galeria,penha-de-franca,,
"Saúde Mental, Trabalho e Género",2026-03-19,2026-03-31,Avenidas - Um Teatro em Cada Bairro,"Rua Alberto de Sousa, 10 A, 1600-002, Lisboa",Lisboa,https://www.agendalx.pt/wp-json/agendalx/v1/events,https://www.agendalx.pt/content/uploads/2025/03/falling.jpg,cinema,,free,approved,agendalx,232143,https://www.agendalx.pt/wp-json/agendalx/v1/events,95c59d0dc0f54a9efa4fdd00a4593408c190a2e8,"Em março realiza-se na NOVA FCSH o Ciclo de Cinema e Debates: <em>Saúde Mental, Trabalho e Género</em>. Aproveitando a celebração do Mês da Mulher, a programação foca-se em perspetivas conte...","ciclo, debate, gratuito, saúde mental",,cinema,,,38.746061,-9.158103,,,,,,,,
Aging and the American Road,2026-03-19,2026-05-28,Faculdade de Ciências Sociais e Humanas da Universidade Nova de Lisboa,"Avenida de Berna 26C, 1069-061, Lisboa",Lisboa,https://www.agendalx.pt/wp-json/agendalx/v1/events,https://www.agendalx.pt/content/uploads/2021/04/01Nomadland-scaled.jpg,cinema,,free,approved,agendalx,232146,https://www.agendalx.pt/wp-json/agendalx/v1/events,3ef1750f13facb6fe1c9c48c2c87c74c466b8b86,"O Ciclo de Cinema <em>Aging and the American Road</em>, uma iniciativa do Strand American Intersections do <a href=""https://www.fcsh.unl.pt/unidades-investigacao/centro-de-estudos-ingleses-de-tradu...","ciclo, conversa, gratuito",,cinema,,,38.740502,-9.150927,http://www.fcsh.unl.pt,217 908 300,,,escola,avenidas-novas,,
Quintas-feiras no Palácio,2026-03-19,2026-06-25,Palácio Nacional da Ajuda,"Largo da Ajuda, 1300, Lisboa",Lisboa,https://www.agendalx.pt/wp-json/agendalx/v1/events,https://www.agendalx.pt/content/uploads/2026/01/IMG_7301.jpg,visitas guiadas,,,approved,agendalx,229642,https://www.agendalx.pt/wp-json/agendalx/v1/events,5e7bc28694a7a6b429bdf054a0396a378a3eb0f8,"Às quintas-feiras, há voluntários no Palácio Nacional da Ajuda que, com dedicação e generosidade, oferecem uma visita que revela histórias fascinantes, curiosidades e segredos em cada sala do p...",,,visitas guiadas,,,38.707681,-9.196469,https://www.palacioajuda.gov.pt/,213 637 095,se.pnajuda@museusemonumentos.pt,,monumento,ajuda,,
Os Rostos da Capela de São João Batista,2026-03-19,2026-03-19,Museu de São Roque,"Largo Trindade Coelho, 1200, Lisboa",Lisboa,https://www.agendalx.pt/wp-json/agendalx/v1/events,https://www.agendalx.pt/content/uploads/2026/02/os-rostos-da-csjb-ludovice.jpg,visitas guiadas,,free,approved,agendalx,231714,https://www.agendalx.pt/wp-json/agendalx/v1/events,914e7383fcd7581b302a01d97668d5e4fecad323,"A Capela de São João Batista, na Igreja de São Roque, é um dos maiores símbolos do esplendor artístico e diplomático do reinado de D. João V, o monarca que ambicionou colocar Portugal no centr...","ciclo, gratuito",,visitas guiadas,,,38.7130065,-9.1431934,http://www.museudesaoroque.com,213 235 444,,,museu,misericordia,,
A Valentina e a Valeria não estão mortas,2026-03-19,2026-03-29,Centro Cultural de Belém,"Praça do Império, 1449-003, Lisboa",Lisboa,https://www.agendalx.pt/wp-json/agendalx/v1/events,https://www.agendalx.pt/content/uploads/2025/11/valentina.jpg,teatro,,"a:1:{i:0;a:2:{s:5:""value"";s:2:""15"";s:11:""description"";s:41:""preço normal (ver descontos aplicáveis)"";}}",approved,agendalx,225214,https://www.agendalx.pt/wp-json/agendalx/v1/events,df637917ed4352bb09e7aaa52f639f1113ca1799,"O ensaio de Esmeralda é sobressaltado por duas figuras, Valentina e Valeria. Quem são elas, exatamente? Parecem estar num espaço desértico, com qualquer coisa de Internet e de Além. Terão surgid...","Dia Mundial do Teatro, flávia gusmão, Jacinto Lucas Pires",,teatro,,,38.696435,-9.208603,http://www.ccb.pt,213 612 400,,,centro-cultural,belem,,
Veneno,2026-03-19,2026-05-03,Teatro Aberto,"R. Armando Cortez, 1050-107, Lisboa",Lisboa,https://www.agendalx.pt/wp-json/agendalx/v1/events,https://www.agendalx.pt/content/uploads/2026/02/Veneno.jpg,teatro,,"a:2:{i:0;a:2:{s:5:""value"";s:2:""17"";s:11:""description"";s:41:""preço normal (ver descontos aplicáveis)"";}i:1;a:2:{s:5:""value"";s:5:""11,90"";s:11:""description"";s:42:""dia do espectador (quarta) - preço único"";}}",approved,agendalx,231000,https://www.agendalx.pt/wp-json/agendalx/v1/events,3c738fcc3633260fa9a292ac70e36f1fe9e6de81,"<span data-olk-copy-source=""MessageBody"">Um homem e uma mulher reencontram-se passados dez anos. Foram casados, sofreram uma perda que abalou profundamente as suas vidas e separaram-se por se terem fe...","+16, Carla Maciel, Gonçalo Waddington, João Lourenço, Teatro Aberto",,teatro,,,38.736412,-9.158494,http://www.teatroaberto.com,213 880 086,,,"equipamento-municipal, teatro",avenidas-novas,,
Rita Marhaug,2026-03-19,2026-03-19,Pavilhão 31 - Hospital Júlio de Matos,"Avenida do Brasil, 53, 1749-002 Lisboa, Lisboa",Lisboa,https://www.agendalx.pt/wp-json/agendalx/v1/events,https://www.agendalx.pt/content/uploads/2026/02/Rita-Marhaug_perf-3-t_INBOUND_Belfast_2010_Foto-Bbeyond_IMG_3161-scaled-1.jpg,artes,,,approved,agendalx,231618,https://www.agendalx.pt/wp-json/agendalx/v1/events,204f9ad1e817a7446520211c2ac53639e1e2d76c,"Rita Marhaug é uma artista visual norueguesa cujo trabalho questiona, sem concessões, as tensões entre o corpo, a identidade, a natureza e a cultura, explorando as marcas visíveis e invisíveis qu...",performance,,artes,,,38.756986,-9.146062,,217 917 000,,,,,,
Mercado Gourmet da Ladra,2026-03-19,2026-12-31,Mercado de Santa Clara,"Campo de Santa Clara, 1100-472 Lisboa, Lisboa",Lisboa,https://www.agendalx.pt/wp-json/agendalx/v1/events,https://www.agendalx.pt/content/uploads/2026/01/mercado-gourmet-da-ladra-_-4.jpg,feiras,,free,approved,agendalx,230080,https://www.agendalx.pt/wp-json/agendalx/v1/events,e3f31cc68a25d44d89cf2117a25dacba8982f447,"O Mercado Gourmet da Ladra, conhecido pela sua curadoria de autor e ambiente vibrante, anuncia uma novidade que promete transformar o início da semana na capital. Desde 26 de janeiro, o mercado passo...",gratuito,,feiras,,,0,0,,218 873 986,mercado.stclara@jf-saovicente.pt,,,sao-vicente,,
Gostava de vir a ser,2026-03-19,2026-03-22,Teatro Ibérico,"Rua de Xabregas, 54, 1900-439, Lisboa",Lisboa,https://www.agendalx.pt/wp-json/agendalx/v1/events,https://www.agendalx.pt/content/uploads/2026/03/gostava.jpg,teatro,,"a:1:{i:0;a:2:{s:5:""value"";s:2:""10"";s:11:""description"";s:41:""preço normal (ver descontos aplicáveis)"";}}",approved,agendalx,232669,https://www.agendalx.pt/wp-json/agendalx/v1/events,f4a35a1838ffc309db389a57dda3f5e56225455a,"Num hospital psiquiátrico, um grupo de mulheres reúne-se todas as semanas para discutir os problemas da sua ala. Convencidas de que estão sob ameaça, organizam uma espécie de conselho de gue...",,,teatro,,,38.726652,-9.111416,http://www.teatroiberico.org,218 682 531,,,teatro,beato,,
Uma ideia genial,2026-03-19,2026-04-19,Teatro Maria Matos,"Avenida Frei Miguel Contreiras, 52, 1700-081, Lisboa",Lisboa,https://www.agendalx.pt/wp-json/agendalx/v1/events,https://www.agendalx.pt/content/uploads/2025/12/uma-ideia.jpg,teatro,,"a:1:{i:0;a:1:{s:5:""value"";s:11:""20 € a 22"";}}",approved,agendalx,227726,https://www.agendalx.pt/wp-json/agendalx/v1/events,e199e1699a67977839062dc6d4130150748647b5,"<p class=""x_MsoNormal"">Dizem que todos nós temos um sósia, mas podemos passar uma vida inteira sem o conhecer. Esta é a história hilariante de uma personagem que se multiplica em três, cada uma...","comédia, Ricardo Neves-Neves",,teatro,,,38.74595,-9.138745,http://www.teatromariamatos.pt,218 438 800,,,teatro,alvalade,,
Poesia e qualquer coisa mais…,2026-03-19,2026-03-19,Atmosfera M,"Rua Castilho, 5, 1250-096, Lisboa",Lisboa,https://www.agendalx.pt/wp-json/agendalx/v1/events,https://www.agendalx.pt/content/uploads/2021/11/marco-oliveira.png,"literatura, música",,free,approved,agendalx,231027,https://www.agendalx.pt/wp-json/agendalx/v1/events,3a5331305872776b686c7303cdc7b0959f92a503,"Ciclo semanal que celebra a poesia com quatro espetáculos distintos, que juntam vozes consagradas e novos talentos da cultura portuguesa. A data de estreia, 26 de fevereiro, conta com a apresenta?...","gratuito, poesia",,"literatura, música",,,38.723985,-9.152598,https://www.montepio.org/vantagens-montepio/atmosfera-m/,210 002 730,,,associacao,santo-antonio,,
Concerto para Piano n.º 2 de Brahms,2026-03-19,2026-03-20,Fundação Calouste Gulbenkian,"Avenida de Berna, 45A, 1050-078, Lisboa",Lisboa,https://www.agendalx.pt/wp-json/agendalx/v1/events,https://www.agendalx.pt/content/uploads/2026/02/Alessio-Bax-Credit-Marco-Borggreve.jpg,música,,"a:1:{i:0;a:1:{s:5:""value"";s:11:""27 € a 55"";}}",approved,agendalx,231629,https://www.agendalx.pt/wp-json/agendalx/v1/events,a40b55bf6cf996e31a402591d0cf1df85f62f67e,"O pianista Alessio Bax encontra-se, segundo a revista <em>Gramophone</em>, “entre os mais notáveis jovens pianistas que hoje se apresentam diante do público”, enquanto a revista <em>New Yorker...","clássica, piano",,música,,,38.7380413,-9.1550827,http://www.gulbenkian.pt,217 823 000,,,"fundacao, museu, biblioteca, auditorio",avenidas-novas,,
Shawn James,2026-03-19,2026-03-19,Lisboa ao Vivo,"Av. Marechal Gomes da Costa, nº 29 B1, 1800-255, Lisboa",Lisboa,https://www.agendalx.pt/wp-json/agendalx/v1/events,https://www.agendalx.pt/content/uploads/2026/01/ARGENTINA-SJ-6000x4000-1.jpg,música,,"a:1:{i:0;a:1:{s:5:""value"";s:2:""25"";}}",approved,agendalx,229767,https://www.agendalx.pt/wp-json/agendalx/v1/events,ad9a6fd152f41ae20da906f3ad03b0e95d0548a5,"<div data-olk-copy-source=""MessageBody"">O músico norte-americano Shawn James traz a <em>tournée Flew Too Closer To The Sun</em> ao LAV – Lisboa Ao Vivo no dia 19 de março. O cantor é conhecido...",soul,,música,,,38.75056,-9.105413,https://lisboaaovivo.com/,967 089 462,,,,,,
Yerai Cortés,2026-03-19,2026-03-19,Aula Magna,"Alameda da Universidade, Lisboa",Lisboa,https://www.agendalx.pt/wp-json/agendalx/v1/events,https://www.agendalx.pt/content/uploads/2026/01/yerai-cortes.jpg,música,,"a:1:{i:0;a:1:{s:5:""value"";s:11:""40 € a 55"";}}",approved,agendalx,230117,https://www.agendalx.pt/wp-json/agendalx/v1/events,2d163a003d198b6000a364999f9c0482396c8afa,"Yerai Cortés é um dos mais promissores músicos espanhóis da nova geração e a grande referência do flamenco contemporâneo. O músico espanhol, natural de Alicante, estreia-se no nosso país c...",flamenco,,música,,,38.7528,-9.1562275,,210 113 406,,,auditorio,campo-grande,,
Manga Limão,2026-03-19,2026-03-19,Casa Capitão,"Rua do Grilo, 119, 1950-144, Lisboa",Lisboa,https://www.agendalx.pt/wp-json/agendalx/v1/events,https://www.agendalx.pt/content/uploads/2026/02/manga-limao.jpg,música,,"a:1:{i:0;a:1:{s:5:""value"";s:2:""10"";}}",approved,agendalx,231297,https://www.agendalx.pt/wp-json/agendalx/v1/events,ca336e9765bec060d42a1e8f6340f2fe51290ff6,"Manga Limão é uma banda composta por Pedro Baptista, Yuri Dias, Henrique Hauzer e Tommaso Antico, que cruza <em>disco</em>, <em>hip-hop</em> e ritmos tropicais numa sonoridade vibrante, dançável e...","disco, música portuguesa",,música,,,38.730887,-9.10728,https://casa-capitao.com,,,,centro-cultural,,,
Iñigo Quintero,2026-03-19,2026-03-19,Lisboa ao Vivo,"Av. Marechal Gomes da Costa, nº 29 B1, 1800-255, Lisboa",Lisboa,https://www.agendalx.pt/wp-json/agendalx/v1/events,https://www.agendalx.pt/content/uploads/2026/01/inigo-quintero.jpg,música,,"a:1:{i:0;a:1:{s:5:""value"";s:2:""30"";}}",approved,agendalx,230136,https://www.agendalx.pt/wp-json/agendalx/v1/events,219da9b3c98b7d0e427b0be7ef37d30d94518ab1,"Iñigo Quintero apresenta o seu primeiro álbum, <em>El Sitio de Siempre</em>, dia 19 de março, no LAV - Lisboa ao Vivo. O disco de estreia de Iñigo Quintero representa a afirmação da sua maturida...",pop,,música,,,38.75056,-9.105413,https://lisboaaovivo.com/,967 089 462,,,,,,
Visitas ao Palácio de Santos,2026-03-19,2026-12-24,Palácio de Santos,"R. Santos-O-Velho, 5, 1249-079, Lisboa",Lisboa,https://www.agendalx.pt/wp-json/agendalx/v1/events,https://www.agendalx.pt/content/uploads/2021/12/Palacio-de-santos.png,visitas guiadas,,"a:1:{i:0;a:1:{s:11:""description"";s:40:""Bilhetes disponíveis em: patrimonium.pt"";}}",approved,agendalx,38721,https://www.agendalx.pt/wp-json/agendalx/v1/events,258093da6332a82ce061e8e1b0c5f8c671d36e35,A Embaixada de França em Portugal abre as suas portas para visitas regulares ao Palácio de Santos. Considerando este palácio um dos melhores testemunhos de uma residência palaciana do Barroco Port...,património,,visitas guiadas,,,38.706569,-9.157953,https://patrimonium.pt/palaciosantos/,937 112 787,mail@patrimoniumcultural.pt,,,,,
Visitas guiadas à Igreja e Museu de São Roque,2026-03-20,2026-03-20,Museu de São Roque,"Largo Trindade Coelho, 1200, Lisboa",Lisboa,https://www.agendalx.pt/wp-json/agendalx/v1/events,https://www.agendalx.pt/content/uploads/2025/11/Visita-guiada-ao-Museu-e-Igreja-de-Sao-Roque.jpg,visitas guiadas,,,approved,agendalx,226361,https://www.agendalx.pt/wp-json/agendalx/v1/events,1d0dddcd91b235918b61a00671660ca738c21215,"As visitas guiadas à Igreja e ao Museu de São Roque oferecem uma leitura aprofundada de um dos mais extraordinários conjuntos patrimoniais de Lisboa. A Igreja, notável pela sua arquitetura maneiri...",,,visitas guiadas,,,38.7130065,-9.1431934,http://www.museudesaoroque.com,213 235 444,,,museu,misericordia,,
Últimas Aquisições (Parte I),2026-03-20,2026-05-29,PACA,"Rua Coronel Bento Roma, 10, 1700-165, Lisboa",Lisboa,https://www.agendalx.pt/wp-json/agendalx/v1/events,https://www.agendalx.pt/content/uploads/2025/12/DSC3566.jpg,artes,,,approved,agendalx,227483,https://www.agendalx.pt/wp-json/agendalx/v1/events,47c94dd6cb8919d53c6a6891513e030f9d169ef6,A PACA é uma coleção de arte Moderna e Contemporânea e apresenta a sua primeira exposição. Foi iniciada por P.C. há cerca de trinta e cinco anos e centra-se predominantemente em obras de artist...,coletiva,,artes,,,38.74832,-9.138034,https://paca.pt/,,,,galeria,,,
Os Rituais do Cinema III,2026-03-20,2026-03-21,Prosa - Plataforma Cultural,"Rua Alves Torgo, 8, 1000-033 Lisboa",Lisboa,https://www.agendalx.pt/wp-json/agendalx/v1/events,https://www.agendalx.pt/content/uploads/2022/12/HOLY-MOTORS-Still-2-scaled.jpg,cinema,,"a:1:{i:0;a:1:{s:11:""description"";s:32:""Gratuito. Donativo sugerido 3€"";}}",approved,agendalx,231472,https://www.agendalx.pt/wp-json/agendalx/v1/events,0259dc809384ec0c2de63e91a957a667b6278362,"O terceiro ciclo de Rituais do Cinema ""<em>retoma a força simbólica dos gestos que as personagens inventam para sobreviver às suas narrativas. Em </em>La Double Vie de Véronique<em> (1991) e </em>...","ciclo, conversa",,cinema,,,38.732537,-9.135956,https://prosacultural.org/,917 49 89 89 / 936 36 84 50,prosa@prosacultural.org,"De segunda a sexta-feira, das 09h às 18h | Outros horários: por agendamento.",,,,
Budismo – Escolas e Práticas na Ásia,2026-03-20,2026-03-20,Casa Ásia - Coleção Francisco Capelo,"Largo Trindade Coelho, 22, 1200-265, Lisboa",Lisboa,https://www.agendalx.pt/wp-json/agendalx/v1/events,https://www.agendalx.pt/content/uploads/2026/02/visita-tematica-budismo.jpg,visitas guiadas,,"a:1:{i:0;a:1:{s:5:""value"";s:2:""12"";}}",approved,agendalx,231701,https://www.agendalx.pt/wp-json/agendalx/v1/events,47110d601afd325a8e6f55e004f8048f520fe4ad,"Na cultura asiática existem várias escolas do budismo, cada uma com as suas orientações e práticas. Nesta visita iremos explorar algumas destas escolas bem como são feitas muitas das práticas n...",,,visitas guiadas,,,38.712995,-9.143178,https://scml.pt/cultura/casa-asia-cfc/,213 240 869/87/65,,"Segunda a sexta, das 10h às 18h",,,,
Sound Field,2026-03-20,2026-05-09,3+1 Arte Contemporânea,"Largo Hintze Ribeiro 2E-F, 1250-096, Lisboa",Lisboa,https://www.agendalx.pt/wp-json/agendalx/v1/events,https://www.agendalx.pt/content/uploads/2026/02/4-1920x1536-1.jpg,artes,,,approved,agendalx,231772,https://www.agendalx.pt/wp-json/agendalx/v1/events,4f620fab2229021efe7878a56b90883380c52dae,"A exposição explora o som como linguagem e as diferentes formas em como os artistas selecionados se relacionam com este enquanto ideia e enquanto meio, através de áudio, instalação, performance,...","coletiva, escultura, fotografia, instalação, performance",,artes,,,38.7188727,-9.1548944,http://www.3m1arte.com,210 170 765,,,galeria,santo-antonio,,
Olhares Sobre o Abismo: Mostra Essencial Werner Herzog,2026-03-20,2026-04-05,Cinema Fernando Lopes,"Campo Grande, 376, 1749-024, Lisboa",Lisboa,https://www.agendalx.pt/wp-json/agendalx/v1/events,https://www.agendalx.pt/content/uploads/2023/07/15267574.jpeg,cinema,,"a:3:{i:0;a:2:{s:5:""value"";s:1:""8"";s:11:""description"";s:15:""Pack 2 bilhetes"";}i:1;a:2:{s:5:""value"";s:2:""12"";s:11:""description"";s:15:""Pack 4 bilhetes"";}i:2;a:2:{s:5:""value"";s:2:""15"";s:11:""description"";s:26:""Pack 6 bilhetes (integral)"";}}",approved,agendalx,232364,https://www.agendalx.pt/wp-json/agendalx/v1/events,e337177abdb931104c3ea42a6c1106e87d685150,<em>Olhares Sobre o Abismo: Mostra Essencial Werner Herzog </em>é uma retrospetiva exclusiva dedicada a um dos cineastas mais singulares e influentes do cinema contemporâneo. Ao longo de mais de...,"ciclo, retrospetiva, Werner Herzog",,cinema,,,38.754601,-9.152853,https://cinemaeartes.ulusofona.pt/pt/cinema-fernando-lopes,217 515 500,,,cinema,,,
'C’est Pas La Vie En Rose' de Leonor B.Loureiro,2026-03-20,2026-03-20,Auditório Camões,"Rua Almirante Barroso, 25 A, 1000 - 012, Lisboa",Lisboa,https://www.agendalx.pt/wp-json/agendalx/v1/events,https://www.agendalx.pt/content/uploads/2026/03/image-w1280.webp,cinema,,"a:1:{i:0;a:1:{s:5:""value"";s:1:""8"";}}",approved,agendalx,232591,https://www.agendalx.pt/wp-json/agendalx/v1/events,6935ad45a53203a99db32e5cbfff5599f688ecb8,"A antestreia do documentários <em>C’est Pas La Vie En Rose</em>, de Leonor Bettencourt Loureiro, realiza-se a 20 de março, no Auditório Camões. Sinopse: <span data-olk-copy-source=""Message...","antestreia, documentário",,cinema,,,38.731217,-9.14248,,,,,,,,
Kreator,2026-03-20,2026-03-20,MEO Arena,"Rossio dos Olivais - Parque das Nações, 1990-231, Lisboa",Lisboa,https://www.agendalx.pt/wp-json/agendalx/v1/events,https://www.agendalx.pt/content/uploads/2026/01/kreator.png,música,,"a:1:{i:0;a:1:{s:5:""value"";s:10:""45 €, 50"";}}",approved,agendalx,229755,https://www.agendalx.pt/wp-json/agendalx/v1/events,1c6b75769a6dbe5fbce1fcb59374fa5fd077686e,"No dia 20 de março, a Sala Tejo da MEO Arena recebe a digressão <em>Krushers Of The World</em>, um encontro raro que reúne, no mesmo cartaz, quatro nomes de referência que ajudaram a moldar e cont...",heavy metal,,música,,,38.767571,-9.094552,arena.meo.pt,,,,auditorio,olivais,,
Suede,2026-03-20,2026-03-20,Sagres Campo Pequeno,"Centro de Lazer Campo Pequeno, Torreão Sul, 1050-026, Lisboa",Lisboa,https://www.agendalx.pt/wp-json/agendalx/v1/events,https://www.agendalx.pt/content/uploads/2026/01/Suede.png,música,,"a:1:{i:0;a:1:{s:5:""value"";s:11:""32 € a 50"";}}",approved,agendalx,229514,https://www.agendalx.pt/wp-json/agendalx/v1/events,a91b5d4248b3b56b0d2a59b479acd112fe553551,"<div data-olk-copy-source=""MessageBody"">Os britânicos Suede regressam a Lisboa com a nova digressão, <em>Antidepressants: Dancing With The Europeans</em>, onde apresentam o décimo álbum de estúdi...",indie-pop,,música,,,38.742575,-9.14793,http://www.campopequeno.com,217 998 450,,,centro-cultural,avenidas-novas,,
"Poesia, Música… e Vinho Tinto",2026-03-20,2026-03-27,Boutique da Cultura - Um Teatro em Cada Bairro,"Avenida Colégio Militar, 1500-187, Lisboa",Lisboa,https://www.agendalx.pt/wp-json/agendalx/v1/events,https://www.agendalx.pt/content/uploads/2026/03/poesia-musica-e-vinho.jpg,teatro,,"a:1:{i:0;a:1:{s:5:""value"";s:2:""10"";}}",approved,agendalx,232288,https://www.agendalx.pt/wp-json/agendalx/v1/events,b174fecac67ba93e7e98c02047ab002dd04ca550,"A palavra dita cruza-se com a música ao vivo, criando atmosferas que vão do intimista ao vibrante. O vinho surge como companheiro cúmplice, símbolo da paixão, da memória e da convivência. Mais...",um teatro em cada bairro,,teatro,,,38.756483,-9.185602,www.boutiquedacultura.org,926 830 272,,,associacao,carnide,,
Trovante,2026-03-20,2026-03-21,MEO Arena,"Rossio dos Olivais - Parque das Nações, 1990-231, Lisboa",Lisboa,https://www.agendalx.pt/wp-json/agendalx/v1/events,https://www.agendalx.pt/content/uploads/2026/01/trovante.png,música,,"a:1:{i:0;a:1:{s:5:""value"";s:11:""30 € a 80"";}}",approved,agendalx,229431,https://www.agendalx.pt/wp-json/agendalx/v1/events,587cf48eafabebc9450f91b0810e60bbe33dda04,"Os Trovante estão de regresso aos palcos em março de 2026. Luís Represas, João Gil, Miguel Faria, Artur Costa, Fernando Júdice, António José Martins, José Salgueiro e João Nuno Represas volta...","música portuguesa, pop",,música,,,38.767571,-9.094552,arena.meo.pt,,,,auditorio,olivais,,
Avalanche,2026-03-20,2026-03-20,Casa Capitão,"Rua do Grilo, 119, 1950-144, Lisboa",Lisboa,https://www.agendalx.pt/wp-json/agendalx/v1/events,https://www.agendalx.pt/content/uploads/2026/03/Foto_01-Creditos_-Guilherme-Cabral-@gigocabral.jpg,música,,,approved,agendalx,232822,https://www.agendalx.pt/wp-json/agendalx/v1/events,9ce97cc29ee10cc71be210b8962b144762e5ed30,"<em>Volume II</em> é o novo álbum do coletivo Avalanche. Depois de um aclamado <em>Volume I</em> (2022), com a participação de 21 músicos, cantores e compositores, são agora apresentadas 13 nova...",música portuguesa,,música,,,38.730887,-9.10728,https://casa-capitao.com,,,,centro-cultural,,,
Papillon,2026-03-20,2026-03-20,Coliseu dos Recreios,"Rua das Portas de Santo Antão, 96, 1150-269 Lisboa, Lisboa",Lisboa,https://www.agendalx.pt/wp-json/agendalx/v1/events,https://www.agendalx.pt/content/uploads/2026/01/papillon.jpg,música,,"a:1:{i:0;a:1:{s:5:""value"";s:11:""20 € a 37"";}}",approved,agendalx,229750,https://www.agendalx.pt/wp-json/agendalx/v1/events,954f9a4239c6da7c97b083742e3c825f62d761a5,"No dia 20 de março, Papillon apresenta-se no Coliseu dos Recreios, prometendo uma noite que marca o arranque de um novo capítulo na sua carreira. Conhecido por cruzar introspeção com inovação so...",rap,,música,,,38.716506,-9.140548,www.coliseulisboa.com,+351 213 240 585,,"↓
Atendimento e bilheteiras das 13h00 às 19:00 de segunda a sexta.
Dias de espectáculo abertura 13h00, encerramento 30 minutos após o início do mesmo.",auditorio,santa-maria-maior,,
Nils Hoffmann,2026-03-20,2026-03-20,Casa Capitão,"Rua do Grilo, 119, 1950-144, Lisboa",Lisboa,https://www.agendalx.pt/wp-json/agendalx/v1/events,https://www.agendalx.pt/content/uploads/2024/10/NillsHoffmann.jpg,música,,"a:1:{i:0;a:1:{s:5:""value"";s:2:""20"";}}",approved,agendalx,230128,https://www.agendalx.pt/wp-json/agendalx/v1/events,5359d33a7e7ebe53d6d5319531ffb8c5c8ba7c8d,"<span data-olk-copy-source=""MessageBody"">Depois de uma passagem pelo Misty Fest, em 2024, onde conquistou o público português com a sua sonoridade emotiva e envolvente, Nils Hoffmann regressa a Port...",eletrónica,,música,,,38.730887,-9.10728,https://casa-capitao.com,,,,centro-cultural,,,
Mindfulness No Museu,2026-03-21,2026-03-21,Museu do Oriente,"Avenida Brasília, Doca de Alcântara, 1350-279, Lisboa",Lisboa,https://www.agendalx.pt/wp-json/agendalx/v1/events,https://www.agendalx.pt/content/uploads/2026/02/cartaz143769_grande.jpg,visitas guiadas,,"a:1:{i:0;a:1:{s:5:""value"";s:2:""20"";}}",approved,agendalx,231748,https://www.agendalx.pt/wp-json/agendalx/v1/events,097a87769092f915e0257c5a7e13c70b48653b9d,"Arte e mindfulness são complementos naturais. Ambos convidam à reflexão e têm uma componente terapêutica que promove o bem-estar, quando se unem, cria-se uma sensação de refúgio. A presença d...",mindfulness,,visitas guiadas,,,38.702868,-9.170792,https://www.foriente.pt/,213 585 200,,,museu,alcantara,,
Designing Sustainable Futures,2026-03-21,2026-07-31,Pavilhão de Portugal,"Cais Português - Parque das Nações, 1990-221 Lisboa",Lisboa,https://www.agendalx.pt/wp-json/agendalx/v1/events,https://www.agendalx.pt/content/uploads/2026/02/Designing-Sustainable-Future.png,ciências,,free,approved,agendalx,231983,https://www.agendalx.pt/wp-json/agendalx/v1/events,a2aa1266336bc132988988b593f8e9c43c9eb3c0,"<em>Designing Sustainable Futures</em> é uma exposição que o Pavilhão de Portugal no Parque das Nações vai acolher entre 21 de março e 31 de julho, e que se destina a mostrar a forma como o des...","design, gratuito, sustentabilidade",,ciências,,,38.766186,-9.095035,https://www.ulisboa.pt/,,,"Reabre a 1 de maio de 2025

Diariamente das 10h às 18h","centro-cultural, instituicao, monumento",parque-das-nacoes,,
120 anos do Jardim Botânico Tropical,2026-03-21,2026-03-21,Jardim Botânico de Lisboa,"R. da Escola Politécnica, 56/58, 1250-102, Lisboa",Lisboa,https://www.agendalx.pt/wp-json/agendalx/v1/events,https://www.agendalx.pt/content/uploads/2026/03/11154-7eb27be851558f8ce3c2fcdabed6e1f2.jpg,"ciências, visitas guiadas",,free,approved,agendalx,232734,https://www.agendalx.pt/wp-json/agendalx/v1/events,da6b7724c034f7da1ccd5624e727a412f0b29366,"<p data-start=""0"" data-end=""199"">No Dia Internacional das Florestas e Dia Mundial da Poesia, o Jardim Botânico de Lisboa e o Jardim Botânico Tropical unem-se para celebrar os 120 anos do Jar...","aniversário, ar livre, crianças, Dia Internacional das Florestas, Dia Mundial da Poesia, famílias, gratuito",,"ciências, visitas guiadas",,,38.717543,-9.150834,,213 921 800,,,,,,
Agatha Christie no Museu da Farmácia,2026-03-21,2026-03-21,Museu da Farmácia,"Rua Marechal Saldanha, 1, 1249-069, Lisboa",Lisboa,https://www.agendalx.pt/wp-json/agendalx/v1/events,https://www.agendalx.pt/content/uploads/2020/09/agathachristie.jpg,"literatura, visitas guiadas",,"a:2:{i:0;a:2:{s:5:""value"";s:1:""9"";s:11:""description"";s:14:""bilhete normal"";}i:1;a:2:{s:5:""value"";s:1:""6"";s:11:""description"";s:10:""estudantes"";}}",approved,agendalx,30820,https://www.agendalx.pt/wp-json/agendalx/v1/events,ada93ffa5f6ad272fbed4d03323add4465ad5a32,As universalmente conhecidas obras literárias de Agatha Christie serão a prova do crime numa invulgar viagem por peças da história das civilizações e da Saúde que integram a singular coleção...,Agatha Christie,,"literatura, visitas guiadas",,,38.7100709,-9.1471278,http://www.museudafarmacia.pt,213 400 600,,,museu,misericordia,,
Visitas guiadas à Brotéria,2026-03-21,2026-03-21,Brotéria,"Rua de S. Pedro de Alcântara, 3, 1250-237, Lisboa",Lisboa,https://www.agendalx.pt/wp-json/agendalx/v1/events,https://www.agendalx.pt/content/uploads/2025/03/broteria.jpg,visitas guiadas,,free,approved,agendalx,33396,https://www.agendalx.pt/wp-json/agendalx/v1/events,da8f3676c5dae3fe9915c1b96997e4436fffe4ea,"<span class=""TextRun SCXW80768921 BCX0"" lang=""PT-PT"" xml:lang=""PT-PT"" data-contrast=""auto""><span class=""NormalTextRun SCXW80768921 BCX0"">A Brotéria é um projeto que nasceu de uma revista em 1902. Ao...",gratuito,,visitas guiadas,,,38.714418,-9.144191,www.broteria.org,213 961 660,hello@broteria.org,,galeria,,,
Visitas à Casa de São Mamede,2026-03-21,2026-03-21,Luiza Andaluz Centro de Conhecimento,"Rua da Escola Politécnica, 100, 1250-236, Lisboa",Lisboa,https://www.agendalx.pt/wp-json/agendalx/v1/events,https://www.agendalx.pt/content/uploads/2024/10/casa_de_sao_mamede.jpg,visitas guiadas,,,approved,agendalx,199418,https://www.agendalx.pt/wp-json/agendalx/v1/events,eb8d55085072306dd5dc763e9ae9137e6d494b84,"A Casa de São Mamede é um lugar inspirador e de reflexão no centro de Lisboa. Adquirida pela Congregação em 1934 ao conde de Fontalva, a Casa de São Mamede é um palacete eclético do século XI...",,,visitas guiadas,,,0,0,https://lacc.pt/,938 829 003,geral@lacc.pt,,,,,
Descubra o Espaço da Biodiversidade,2026-03-21,2026-03-21,Parque Florestal de Monsanto - Centro de Interpretação de Monsanto,"Estrada do Barcal, Monte das Perdizes, 1500, Lisboa",Lisboa,https://www.agendalx.pt/wp-json/agendalx/v1/events,https://www.agendalx.pt/content/uploads/2025/01/csm_Biodiversidade__Santuario.webp,visitas guiadas,,,approved,agendalx,206918,https://www.agendalx.pt/wp-json/agendalx/v1/events,b3e40b4f120a111cd78c7312b4ea26704167523a,"O Parque Florestal de Monsanto, uma serra outrora árida, transformou-se num ecossistema praticamente autossustentável, essencial para Lisboa. O Espaço da Biodiversidade, com uma área única de...","ar livre, biodiversidade, caminhada",,visitas guiadas,,,38.7397004,-9.1839561,http://www.cm-lisboa.pt,218 170 200,,,,sao-domingos-de-benfica,,
Dia aberto no LxCRAS,2026-03-21,2026-03-21,Parque Florestal de Monsanto - Centro de Interpretação de Monsanto,"Estrada do Barcal, Monte das Perdizes, 1500, Lisboa",Lisboa,https://www.agendalx.pt/wp-json/agendalx/v1/events,https://www.agendalx.pt/content/uploads/2023/10/202105-MonsantoEtarporAlineMacedo-8.jpg,visitas guiadas,,free,approved,agendalx,224777,https://www.agendalx.pt/wp-json/agendalx/v1/events,bea8ef579b529b7af125efd39bad076ef55ac854,Um percurso guiado até ao LxCRAS — Centro de Recuperação de Animais Silvestres de Lisboa para conhecer o trabalho desenvolvido na recuperação e reabilitação de animais selvagens antes do seu...,"ar livre, gratuito, percurso",,visitas guiadas,,,38.7397004,-9.1839561,http://www.cm-lisboa.pt,218 170 200,,,,sao-domingos-de-benfica,,
Uchuu Matsuri,2026-03-21,2026-03-22,Escola Secundária Marquês de Pombal,"R. Alexandre de Sá Pinto 85, Lisboa",Lisboa,https://www.agendalx.pt/wp-json/agendalx/v1/events,https://www.agendalx.pt/content/uploads/2026/01/manga.png,feiras,,,approved,agendalx,229848,https://www.agendalx.pt/wp-json/agendalx/v1/events,4c3ec99a264130a925a979ce3abedc009d0df396,"O <strong>Uchuu Matsuri</strong> é um festival dedicado à promoção e celebração da cultura pop asiática em Portugal, focando-se na criação de comunidades em torno da animação japonesa, band...","crianças, famílias, jovens",,feiras,,,38.699164,-9.19571,https://esmp.pt/,213616630,,,,,,
Sessões especiais À pala de Walsh,2026-03-21,2026-07-25,Cinema Fernando Lopes,"Campo Grande, 376, 1749-024, Lisboa",Lisboa,https://www.agendalx.pt/wp-json/agendalx/v1/events,https://www.agendalx.pt/content/uploads/2026/02/azul.webp,cinema,,"a:1:{i:0;a:1:{s:5:""value"";s:1:""6"";}}",approved,agendalx,229976,https://www.agendalx.pt/wp-json/agendalx/v1/events,2d42a82893b66e0360b4ae67c9ad183a6f68fd0b,"<span data-olk-copy-source=""MessageBody"">A partir de fevereiro e ao longo de vários meses realizam-se, no Cinema Fernando Lopes, as sessões <em>À pala de Walsh</em>. São sessões especiais comenta...",sessão especial,,cinema,,,38.754601,-9.152853,https://cinemaeartes.ulusofona.pt/pt/cinema-fernando-lopes,217 515 500,,,cinema,,,
'Entre Homens',2026-03-21,2026-03-21,Quinta Alegre - Um Teatro em Cada Bairro,"Campo das Amoreiras, 94, 1750-025, Lisboa",Lisboa,https://www.agendalx.pt/wp-json/agendalx/v1/events,https://www.agendalx.pt/content/uploads/2026/02/se-homem.jpg,cinema,,free,approved,agendalx,230974,https://www.agendalx.pt/wp-json/agendalx/v1/events,04078356c9c329a8634cc6ae8f383591829010c8,"A Quinta Alegre e a Divergente, revista digital de jornalismo narrativo, associam-se para apresentar e conversar sobre cinco filmes, um por mês entre outubro e fevereiro. No final de cada filme segue...","ciclo, gratuito",,cinema,,,38.787887,-9.145223,,218 174 040,umteatroemcadabairro.quintaalegre@cm-lisboa.pt,,equipamento-municipal,santa-clara,,
Cuid'Arte,2026-03-21,2026-12-19,"MAAT - Museu de Arte, Arquitetura e Tecnologia","Avenida de Brasília, Central Tejo, 1300-598, Lisboa",Lisboa,https://www.agendalx.pt/wp-json/agendalx/v1/events,https://www.agendalx.pt/content/uploads/2026/02/CuidArte_MAAT-Paulo-Alexandre-Coelho-scaled.jpg,artes,,free,approved,agendalx,231599,https://www.agendalx.pt/wp-json/agendalx/v1/events,0ef42d2e429f87e5d670d685675f0d47c3342de9,<em>Cuid'Arte</em> no MAAT proporciona experiências de bem-estar através da arte a pessoas com demência e cuidadores. As sessões do <em>Cuid’Arte</em> são gratuitas e realizam-se no primeir...,"encontro, gratuito",,artes,,,38.695911,-9.195691,http://www.maat.pt,210 028 190,,"De quarta a segunda, das 10h às 19h",museu,alcantara,,
Lisboa em Poesia,2026-03-21,2026-03-21,,,Lisboa,https://www.agendalx.pt/wp-json/agendalx/v1/events,https://www.agendalx.pt/content/uploads/2026/02/a-graca-da-graca-scaled.jpg,visitas guiadas,,"a:1:{i:0;a:1:{s:5:""value"";s:2:""22"";}}",approved,agendalx,231698,https://www.agendalx.pt/wp-json/agendalx/v1/events,2654fdf6ff3214fb5e2c6be451b7096d25b53227,"Lisboa em Poesia é uma experiência íntima e poética, um convite a abrandar, escutar e permitir que a cidade se revele através da poesia escrita por mulheres portuguesas. Entre miradouros emblemá...","ar livre, Dia Mundial da Poesia",,visitas guiadas,,,,,,,,,,,,
Comunicar é Natural – A Botânica nas Comunicações,2026-03-21,2026-03-21,Fundação Portuguesa das Comunicações – Museu das Comunicações,"Rua do Instituto Industrial, 16, 1200-109, Lisboa",Lisboa,https://www.agendalx.pt/wp-json/agendalx/v1/events,https://www.agendalx.pt/content/uploads/2026/02/mar_orientada_artigo.png,visitas guiadas,,free,approved,agendalx,231717,https://www.agendalx.pt/wp-json/agendalx/v1/events,c4c867ba71fdb9f2322b9bb6cd6b390df879a4de,"Uma viagem pela história da comunicação humana, através da sua relação profunda e contínua com o mundo vegetal. Desde os primórdios da escrita, as plantas foram mediadoras silenciosas da mensa...","Dia Mundial da Poesia, gratuito",,visitas guiadas,,,38.7078221,-9.1504337,http://www.fpc.pt,213 935 000,,,"fundacao, museu",misericordia,,
Entre Raízes e Fios,2026-03-21,2026-03-21,Parque Florestal de Monsanto - Centro de Interpretação de Monsanto,"Estrada do Barcal, Monte das Perdizes, 1500, Lisboa",Lisboa,https://www.agendalx.pt/wp-json/agendalx/v1/events,https://www.agendalx.pt/content/uploads/2026/03/monsanto004-05152020-scaled.jpg,artes,,free,approved,agendalx,232782,https://www.agendalx.pt/wp-json/agendalx/v1/events,af1d7e2c0592cda7a28500155996f343e95309f6,"<div> <span data-olk-copy-source=""MessageBody"">Cada família é convidada a construir um tear único em madeira, inspirado nas árvores que habitam Monsanto. A madeira — matéria viva, com memór...","crianças, famílias, gratuito",,artes,,,38.7397004,-9.1839561,http://www.cm-lisboa.pt,218 170 200,,,,sao-domingos-de-benfica,,
Pássaros únicos e coloridos,2026-03-21,2026-03-21,Museu Nacional do Traje,"Largo Júlio de Castilho, 1600-760, Lisboa",Lisboa,https://www.agendalx.pt/wp-json/agendalx/v1/events,https://www.agendalx.pt/content/uploads/2026/01/entre-passaros-e-lagartos-2022b.jpg,ciências,,"a:1:{i:0;a:2:{s:5:""value"";s:1:""3"";s:11:""description"";s:12:""participante"";}}",approved,agendalx,230051,https://www.agendalx.pt/wp-json/agendalx/v1/events,6c424ae58902a531cd015092486eee5edafe552f,"<div> Chegou a primavera! E, com ela, a passarada começa a saltitar pelo Parque do Museu Nacional do Traje. Entre perfumes floridos e cantos alegres dos pássaros, apetece ainda mais estar ao ar l...","ar livre, crianças, famílias",,ciências,,,38.775427,-9.164318,http://museudotraje.imc-ip.pt,217 567 620,"Terça a Domingo: 10h-18h (última entrada aconselhada - Museu 17h30 | Parque 17h) 

Encerrado ao público:  Segunda,  1 de janeiro, Domingo de Páscoa, 1 de maio, feriado municipal (13 de junho), 24 e 25 de dezembro.",,museu,lumiar,,
Dia Mundial da Poesia no CCB,2026-03-21,2026-03-21,Centro Cultural de Belém,"Praça do Império, 1449-003, Lisboa",Lisboa,https://www.agendalx.pt/wp-json/agendalx/v1/events,https://www.agendalx.pt/content/uploads/2026/03/Dia-Mundial-PoesiaCCB.-jpg.webp,literatura,,free,approved,agendalx,232465,https://www.agendalx.pt/wp-json/agendalx/v1/events,2483889e7b2a806f9f8ae3d55348bac91cb49127,"Com programação de Nuno Artur Silva, o CCB propõe uma celebração da poesia em língua portuguesa com a presença de poetas e leitores de poesia, atores, cantores e artistas vários. Instalações...","Dia Mundial da Poesia, gratuito",,literatura,,,38.696435,-9.208603,http://www.ccb.pt,213 612 400,,,centro-cultural,belem,,
Pelas Asas da Saudade,2026-03-21,2026-03-21,Museu do Fado,"Largo do Chafariz de Dentro, 1, 1100-575, Lisboa",Lisboa,https://www.agendalx.pt/wp-json/agendalx/v1/events,https://www.agendalx.pt/content/uploads/2026/03/jose-frade-17-07-25-06385_520_310.jpeg,visitas guiadas,,"a:1:{i:0;a:1:{s:5:""value"";s:1:""3"";}}",approved,agendalx,232199,https://www.agendalx.pt/wp-json/agendalx/v1/events,dd832daf6045d8dad83690e5caf0ff07f592f939,"Visita-jogo pela exposição temporária “Variações para Carlos Paredes”. O grande guitarrista e compositor Carlos Paredes ficou conhecido como o “homem dos mil dedos”, mas porquê? Nesta...","crianças, famílias",,visitas guiadas,,,38.7111424,-9.1280603,http://www.museudofado.pt,218 823 470,,,museu,santa-maria-maior,,
O Norte e a Engrenagem do Ar,2026-03-21,2026-03-21,Basílica dos Mártires,"Rua Garrett (ao Chiado), 1200-205, Lisboa",Lisboa,https://www.agendalx.pt/wp-json/agendalx/v1/events,https://www.agendalx.pt/content/uploads/2026/03/rui-valdemar.jpg,música,,free,approved,agendalx,232330,https://www.agendalx.pt/wp-json/agendalx/v1/events,7b74f72e37678e98af310a359d0e269474c442ea,"<div> No dia 21 de março, a Basílica dos Mártires recebe o recital de órgão <em>O Norte e a Engrenagem do Ar</em>, integrado no Ciclo de Recitais da Basílica dos Mártires, promovido pela Tot...","gratuito, órgão",,música,,,38.710687,-9.141921,,213 462 465,,,monumento,santa-maria-maior,,
Missão impossível,2026-03-21,2026-03-21,Museu de Lisboa - Fábrica de Moagem,"Rua da Manutenção, 71, 1900-500, Lisboa",Lisboa,https://www.agendalx.pt/wp-json/agendalx/v1/events,https://www.agendalx.pt/content/uploads/2026/02/21-MAR_Oficina_Missao-Impossivel-©-EGEAC-Museu-de-Lisboa-Raquel-Montez.jpg,"artes, visitas guiadas",,,approved,agendalx,231403,https://www.agendalx.pt/wp-json/agendalx/v1/events,e8801096c7a5be4af4501e31a293e62fe0a7c4c0,"Telemóvel em punho, olhos bem abertos e espírito de missão ativado: está lançado o desafio para um foto-paper de descoberta da Fábrica de Moagem, núcleo em construção do Museu de Lisboa. P...","crianças, famílias",,"artes, visitas guiadas",,,38.729249,-9.107904,https://museudelisboa.pt/,,info@museudelisboa.pt,,equipamento-municipal,,,
As Coisas Invisíveis,2026-03-21,2026-03-21,FUFU Loja Atelier,"R. Luciano Cordeiro 27D, 1150-212 Lisboa",Lisboa,https://www.agendalx.pt/wp-json/agendalx/v1/events,https://www.agendalx.pt/content/uploads/2026/03/fulana-1.jpg,artes,,,approved,agendalx,232793,https://www.agendalx.pt/wp-json/agendalx/v1/events,b7a2102cf8ef32e8f85902310c7adf570d2b362a,"<span data-olk-copy-source=""MessageBody"">Fulana Beltrana Sicrana convida as crianças a imaginar, criar e dar vida às suas próprias criaturas têxteis, inspiradas por mundos invisíveis e criativida...",crianças,,artes,,,38.724401,-9.143538,https://fufu-lojaatelier.com/,21 584 7739,,,,,,
Buluku,2026-03-21,2026-03-22,Teatro do Bairro,"Rua Luz Soriano, 63, 1200-109, Lisboa",Lisboa,https://www.agendalx.pt/wp-json/agendalx/v1/events,https://www.agendalx.pt/content/uploads/2026/02/5_BULUKU_©Marcio-Martins-_-MM-STUDIO.png,dança,,,approved,agendalx,230926,https://www.agendalx.pt/wp-json/agendalx/v1/events,377f7d7c546cc960fc6cd8de2a5478641be5abab,"<em>Buluku</em> é um espetáculo cheio de aventuras. Viaja-se pelo espaço com um afronauta curioso e brincalhão, que cria planetas, inventa danças e faz grandes perguntas, como: “de onde vem o m...","crianças, famílias",,dança,,,38.712259,-9.14578,http://www.teatrodobairro.org,213 473 358,,,teatro,misericordia,,
A Garota Não,2026-03-21,2026-03-22,Centro Cultural de Belém,"Praça do Império, 1449-003, Lisboa",Lisboa,https://www.agendalx.pt/wp-json/agendalx/v1/events,https://www.agendalx.pt/content/uploads/2026/02/AGarotaNao.jpg,música,,"a:1:{i:0;a:1:{s:5:""value"";s:10:""5 € a 25"";}}",approved,agendalx,231140,https://www.agendalx.pt/wp-json/agendalx/v1/events,52e647d044715178eb5028becd192027f4a1e251,"Nos dias 21 e 22 de março, o CCB dá Carta Branca a A Garota Não. A artista construiu o espetáculo <em>A Vulgar Mulher Extraordinária</em>, integrando contributos do público sobre episódios rel...",música portuguesa,,música,,,38.696435,-9.208603,http://www.ccb.pt,213 612 400,,,centro-cultural,belem,,
As Quatro Mortes de Napoleão,2026-03-21,2026-04-04,São Luiz Teatro Municipal,"Rua António Maria Cardoso, 38, 1200-026, Lisboa",Lisboa,https://www.agendalx.pt/wp-json/agendalx/v1/events,https://www.agendalx.pt/content/uploads/2026/03/FacebookEventosNAPOLEÃO.jpg,teatro,,"a:1:{i:0;a:2:{s:5:""value"";s:2:""12"";s:11:""description"";s:41:""preço normal (ver descontos aplicáveis)"";}}",approved,agendalx,229016,https://www.agendalx.pt/wp-json/agendalx/v1/events,920afe23db885586dfe85e2ab826a73ed313cf24,"<em>No exílio da Ilha de Santa Helena, a 5 de maio de 1821, o Imperador dos Franceses encontra o seu fim. Mas a História, tantas vezes escrita com letra firme, aqui hesita. </em> <em>Afinal, terá...",audiodescrição,,teatro,,,38.7089341,-9.1424961,http://www.teatrosaoluiz.pt,213 257 640,,,teatro,misericordia,,
UHF,2026-03-21,2026-03-21,Lisboa ao Vivo,"Av. Marechal Gomes da Costa, nº 29 B1, 1800-255, Lisboa",Lisboa,https://www.agendalx.pt/wp-json/agendalx/v1/events,https://www.agendalx.pt/content/uploads/2026/02/UHF.png,música,,"a:1:{i:0;a:1:{s:5:""value"";s:2:""25"";}}",approved,agendalx,230382,https://www.agendalx.pt/wp-json/agendalx/v1/events,2937833445db0ee5045795a453116464eea3db40,"No dia 21 de março, os UHF dão um concerto único no LAV - Lisboa ao Vivo. O alinhamento do espetáculo inclui 22 canções nunca antes tocadas ao vivo, como <i>Caçada </i>(1979), <i>Concerto </...","música portuguesa, rock",,música,,,38.75056,-9.105413,https://lisboaaovivo.com/,967 089 462,,,,,,
Deejay Telio,2026-03-21,2026-03-21,Sagres Campo Pequeno,"Centro de Lazer Campo Pequeno, Torreão Sul, 1050-026, Lisboa",Lisboa,https://www.agendalx.pt/wp-json/agendalx/v1/events,https://www.agendalx.pt/content/uploads/2026/01/deejay-telio.jpeg,música,,"a:1:{i:0;a:1:{s:5:""value"";s:11:""24 € a 34"";}}",approved,agendalx,229745,https://www.agendalx.pt/wp-json/agendalx/v1/events,09fa66d08cab50b0d39c45626028bd73c085724f,"Deejay Telio prepara-se para um dos momentos mais marcantes da sua carreira com a estreia em nome próprio no Sagres Campo Pequeno, dia 21 de março. O espetáculo surge na sequência do lançamento...",rap,,música,,,38.742575,-9.14793,http://www.campopequeno.com,217 998 450,,,centro-cultural,avenidas-novas,,
Em Processo,2026-03-21,2026-03-21,Clube Estefânia,"Rua Alexandre Braga, 24A, 1000-232, Lisboa",Lisboa,https://www.agendalx.pt/wp-json/agendalx/v1/events,https://www.agendalx.pt/content/uploads/2026/02/em-processo.jpg,teatro,,,approved,agendalx,230989,https://www.agendalx.pt/wp-json/agendalx/v1/events,d954f2d322004d47f87aea16561a9590c12aa8db,"<em>O Processo</em> narra a história de Josef K., um jovem e bem-sucedido funcionário bancário que, sem motivo aparente, é subitamente acusado por um tribunal obscuro e arbitrário de um crime cuj...",Franz Kafka,,teatro,,,38.730762,-9.139897,http://www.escolademulheres.com,915 039 566,"Informações e reservas (3ª a dom. das 15h às 20h)
geral@escolademulheres.com",,"centro-cultural, livraria, organizacao",arroios,,
Noruz,2026-03-21,2026-03-21,Fundação Calouste Gulbenkian,"Avenida de Berna, 45A, 1050-078, Lisboa",Lisboa,https://www.agendalx.pt/wp-json/agendalx/v1/events,https://www.agendalx.pt/content/uploads/2026/02/55_Noruz_LA-174_16x9-1.jpg,música,,"a:1:{i:0;a:1:{s:5:""value"";s:2:""17"";}}",approved,agendalx,231632,https://www.agendalx.pt/wp-json/agendalx/v1/events,aa1575177a5ba4bdc33eb55bd5b85d53dba65548,"Em 2010, a Organização das Nações Unidas proclamou oficialmente o dia 21 de março como o 'Dia Internacional do Noruz', coincidindo assim com o equinócio da primavera e, em muitas regiões da Ás...",música do mundo,,música,,,38.7380413,-9.1550827,http://www.gulbenkian.pt,217 823 000,,,"fundacao, museu, biblioteca, auditorio",avenidas-novas,,
Contraste,2026-03-21,2026-05-16,Boutique da Cultura - Um Teatro em Cada Bairro,"Avenida Colégio Militar, 1500-187, Lisboa",Lisboa,https://www.agendalx.pt/wp-json/agendalx/v1/events,https://www.agendalx.pt/content/uploads/2026/03/Contraste.jpg,teatro,,"a:1:{i:0;a:1:{s:5:""value"";s:2:""10"";}}",approved,agendalx,232454,https://www.agendalx.pt/wp-json/agendalx/v1/events,9fdbbcee3f8bc65aa1d53ea430015da43bff791e,"Um espetáculo de improviso sobre aquilo que mais nos define: os nossos erros. Cada momento vivido e cada decisão tomada moldam-nos, mas nunca podem ser repetidos. Estamos sempre certos e errados...",um teatro em cada bairro,,teatro,,,38.756483,-9.185602,www.boutiquedacultura.org,926 830 272,,,associacao,carnide,,
Luta Livre,2026-03-21,2026-03-21,BOTA Anjos,"Largo Santa Bárbara 3D, 1150-040, Lisboa",Lisboa,https://www.agendalx.pt/wp-json/agendalx/v1/events,https://www.agendalx.pt/content/uploads/2026/01/luta-livre.jpg,música,,"a:1:{i:0;a:1:{s:5:""value"";s:2:""15"";}}",approved,agendalx,229554,https://www.agendalx.pt/wp-json/agendalx/v1/events,d22693f2f7c32991b4a80b69a2c63c2af91a79de,"Luís Varatojo, artista com longa carreira na música portuguesa, fundador de bandas como Peste &amp; Sida e A Naifa, editou, em outubro de 2025, o terceiro álbum - <em>Contrafação</em> - do s...","canção de intervenção, música portuguesa",,música,,,38.726703,-9.136545,https://www.botaanjos.com/,913 450 743,Org. Toca das Artes,,associacao,arroios,,
Deitemos Água Pouca em Muito Fogo,2026-03-21,2026-03-21,Teatro Cinearte,"Largo de Santos, 2, 1200-109, Lisboa",Lisboa,https://www.agendalx.pt/wp-json/agendalx/v1/events,https://www.agendalx.pt/content/uploads/2025/02/camoes-estatua.jpg,teatro,,"a:1:{i:0;a:2:{s:5:""value"";s:2:""16"";s:11:""description"";s:41:""preço normal (ver descontos aplicáveis)"";}}",approved,agendalx,227464,https://www.agendalx.pt/wp-json/agendalx/v1/events,3eb0b673ef4582b55a005c2a38886b8a72142ea5,"<em>Em </em>Deitemos Água Pouca em Muito Fogo <em>A Barraca aborda uma parte da obra do poeta que ainda não tinha trabalhado, estimulando o público a amar o poeta, sabendo porquê através...",poesia,,teatro,,,38.70707,-9.155332,http://www.abarracateatro.com,213 965 360,,,teatro,estrela,,
Alma portuguesa pelas ruas de Lisboa,2026-03-21,2026-12-19,,,Lisboa,https://www.agendalx.pt/wp-json/agendalx/v1/events,https://www.agendalx.pt/content/uploads/2023/06/Chiado-Lisboa-Portugal-002.webp,visitas guiadas,,"a:1:{i:0;a:1:{s:5:""value"";s:2:""15"";}}",approved,agendalx,172538,https://www.agendalx.pt/wp-json/agendalx/v1/events,55b908ea782200945ee11cfed7e43dc0bf9b49fd,"Um percurso a pé pelo bairro histórico do Chiado com a duração de cerca de duas horas onde aborda a cultura, história e arte portuguesa, com alguns apontamentos humorísticos. Uma homenagem pesso...",,,visitas guiadas,,,,,,,,,,,,
Visita ao Museu do Tesouro Real,2026-03-22,2026-03-29,Museu do Tesouro Real,"Largo da Ajuda, 1349-021, Lisboa",Lisboa,https://www.agendalx.pt/wp-json/agendalx/v1/events,https://www.agendalx.pt/content/uploads/2024/01/sala-exposicao.jpg,visitas guiadas,,,approved,agendalx,184720,https://www.agendalx.pt/wp-json/agendalx/v1/events,d85d2139fa9c4a9e83d272cc033189bc91ab71f9,O Palácio Nacional da Ajuda — Museu do Tesouro Real é o cenário condigno para a apresentação de um acervo único e com particular significado para um país com uma história de nove séculos. U...,,,visitas guiadas,,,38.707651,-9.197044,https://www.tesouroreal.pt,211163425,geral@tesouroreal.com,,,,,
Pelos Trilhos de Monsanto: A Rota da Água,2026-03-22,2026-03-22,Parque Florestal de Monsanto - Centro de Interpretação de Monsanto,"Estrada do Barcal, Monte das Perdizes, 1500, Lisboa",Lisboa,https://www.agendalx.pt/wp-json/agendalx/v1/events,https://www.agendalx.pt/content/uploads/2023/10/202105-MonsantoEtarporAlineMacedo-8.jpg,visitas guiadas,,free,approved,agendalx,228413,https://www.agendalx.pt/wp-json/agendalx/v1/events,6ca5adba3ab9140cce1c84e1e6c8a44f0564d2cc,"<div class=""event-son-teaser"">Uma caminhada para observar a natureza, compreender a evolução da paisagem e descobrir como história e floresta se entrelaçam neste território único.</div> <div></...","ar livre, gratuito",,visitas guiadas,,,38.7397004,-9.1839561,http://www.cm-lisboa.pt,218 170 200,,,,sao-domingos-de-benfica,,
À descoberta da Água,2026-03-22,2026-03-22,Fábrica de Águas de Beirolas,"Rua Chen He, 1990-513, Lisboa",Lisboa,https://www.agendalx.pt/wp-json/agendalx/v1/events,https://www.agendalx.pt/content/uploads/2026/03/agua.jpg,visitas guiadas,,free,approved,agendalx,232339,https://www.agendalx.pt/wp-json/agendalx/v1/events,586f83064d21f3172c83534196d54bc6ad9fc485,No âmbito do Dia Mundial da Água a comunidade é convidada a conhecer a Fábrica de Água de Beirolas e descobrir o percurso da água desde o tratamento até ao seu regresso ao meio natural. A inici...,"ar livre, gratuito",,visitas guiadas,,,38.788734,-9.09896,https://www.aguasdotejoatlantico.adp.pt/,218 953 090,,,,,,
"Oui, madame!",2026-03-22,2026-03-22,Museu de Lisboa - Palácio Pimenta,"Campo Grande 245, 1700-162, Lisboa",Lisboa,https://www.agendalx.pt/wp-json/agendalx/v1/events,https://www.agendalx.pt/content/uploads/2025/12/oficina-oui-madame_laura-farias-04-2048x1536-1.jpg,artes,,"a:1:{i:0;a:2:{s:5:""value"";s:1:""5"";s:11:""description"";s:25:""Inclui a entrada no museu"";}}",approved,agendalx,226697,https://www.agendalx.pt/wp-json/agendalx/v1/events,c5c5abdec123c6178a28ce621b842df97b0d6588,"Nesta oficina criativa e cheia de charme, miúdos e graúdos vão criar bonecas de papel com roupas dignas das vitrines do Chiado, inspiradas na lendária Madame Burnay, a modista mais elegante (e exi...","crianças, famílias",,artes,,,38.7585536,-9.1563794,http://www.museudelisboa.pt,217 513 200,,,museu,alvalade,,
Um Hotel de Insetos,2026-03-22,2026-03-22,Museu de Lisboa - Palácio Pimenta,"Campo Grande 245, 1700-162, Lisboa",Lisboa,https://www.agendalx.pt/wp-json/agendalx/v1/events,https://www.agendalx.pt/content/uploads/2023/02/IMG_20220915_155956.jpg,ciências,,"a:1:{i:0;a:2:{s:5:""value"";s:1:""5"";s:11:""description"";s:23:""inclui entrada no museu"";}}",approved,agendalx,84811,https://www.agendalx.pt/wp-json/agendalx/v1/events,f781071540ea122df030ccd8a9c861e8dc0da1d9,"De forma divertida vamos ver quem ocupa o hotel de insetos instalado nos jardins do Museu de Lisboa, e assim aprender a importância dos insetos na cidade promovendo a existência de ecossistemas mais...","+4, crianças, famílias",,ciências,,,38.7585536,-9.1563794,http://www.museudelisboa.pt,217 513 200,,,museu,alvalade,,
O Romance da Raposa,2026-03-22,2026-03-22,Museu da Marioneta,"Rua da Esperança, 146, 1200-660 Lisboa, Lisboa",Lisboa,https://www.agendalx.pt/wp-json/agendalx/v1/events,https://www.agendalx.pt/content/uploads/2025/08/visita-diretora-5-1024x371-1.jpg,teatro,,,approved,agendalx,220104,https://www.agendalx.pt/wp-json/agendalx/v1/events,59536fb3428853a2d411f0c0ae2c95ac64930fb4,"Ao percorrer o espaço no Museu, encontra-se um pequeno teatro montado na sala das marionetas portuguesas. É ali que marionetas de luva representando animais ganham vida contando pequenas histórias...","crianças, famílias",,teatro,,,38.707972,-9.155776,http://www.museudamarioneta.pt,213 942 810,,,museu,estrela,,
30 anos de Canal Panda,2026-03-22,2026-03-22,Coliseu dos Recreios,"Rua das Portas de Santo Antão, 96, 1150-269 Lisboa, Lisboa",Lisboa,https://www.agendalx.pt/wp-json/agendalx/v1/events,https://www.agendalx.pt/content/uploads/2026/02/Sem-Titulo.png,"música, teatro",,,approved,agendalx,231849,https://www.agendalx.pt/wp-json/agendalx/v1/events,62c01fc5d1f630743d0cbf84eb7014706b37c6d6,"O Canal Panda celebra 30 anos com uma grande festa surpresa. Uma celebração preparada em segredo para o Panda, e partilhada com quem cresceu, vive e continua a crescer com o canal. Um espetácul...","bebés, crianças, famílias",,"música, teatro",,,38.716506,-9.140548,www.coliseulisboa.com,+351 213 240 585,,"↓
Atendimento e bilheteiras das 13h00 às 19:00 de segunda a sexta.
Dias de espectáculo abertura 13h00, encerramento 30 minutos após o início do mesmo.",auditorio,santa-maria-maior,,
O Poder e a Glória,2026-03-22,2026-06-14,Fundação Calouste Gulbenkian,"Avenida de Berna, 45A, 1050-078, Lisboa",Lisboa,https://www.agendalx.pt/wp-json/agendalx/v1/events,https://www.agendalx.pt/content/uploads/2026/02/hospital_header.jpg,cinema,,"a:1:{i:0;a:1:{s:5:""value"";s:1:""4"";}}",approved,agendalx,220899,https://www.agendalx.pt/wp-json/agendalx/v1/events,b84adf8ca76c4a97e8a161d36a019fffb7faf71f,"Entre setembro de 2025 e junho de 2026, a Fundação Calouste Gulbenkian apresenta o ciclo de cinema<em> O Poder e a Glória</em>, com especial foco no cinema documental. Este ciclo apresenta 15 filme...","ciclo, conversa, Éric Rohmer, Frederick Wiseman, Roberto Rossellini",,cinema,,,38.7380413,-9.1550827,http://www.gulbenkian.pt,217 823 000,,,"fundacao, museu, biblioteca, auditorio",avenidas-novas,,
Concerto de Primavera,2026-03-22,2026-03-22,Teatro Tivoli BBVA,"Avenida da Liberdade, 182 A, 1250-146, Lisboa",Lisboa,https://www.agendalx.pt/wp-json/agendalx/v1/events,https://www.agendalx.pt/content/uploads/2026/01/ConcertodePrimavera.jpg,música,,"a:1:{i:0;a:1:{s:5:""value"";s:11:""10 € a 20"";}}",approved,agendalx,229705,https://www.agendalx.pt/wp-json/agendalx/v1/events,1e1bb6369a4ae00c7f042bc87747b830da75a03e,"Na música de Beethoven, tanto existem ambientes primaveris e bem humorados como trágicos, comoventes ou revoltosos. Muito depende também da disposição do ouvinte, já que a música não tem a pre...",clássica,,música,,,38.720237,-9.145005,https://www.teatrotivolibbva.pt,213 151 050,,,teatro,santo-antonio,,
Cine Alegria,2026-03-23,2026-03-23,Quinta Alegre - Um Teatro em Cada Bairro,"Campo das Amoreiras, 94, 1750-025, Lisboa",Lisboa,https://www.agendalx.pt/wp-json/agendalx/v1/events,https://www.agendalx.pt/content/uploads/2026/02/A-Cancao-de-Lisboa.jpg,cinema,,,approved,agendalx,231060,https://www.agendalx.pt/wp-json/agendalx/v1/events,61ae9b6d069ddc5cd56f6b7f4202e13e01657b75,"Uma vez por mês, a Cinemateca Júnior sai de casa e muda-se para a Quinta Alegre, com filmes que motivam a troca de ideias entre pessoas de diferentes idades. Em março é exibido <em>A Canção d...","+6, ciclo",,cinema,,,38.787887,-9.145223,,218 174 040,umteatroemcadabairro.quintaalegre@cm-lisboa.pt,,equipamento-municipal,santa-clara,,
"Robert Beavers, o cinema como revelação",2026-03-23,2026-03-28,Cinemateca Portuguesa - Museu do Cinema,"Rua Barata Salgueiro 39, 1250-096, Lisboa",Lisboa,https://www.agendalx.pt/wp-json/agendalx/v1/events,https://www.agendalx.pt/content/uploads/2026/02/Sotiros_4n.jpg,cinema,,,approved,agendalx,231929,https://www.agendalx.pt/wp-json/agendalx/v1/events,5ad1d058e2f0220bd130021dd910cec45c170dfd,"<em>Os filmes de Robert Beavers distinguem-se pelo modo como aliam um trabalho sobre as texturas, as cores, os sons e as formas, ao estudo do mundo que o rodeia, numa exploração plena das possibilid...","ciclo, Robert Beavers",,cinema,,,38.720877,-9.148759,http://www.cinemateca.pt,213 596 200,,,cinema,santo-antonio,,
Coffee Week,2026-03-23,2026-03-29,8 Marvila,"Praça David Leandro da Silva, 8, 1950-064, Lisboa",Lisboa,https://www.agendalx.pt/wp-json/agendalx/v1/events,https://www.agendalx.pt/content/uploads/2026/03/Lisbon-Coffee-Week-1_creditos-reservados.jpg,feiras,,"a:3:{i:0;a:2:{s:5:""value"";s:2:""10"";s:11:""description"";s:58:""Bilhete diário inclui uma chávena oficial para as provas"";}i:1;a:2:{s:5:""value"";s:2:""22"";s:11:""description"";s:98:""Passe de fim de semana, que dá acesso aos três dias de Festival, chávena e uma tote bag oficial"";}i:2;a:2:{s:5:""value"";s:3:""120"";s:11:""description"";s:190:""Passe experiência que inclui, entre outras vantagens, acesso ao jantar de networking, estacionamento e ainda uma caixa que inclui variedades de café dos melhores Coffee Roasters a concurso"";}}",approved,agendalx,232653,https://www.agendalx.pt/wp-json/agendalx/v1/events,b65e9c21cc327691a62bfd3e83a9cb0134c963e9,"A <em>Coffee Week</em> chega a Lisboa para a sua 3.ª edição, entre os dias 23 e 29 de março. A iniciativa apresenta um programa itinerante pela cidade, com eventos pop-up nos primeiros quatro dias...",,,feiras,,,38.742426,-9.102397,https://www.8marvila.com/,,,,,,,
Podia ser na Tate mas é aqui,2026-03-23,2026-03-23,São Luiz Teatro Municipal,"Rua António Maria Cardoso, 38, 1200-026, Lisboa",Lisboa,https://www.agendalx.pt/wp-json/agendalx/v1/events,https://www.agendalx.pt/content/uploads/2025/12/Podia-ser-na-Tate-mas-e-aqui_vertical_cFilipe-Heath.jpg,teatro,,free,approved,agendalx,226962,https://www.agendalx.pt/wp-json/agendalx/v1/events,904efe5c5297f02d273f1b6b7201ec41658bc3ab,"<i><span data-olk-copy-source=""MessageBody"">Podia ser na Tate mas </span></i><i><span lang=""fr"">é </span></i><i>aqui</i> é um ciclo de conversas com artistas fundamentais do teatro contemporâne...","André e. Teodósio, conversas, gratuito",,teatro,,,38.7089341,-9.1424961,http://www.teatrosaoluiz.pt,213 257 640,,,teatro,misericordia,,
À Primeira Vista,2026-03-23,2026-03-31,Teatro Maria Matos,"Avenida Frei Miguel Contreiras, 52, 1700-081, Lisboa",Lisboa,https://www.agendalx.pt/wp-json/agendalx/v1/events,https://www.agendalx.pt/content/uploads/2025/01/primeira-vista_1511_max©Filipe-Ferreira-scaled.jpg,teatro,,"a:1:{i:0;a:1:{s:5:""value"";s:2:""20"";}}",approved,agendalx,226782,https://www.agendalx.pt/wp-json/agendalx/v1/events,ad84875d485058ac1effe1cc24d98ef23c5060e6,"Uma situação de abuso sexual coloca em causa todas as convicções de uma promissora advogada penalista, até aí implacável na defesa dos seus clientes. Tiago Guedes dirige a versão portuguesa de...","Margarida Vila-Nova, Tiago Guedes",,teatro,,,38.74595,-9.138745,http://www.teatromariamatos.pt,218 438 800,,,teatro,alvalade,,
A Obra Eleita,2026-03-24,2026-03-24,Museu de São Roque,"Largo Trindade Coelho, 1200, Lisboa",Lisboa,https://www.agendalx.pt/wp-json/agendalx/v1/events,https://www.agendalx.pt/content/uploads/2026/02/obra-eleita-maquete-da-csjb.jpg,visitas guiadas,,,approved,agendalx,231711,https://www.agendalx.pt/wp-json/agendalx/v1/events,482f9a44a65ca3fff1b175972a1fbbd6644682dc,"Obras em destaque do Tesouro da Capela de São João Batista são revelada nesta visita guiada, promovendo o diálogo entre o público e o património. A próxima edição é dedicada às relíquias d...",ciclo,,visitas guiadas,,,38.7130065,-9.1431934,http://www.museudesaoroque.com,213 235 444,,,museu,misericordia,,
Cinetendinha,2026-03-24,2026-03-24,Chapitô,"Costa do Castelo, 1/7, 1100-129, Lisboa",Lisboa,https://www.agendalx.pt/wp-json/agendalx/v1/events,https://www.agendalx.pt/content/uploads/2021/10/camera-ge1aa37e09_1920.jpg,cinema,,free,approved,agendalx,231192,https://www.agendalx.pt/wp-json/agendalx/v1/events,d5c859d5e10cf0318866c7c201cdb5edca7960f0,"O Chapitô recebe todos os meses momentos de cinema com tertúlia e divulgação de primeiras imagens de cinema português. A responsabilidade do evento é de Rui Pedro Tendinha, o autor de <em>Cinet...","cinema português, gratuito, Rui Pedro Tendinha, tertúlia",,cinema,,,38.7115568,-9.1336481,http://www.chapito.org,218 855 550,,,escola,santa-maria-maior,,
Eileen Alister,2026-03-24,2026-03-24,Casa Capitão,"Rua do Grilo, 119, 1950-144, Lisboa",Lisboa,https://www.agendalx.pt/wp-json/agendalx/v1/events,https://www.agendalx.pt/content/uploads/2026/01/eileen-alister.jpeg,música,,"a:1:{i:0;a:1:{s:5:""value"";s:5:""27,03"";}}",approved,agendalx,229698,https://www.agendalx.pt/wp-json/agendalx/v1/events,c0267c3d45ab7b67562355ed7f073445022d9d86,"<div data-olk-copy-source=""MessageBody""> Eileen Alister é uma cantora e compositora suíça de 23 anos. Escreve sobre grandes sentimentos, solidão e a confusão entre eles — muitas vezes partil...",pop,,música,,,38.730887,-9.10728,https://casa-capitao.com,,,,centro-cultural,,,
Ciclo Cinema e Direito,2026-03-25,2026-04-23,Turim - Um Teatro em Cada Bairro,"Estrada de Benfica, nº 723 A, 1500-088 Lisboa, 1500-109, Lisboa",Lisboa,https://www.agendalx.pt/wp-json/agendalx/v1/events,https://www.agendalx.pt/content/uploads/2022/11/outro-pais.jpg,cinema,,free,approved,agendalx,231351,https://www.agendalx.pt/wp-json/agendalx/v1/events,98261aaa3371ca64721990362a7031102420fe78,"<p id=""x_iqmpw"" data-olk-copy-source=""MessageBody"">O ciclo propõe uma reflexão sobre os sistemas judiciais contemporâneos através de uma seleção de filmes que abrange diferentes culturas, época...","ciclo, gratuito",,cinema,,,38.750689,-9.20232,bairrobenfica.pt,,,,teatro,benfica,,
Anna Maria Maiolino,2026-03-25,2026-08-31,"MAAT - Museu de Arte, Arquitetura e Tecnologia","Avenida de Brasília, Central Tejo, 1300-598, Lisboa",Lisboa,https://www.agendalx.pt/wp-json/agendalx/v1/events,https://www.agendalx.pt/content/uploads/2026/02/Imagem1-20.jpg,artes,,,approved,agendalx,232062,https://www.agendalx.pt/wp-json/agendalx/v1/events,7db8387cb31ab9bc73750400d2a17265a7f54173,"Anna Maria Maiolino, nascida em Itália, em 1942, é uma artista brasileira, país em que reside desde a década de 1960, após ter vivido e estudado na Venezuela. O seu trabalho integra a reação à...","desenho, escultura, fotografia, vídeo",,artes,,,38.695911,-9.195691,http://www.maat.pt,210 028 190,,"De quarta a segunda, das 10h às 19h",museu,alcantara,,
Viver com Arte,2026-03-25,2026-03-28,Quinta Alegre - Um Teatro em Cada Bairro,"Campo das Amoreiras, 94, 1750-025, Lisboa",Lisboa,https://www.agendalx.pt/wp-json/agendalx/v1/events,https://www.agendalx.pt/content/uploads/2026/02/Exposicao-Viver-com-Arte.jpg,artes,,free,approved,agendalx,232082,https://www.agendalx.pt/wp-json/agendalx/v1/events,75b75e07f5326a07d953ece498d4d08a8622db8c,A Academia de Formação de Adultos de Santa Clara ocupa a Quinta Alegre durante quatro dias com uma exposição e várias aulas abertas a quem vier ver e participar. Não importa a idade para se vive...,"coletiva, gratuito, pintura",,artes,,,38.787887,-9.145223,,218 174 040,umteatroemcadabairro.quintaalegre@cm-lisboa.pt,,equipamento-municipal,santa-clara,,
Visitas à Fundação Mário Soares e Maria Barroso,2026-03-25,2026-07-29,Fundação Mário Soares e Maria Barroso,"Rua de São Bento, 176, 1200-821 Lisboa, 1200-816, Lisboa",Lisboa,https://www.agendalx.pt/wp-json/agendalx/v1/events,https://www.agendalx.pt/content/uploads/2026/03/c677473c-f0a4-4095-801c-abd8a34e4a62.jpg,visitas guiadas,,free,approved,agendalx,232461,https://www.agendalx.pt/wp-json/agendalx/v1/events,63f780811b49fcdebaa93b7921f3754a7333aaf2,"<div> <p class=""x_MsoNormal"" data-olk-copy-source=""MessageBody"">Na última quarta-feira de cada mês, a Fundação Mário Soares e Maria Barroso abre as suas portas para visitas orientadas.</p> <p d...","gratuito, Maria Barroso, Mário Soares",,visitas guiadas,,,38.712785,-9.152897,http://www.fmsoares.pt/,213 964 179,,,fundacao,estrela,,
Anna Maria Maiolino,2026-03-25,2026-08-31,"MAAT - Museu de Arte, Arquitetura e Tecnologia","Avenida de Brasília, Central Tejo, 1300-598, Lisboa",Lisboa,https://www.agendalx.pt/wp-json/agendalx/v1/events,https://www.agendalx.pt/content/uploads/2026/03/2.-Anna-Maria-Maiolino-installation-Ao-Infinito-Biennale-di-Venezia-2025.-Photo-Livia-Gonzaga-scaled.jpg,artes,,,approved,agendalx,232777,https://www.agendalx.pt/wp-json/agendalx/v1/events,19cb2d218fe7e37e17be03c66a07a31405d816c9,"Com curadoria de João Pinharanda e Sérgio Mah, <em>Terra Poética</em> apresenta no MAAT Gallery um percurso essencial pela obra de Anna Maria Maiolino, a artista nascida em Itália em 1942 e radica...","desenho, escultura, fotografia, vídeo",,artes,,,38.695911,-9.195691,http://www.maat.pt,210 028 190,,"De quarta a segunda, das 10h às 19h",museu,alcantara,,
Visita ao Observatório Astronómico de Lisboa,2026-03-25,2026-03-25,Observatório Astronómico de Lisboa,"Edifício Leste - Tapada da Ajuda, 1349-018 Lisboa, 1300, Lisboa",Lisboa,https://www.agendalx.pt/wp-json/agendalx/v1/events,https://www.agendalx.pt/content/uploads/2022/12/fachada_OAL_FB.jpg,"ciências, visitas guiadas",,,approved,agendalx,81384,https://www.agendalx.pt/wp-json/agendalx/v1/events,01c86619f81d3877e5eb3a7a084d9d4ca721d4cd,"O Real Observatório Astronómico de Lisboa, situado na Tapada da Ajuda, foi mandado construir por D. Pedro V. Atualmente denominado de Observatório Astronómico de Lisboa, foi o Observatório Nacion...",,,"ciências, visitas guiadas",,,38.7123747,-9.1868874,,,,,,,,
Breve encontro,2026-03-25,2026-03-25,Casa-Museu Dr. Anastácio Gonçalves,"Avenida 5 de Outubro, 6 - 8, 1050-055, Lisboa",Lisboa,https://www.agendalx.pt/wp-json/agendalx/v1/events,https://www.agendalx.pt/content/uploads/2025/11/casa-museu-anastacio.jpeg,visitas guiadas,,free,approved,agendalx,226217,https://www.agendalx.pt/wp-json/agendalx/v1/events,54c9f06687f510ede4901417a223665d6cfe451b,"Visitas guiadas, à peça do mês, num <em>Breve Encontro</em> com uma obra da coleção de Anastácio Gonçalves. Em março o Breve Encontro centra-se no óleo sobre tela, <em>Primavera</em> (18...",gratuito,,visitas guiadas,,,38.732346,-9.14654,www.facebook.com/cm.anastaciogoncalves,213 540 823,comunicacao.cmag@museusemonumentos.pt,,museu,campo-grande,,
Monsanto: Onde a História Ganha Vida,2026-03-25,2026-03-25,Parque Florestal de Monsanto - Centro de Interpretação de Monsanto,"Estrada do Barcal, Monte das Perdizes, 1500, Lisboa",Lisboa,https://www.agendalx.pt/wp-json/agendalx/v1/events,https://www.agendalx.pt/content/uploads/2024/09/monsanto.jpg,visitas guiadas,,free,approved,agendalx,228404,https://www.agendalx.pt/wp-json/agendalx/v1/events,1e28822e3b017a87b546d02d939e1f2336a7d2ab,"<div class=""event-son-teaser"">Um passeio a um local onde a história e a natureza se encontram, uma experiência única no coração de Lisboa.</div> <div></div> <div class=""event-son-description"">...","ar livre, gratuito",,visitas guiadas,,,38.7397004,-9.1839561,http://www.cm-lisboa.pt,218 170 200,,,,sao-domingos-de-benfica,,
In the Heights,2026-03-25,2026-05-03,Teatro Variedades,"Parque Mayer, 1250-096, Lisboa",Lisboa,https://www.agendalx.pt/wp-json/agendalx/v1/events,https://www.agendalx.pt/content/uploads/2026/01/In-the-heights.jpg,teatro,,"a:1:{i:0;a:1:{s:5:""value"";s:11:""20 € a 30"";}}",approved,agendalx,228960,https://www.agendalx.pt/wp-json/agendalx/v1/events,b460a66a3176cf42aa76bf81a039e0d8feb3c559,"<em>In the Heights</em> conta a história da comunidade latina de Washington Heights, Nova Iorque, centrada em Usnavi, o dono de uma <em>Bodega</em> que sonha em voltar para a República Dominicana...","audiodescrição, Martim Galamba, Sissi Martins, teatro musical",,teatro,,,38.718905,-9.146481,https://teatrovariedades-capitolio.pt/,,infovariedades@egeac.pt,,"equipamento-municipal, teatro",santo-antonio,,
Bach³,2026-03-25,2026-03-25,Igreja da Graça,"Largo da Graça, Lisboa",Lisboa,https://www.agendalx.pt/wp-json/agendalx/v1/events,https://www.agendalx.pt/content/uploads/2026/02/bach.png,música,,free,approved,agendalx,231257,https://www.agendalx.pt/wp-json/agendalx/v1/events,a1f714e58bf8dc0efd4ddcc45743ba0f186c99c8,"Bach³, pelo Coro de Câmara da Universidade de Lisboa, realiza-se na Igreja da Graça, no dia 25 de março. O concerto é integrado na iniciativa <em>Música na Universidade de Lisboa</em>. <p style...","coros, gratuito, música erudita",,música,,,38.7171671,-9.1302084,,218 873 943,,,,sao-vicente,,
Sean Riley & The Slowriders,2026-03-25,2026-03-25,Casa Capitão,"Rua do Grilo, 119, 1950-144, Lisboa",Lisboa,https://www.agendalx.pt/wp-json/agendalx/v1/events,https://www.agendalx.pt/content/uploads/2026/02/©AnaViotti_Sean-Riley_edit-1.jpg,música,,"a:1:{i:0;a:1:{s:5:""value"";s:2:""16"";}}",approved,agendalx,231115,https://www.agendalx.pt/wp-json/agendalx/v1/events,196c47368d650227b8c4629e265fd10a144f5d7d,"No dia 25 de março, a Casa Capitão recebe um concerto muito especial de Sean Riley &amp; The Slowriders, que assinala duas décadas desde o primeiro momento em que a banda subiu ao palco. A hist?...",rock alternativo,,música,,,38.730887,-9.10728,https://casa-capitao.com,,,,centro-cultural,,,
Código Noite – O papel da madeira nas Comunicações,2026-03-26,2026-03-26,Fundação Portuguesa das Comunicações – Museu das Comunicações,"Rua do Instituto Industrial, 16, 1200-109, Lisboa",Lisboa,https://www.agendalx.pt/wp-json/agendalx/v1/events,https://www.agendalx.pt/content/uploads/2026/02/mar_cnoite_artigo.png,visitas guiadas,,free,approved,agendalx,231720,https://www.agendalx.pt/wp-json/agendalx/v1/events,2428ad434ef3e2636864d3e12b79cbdb0f5774ad,Neste final descobrem-se curiosidades sobre a botânica na exposição Comunicar é Natural. Através de um olhar atento veremos como a madeira das árvores tem sido essencial na história das comunic...,gratuito,,visitas guiadas,,,38.7078221,-9.1504337,http://www.fpc.pt,213 935 000,,,"fundacao, museu",misericordia,,
Christian Rosa,2026-03-26,2026-05-09,Kubikgallery,"Rua Garcia da Orta, 71, Loja 19, 1200-680, Lisboa",Lisboa,https://www.agendalx.pt/wp-json/agendalx/v1/events,https://www.agendalx.pt/content/uploads/2026/03/Imagem1-5.jpg,artes,,,approved,agendalx,232711,https://www.agendalx.pt/wp-json/agendalx/v1/events,76c71463aee9bdbd192f7611c9419b905900523c,"Em <em>Purpose</em> Christian Rosa apresenta um novo conjunto de obras moldado pela contenção e pela decisão. As pinturas mantêm uma tensão entre estrutura e abertura, imediatismo e controlo. A t...",pintura,,artes,,,0,0,kubikgallery.com,917 125 737,,Ter a sáb: 15h-19h,galeria,,,
Desligar é assim tão difícil?,2026-03-26,2026-03-26,Centro Académico do Caleidoscópio,"Campo Grande 18, 1700-162, Lisboa",Lisboa,https://www.agendalx.pt/wp-json/agendalx/v1/events,https://www.agendalx.pt/content/uploads/2026/02/DEsligar.png,ciências,,free,approved,agendalx,231508,https://www.agendalx.pt/wp-json/agendalx/v1/events,74729ea979a0da8f97f286a94cca3bfa108c9ff3,O que nos inquieta enquanto sociedade? O que nos faz sentir “fora do sítio” ou nos rouba o bem‑estar? A RedeSAÚDE da Universidade de Lisboa propõe-se criar um espaço de <i>brainstorming</i>...,"Daniel Sampaio, gratuito, psicologia",,ciências,,,38.757808,-9.153467,,,,"Aberto 24 horas, todos os dias","auditorio, centro-comunitario, centro-cultural",,,
Teresina,2026-03-26,2026-03-26,Museu de Lisboa - Teatro Romano,"Rua de São Mamede, 3A, 1100-532, Lisboa",Lisboa,https://www.agendalx.pt/wp-json/agendalx/v1/events,https://www.agendalx.pt/content/uploads/2026/02/26-MAR_Musica_Teresina_hora-de-baco.jpg,música,,free,approved,agendalx,231252,https://www.agendalx.pt/wp-json/agendalx/v1/events,93e705daaaacb531ea63d261406608e452656692,"Teresina é um projeto musical que celebra o património popular do Sul de Itália. <em>Pizzica</em>, <em>tarantella</em> e tammurriata encontram-se com músicas originais e memórias ancestrais, numa...",gratuito,,música,,,38.7103759,-9.1325174,http://www.museudelisboa.pt,218 820 530,,,museu,santa-maria-maior,,
Vargas Llosa e Saramago,2026-03-26,2026-03-26,Fundação José Saramago,"Casa dos Bicos, Rua dos Bacalhoeiros, 1100-135, Lisboa",Lisboa,https://www.agendalx.pt/wp-json/agendalx/v1/events,https://www.agendalx.pt/content/uploads/2026/01/Saramago-Llosa.jpg,literatura,,free,approved,agendalx,229860,https://www.agendalx.pt/wp-json/agendalx/v1/events,7f4d4f775b0596d49afd1b8c739b89540966a5c0,"<span data-olk-copy-source=""MessageBody"">Conversa entre o escritor peruano Renato Cisneros e Pilar del Río sobre os universos literários de Mario Vargas Llosa e José Saramago.</span>",gratuito,,literatura,,,38.7090304,-9.1326803,http://www.josesaramago.org,218 802 040,,,"fundacao, museu",santa-maria-maior,,
Um dia no palácio,2026-03-26,2026-03-26,Museu Nacional do Traje,"Largo Júlio de Castilho, 1600-760, Lisboa",Lisboa,https://www.agendalx.pt/wp-json/agendalx/v1/events,https://www.agendalx.pt/content/uploads/2026/03/traje.jpg,ciências,,free,approved,agendalx,232238,https://www.agendalx.pt/wp-json/agendalx/v1/events,6d60fa84f36ec670fae43a77d05b518865aa19ba,"<em>Um Dia no Palácio</em> é o título da conferência promovida pelo Grupo de Amigos do Museu do Traje, onde o historiador Carlos Franco propõe uma viagem aos interiores das casas da elite lisboet...","gratuito, Museologia, olisipografia",,ciências,,,38.775427,-9.164318,http://museudotraje.imc-ip.pt,217 567 620,"Terça a Domingo: 10h-18h (última entrada aconselhada - Museu 17h30 | Parque 17h) 

Encerrado ao público:  Segunda,  1 de janeiro, Domingo de Páscoa, 1 de maio, feriado municipal (13 de junho), 24 e 25 de dezembro.",,museu,lumiar,,
Sobre a verdade da mentira,2026-03-26,2026-06-25,Centro Cultural de Belém,"Praça do Império, 1449-003, Lisboa",Lisboa,https://www.agendalx.pt/wp-json/agendalx/v1/events,https://www.agendalx.pt/content/uploads/2025/09/Antonio-de-Castro-Caeiro_20231027_32-@Matilde-Fieschi.jpg,ciências,,"a:1:{i:0;a:2:{s:5:""value"";s:2:""63"";s:11:""description"";s:21:""integral/ 10 sessões"";}}",approved,agendalx,221634,https://www.agendalx.pt/wp-json/agendalx/v1/events,93588fc7184c96a9eed481c73e92587dc0a09cc8,"António Castro Caeiro volta a programar no CCB um ciclo de conversas, desta vez com o tema <em>Sobre a Verdade da Mentira</em>. Ao todo são 10 conversas espalhadas entre outubro de 2025 e junho de 2...","filosofia, pensamento",,ciências,,,38.696435,-9.208603,http://www.ccb.pt,213 612 400,,,centro-cultural,belem,,
Para que serve um museu (nacional)?,2026-03-26,2026-03-26,Brotéria,"Rua de S. Pedro de Alcântara, 3, 1250-237, Lisboa",Lisboa,https://www.agendalx.pt/wp-json/agendalx/v1/events,https://www.agendalx.pt/content/uploads/2026/03/PHOTO_Filipa-Oliveira.jpg,"artes, ciências",,free,approved,agendalx,232223,https://www.agendalx.pt/wp-json/agendalx/v1/events,b5d629e2fcf9a3acd1e8d0bf7e3b122746502681,"Inserido no ciclo <em>Eutopos</em>, uma conversa dedicada à museologia, com o título '<em>Para que serve um museu (nacional)? - Qual é o papel de um museu na sociedade atual? Como é que coleciona,...","curadoria, gratuito, Museologia",,"artes, ciências",,,38.714418,-9.144191,www.broteria.org,213 961 660,hello@broteria.org,,galeria,,,
Kumina,2026-03-26,2026-03-29,Teatro do Bairro Alto,"Rua Tenente Raúl Cascais 1A, 1250-268, Lisboa",Lisboa,https://www.agendalx.pt/wp-json/agendalx/v1/events,https://www.agendalx.pt/content/uploads/2025/12/kumina.jpg,teatro,,"a:1:{i:0;a:2:{s:5:""value"";s:2:""12"";s:11:""description"";s:41:""preço normal (ver descontos aplicáveis)"";}}",approved,agendalx,227897,https://www.agendalx.pt/wp-json/agendalx/v1/events,796da11bc1b81e57bd24b3dbb3a5c8e9591f2d74,"<em>Kumina</em> é um solo performativo onde se interroga a história íntima e universal ligada ao desenraizamento, bem como a relação complexa entre os continentes africano e europeu. Puxando o fi...",,,teatro,,,38.718,-9.154061,www.teatrodobairroalto.pt,,,,teatro,santo-antonio,,
Lee Ritenour & Friends,2026-03-26,2026-03-26,Centro Cultural de Belém,"Praça do Império, 1449-003, Lisboa",Lisboa,https://www.agendalx.pt/wp-json/agendalx/v1/events,https://www.agendalx.pt/content/uploads/2026/02/lee-ritenour.png,música,,"a:1:{i:0;a:1:{s:5:""value"";s:11:""20 € a 35"";}}",approved,agendalx,231146,https://www.agendalx.pt/wp-json/agendalx/v1/events,7e738e45babc3bf90f6f89ce3a1df040ad77b829,"<p data-start=""312"" data-end=""647"" data-olk-copy-source=""MessageBody"">Com uma carreira que atravessa cinco décadas, o lendário guitarrista Lee Ritenour empurrou continuamente os limites da música,...",guitarra,,música,,,38.696435,-9.208603,http://www.ccb.pt,213 612 400,,,centro-cultural,belem,,
Concerto de Aranjuez,2026-03-26,2026-03-27,Fundação Calouste Gulbenkian,"Avenida de Berna, 45A, 1050-078, Lisboa",Lisboa,https://www.agendalx.pt/wp-json/agendalx/v1/events,https://www.agendalx.pt/content/uploads/2026/02/Pablo-Sainz-Villegas.jpg,música,,"a:1:{i:0;a:1:{s:5:""value"";s:11:""27 € a 55"";}}",approved,agendalx,231636,https://www.agendalx.pt/wp-json/agendalx/v1/events,1c320e37fde49bcc14fdc69de348113efc5c1eb9,"Apontado pela imprensa internacional como o sucessor do mítico Andrés Segovia, Pablo Sainz Villegas é hoje um destacado concertista a divulgar o repertório para guitarra. Nesta sua apresentação...",guitarra,,música,,,38.7380413,-9.1550827,http://www.gulbenkian.pt,217 823 000,,,"fundacao, museu, biblioteca, auditorio",avenidas-novas,,
Maro,2026-03-26,2026-03-26,Coliseu dos Recreios,"Rua das Portas de Santo Antão, 96, 1150-269 Lisboa, Lisboa",Lisboa,https://www.agendalx.pt/wp-json/agendalx/v1/events,https://www.agendalx.pt/content/uploads/2026/01/maro.jpeg,música,,"a:1:{i:0;a:1:{s:5:""value"";s:2:""32"";}}",approved,agendalx,229594,https://www.agendalx.pt/wp-json/agendalx/v1/events,47a96eac4ab2982b3fce1b3eb3debc60db15775d,"Depois de se formar na Berklee College of Music, <span class=""markx9zyh4e9s"" data-markjs=""true"" data-ogac="""" data-ogab="""" data-ogsc="""" data-ogsb="""">Maro i</span>niciou a sua carreira em 2018 com o lan...",,,música,,,38.716506,-9.140548,www.coliseulisboa.com,+351 213 240 585,,"↓
Atendimento e bilheteiras das 13h00 às 19:00 de segunda a sexta.
Dias de espectáculo abertura 13h00, encerramento 30 minutos após o início do mesmo.",auditorio,santa-maria-maior,,
Hornfuckers,2026-03-26,2026-03-28,Culturgest,"Rua Arco do Cego, 50, 1000-020, Lisboa",Lisboa,https://www.agendalx.pt/wp-json/agendalx/v1/events,https://www.agendalx.pt/content/uploads/2026/02/hornfuckers.jpg,dança,,"a:1:{i:0;a:2:{s:5:""value"";s:2:""16"";s:11:""description"";s:20:""normal com descontos"";}}",approved,agendalx,231882,https://www.agendalx.pt/wp-json/agendalx/v1/events,3f8fa77dab63950ceec631e70973d73ccaeb8f07,"Diana Niepce é autora de obras que interrogam a existência de normas para o corpo humano, na sociedade e em palco. Espetáculos como <em>Anda, Diana</em> e <em>O Outro Lado da Dança</em> colocaram...",,,dança,,,38.740896,-9.142813,http://www.culturgest.pt,217 905 454,,,"auditorio, museu",avenidas-novas,,
Alex D'Alva e Rita Onofre,2026-03-26,2026-03-26,LuxFrágil,"Av. Infante D. Henrique, Armazém A, Cais da Pedra a Sta. Apolónia, 1950-376, Lisboa",Lisboa,https://www.agendalx.pt/wp-json/agendalx/v1/events,https://www.agendalx.pt/content/uploads/2026/01/alex-e-rita-onofre.jpg,música,,"a:1:{i:0;a:1:{s:5:""value"";s:2:""15"";}}",approved,agendalx,229569,https://www.agendalx.pt/wp-json/agendalx/v1/events,c5f63340ccfafcb234f5eb7e06afb368e5744507,"Recentemente, Alex D’Alva Teixeira lançou o EP <em>Livre</em>, um trabalho que celebra a liberdade enquanto força criativa. São sete canções que exploram a eletrónica como um território de de...","alternativa, música portuguesa",,música,,,38.714903,-9.120645,https://www.luxfragil.com/,218 820 890,,,,,,
Celso,2026-03-26,2026-03-26,Casa Capitão,"Rua do Grilo, 119, 1950-144, Lisboa",Lisboa,https://www.agendalx.pt/wp-json/agendalx/v1/events,https://www.agendalx.pt/content/uploads/2026/02/celso.png,música,,"a:1:{i:0;a:1:{s:5:""value"";s:5:""11,92"";}}",approved,agendalx,231066,https://www.agendalx.pt/wp-json/agendalx/v1/events,9a405d3ab1a35d29cfec46f0d604afa64a79892a,"Os Celso lançaram, em fevereiro passado, o segundo trabalho de originais, <em>Indiecorno</em>. O sucessor de <em>Não se brinca com coisas sérias</em> (2021) é um álbum sobre caos geracional. Esc...","alternativa, música portuguesa",,música,,,38.730887,-9.10728,https://casa-capitao.com,,,,centro-cultural,,,
Blaya,2026-03-26,2026-03-26,B.Leza,"Cais da Ribeira Nova, Armazém B, 1200-109, Lisboa",Lisboa,https://www.agendalx.pt/wp-json/agendalx/v1/events,https://www.agendalx.pt/content/uploads/2026/03/blaya.png,música,,"a:1:{i:0;a:1:{s:5:""value"";s:2:""12"";}}",approved,agendalx,232468,https://www.agendalx.pt/wp-json/agendalx/v1/events,7d7f89c25922b24b4be76d56baef5c1819adaf7a,"<p class=""x_gmail-""><span data-olk-copy-source=""MessageBody"">Blaya lançou, recentemente, </span><em>No Meu Tempo de Escola</em>, um tema especial em colaboração com o seu marido, o músico João Ba...","eletrónica, rap",,música,,,38.705579,-9.147251,https://www.facebook.com/BlezaClube/,210 106 837,,,,,,
Vítor Franco,2026-03-27,2026-04-17,Biblioteca Orlando Ribeiro,"Antigo Solar da Nora, Estrada de Telheiras 146, 1600-772 Lisboa",Lisboa,https://www.agendalx.pt/wp-json/agendalx/v1/events,https://www.agendalx.pt/content/uploads/2026/02/Expo_Acreditar.jpg,artes,,free,approved,agendalx,231522,https://www.agendalx.pt/wp-json/agendalx/v1/events,5bd79938be884bdaeed3df8fa701d8b6a259f386,"Vitor Franco, natural de Portalegre, nasceu em janeiro de 1947. A sua paixão pelas artes despertou ainda na Escola Secundária Pedro de Santarém, onde os professores de desenho e trabalhos manuais o...","aguarela, gratuito, pintura",,artes,,,0,0,https://blx.cm-lisboa.pt/,218 172 660,bib.oribeiro@cm-lisboa.pt,,biblioteca,,,
Estelle Valente,2026-03-27,2026-07-19,São Luiz Teatro Municipal,"Rua António Maria Cardoso, 38, 1200-026, Lisboa",Lisboa,https://www.agendalx.pt/wp-json/agendalx/v1/events,https://www.agendalx.pt/content/uploads/2026/02/perfil-perdido-marco-martins-2020-20-2000x1333-1.jpg,artes,,free,approved,agendalx,232108,https://www.agendalx.pt/wp-json/agendalx/v1/events,78921eb4609f6a9677d04e7064817ca0201617c1,"Em setembro de 2025, assinalou-se uma década desde que Estelle Valente iniciou o seu trabalho no Teatro São Luiz. O que começou de forma intuitiva evoluiu para uma relação contínua e profunda co...","fotografia, gratuito",,artes,,,38.7089341,-9.1424961,http://www.teatrosaoluiz.pt,213 257 640,,,teatro,misericordia,,
Japão: Festas e Rituais,2026-03-27,2026-03-27,Museu do Oriente,"Avenida Brasília, Doca de Alcântara, 1350-279, Lisboa",Lisboa,https://www.agendalx.pt/wp-json/agendalx/v1/events,https://www.agendalx.pt/content/uploads/2024/01/a2cfb316e0576ac797e16e5d9cdfdaf58abb829a.jpg,visitas guiadas,,"a:1:{i:0;a:1:{s:5:""value"";s:1:""6"";}}",approved,agendalx,184471,https://www.agendalx.pt/wp-json/agendalx/v1/events,d4181fbd82ed0bd1384cb0d54c945c1605ae207c,"Ao longo do ano, realizam-se no Japão inúmeras festas e rituais tradicionais de natureza religiosa, de grande importância social e cultural. Com momentos cerimoniais solenes e outros de puro divert...",,,visitas guiadas,,,38.702868,-9.170792,https://www.foriente.pt/,213 585 200,,,museu,alcantara,,
Luzes na Caverna X,2026-03-27,2026-03-27,Prosa - Plataforma Cultural,"Rua Alves Torgo, 8, 1000-033 Lisboa",Lisboa,https://www.agendalx.pt/wp-json/agendalx/v1/events,https://www.agendalx.pt/content/uploads/2026/02/do_the_right_thing.webp,cinema,,"a:1:{i:0;a:1:{s:11:""description"";s:32:""Gratuito. Donativo sugerido 3€"";}}",approved,agendalx,231475,https://www.agendalx.pt/wp-json/agendalx/v1/events,f015168fafc5dc759e49c4d8aa374bd64e4ecb4d,"O ciclo <em>Luzes na Caverna</em>, ""onde a filosofia da imagem se torna prática"", continua com uma obra de Spike Lee. <em>Não dês bronca, </em>o filme exibido, faz um retrato do que é a tensão ra...","ciclo, conversa",,cinema,,,38.732537,-9.135956,https://prosacultural.org/,917 49 89 89 / 936 36 84 50,prosa@prosacultural.org,"De segunda a sexta-feira, das 09h às 18h | Outros horários: por agendamento.",,,,
Alvorada,2026-03-27,2026-05-22,Casa do Concelho de Ponte de Lima,"Rua de Campolide, 316, Lisboa",Lisboa,https://www.agendalx.pt/wp-json/agendalx/v1/events,https://www.agendalx.pt/content/uploads/2026/02/Alvorada.jpg,stand up comedy,,"a:1:{i:0;a:1:{s:5:""value"";s:1:""8"";}}",approved,agendalx,230609,https://www.agendalx.pt/wp-json/agendalx/v1/events,3e0889bc027510f9ac09c14c97dbc6aaa2d947fd,"<div data-olk-copy-source=""MessageBody""><em>Prepara-te para as noites mais hilariantes de Lisboa! O Alvorada Comedy Club invade a cidade </em><em>com stand-up comedy.</em></div> <div><em>Num ambiente...",,,stand up comedy,,,38.736456,-9.166031,,,,,associacao,campolide,,
Evita,2026-03-27,2026-06-28,Capitólio,"Parque Mayer, 1250-096, Lisboa",Lisboa,https://www.agendalx.pt/wp-json/agendalx/v1/events,https://www.agendalx.pt/content/uploads/2026/01/Evita.jpg,teatro,,"a:1:{i:0;a:2:{s:5:""value"";s:11:""25 € a 35"";s:11:""description"";s:41:""preço normal (ver descontos aplicáveis)"";}}",approved,agendalx,230101,https://www.agendalx.pt/wp-json/agendalx/v1/events,03bb9ac932722cd0498b2b271514a9f6d2428d33,"A peça narra, em formato de ópera-rock, a ascensão e queda de Eva Perón, a carismática e controversa primeira-dama da Argentina. Passado nas décadas de 1930 e 1940, o musical acompanha a trajet?...",teatro musical,,teatro,,,38.718971,-9.146289,www.egeac.pt/capitolio,211 385 340,,,auditorio,santo-antonio,,
Descoberta das Orquídeas Silvestres,2026-03-27,2026-03-27,Parque Florestal de Monsanto - Centro de Interpretação de Monsanto,"Estrada do Barcal, Monte das Perdizes, 1500, Lisboa",Lisboa,https://www.agendalx.pt/wp-json/agendalx/v1/events,https://www.agendalx.pt/content/uploads/2026/03/ophrys_apifera_150509_3932.jpg,visitas guiadas,,free,approved,agendalx,232352,https://www.agendalx.pt/wp-json/agendalx/v1/events,af948be99660a7150be4618df18a4a343932d869,"Percurso guiado à descoberta da beleza delicada das orquídeas silvestres que florescem nos trilhos. Um momento de observação, aprendizagem e contacto direto com a natureza, onde cada detalhe re...","ar livre, gratuito",,visitas guiadas,,,38.7397004,-9.1839561,http://www.cm-lisboa.pt,218 170 200,,,,sao-domingos-de-benfica,,
Mercado do Chocolate,2026-03-27,2026-03-27,Posto de Informação e Promoção Turística da Madeira,"Rua Nova do Almada, 55 e 57, 1200-288, Lisboa",Lisboa,https://www.agendalx.pt/wp-json/agendalx/v1/events,https://www.agendalx.pt/content/uploads/2026/02/Madeira-Web-72-1.jpg,feiras,,,approved,agendalx,232169,https://www.agendalx.pt/wp-json/agendalx/v1/events,08345c6ae633c8f5c770cf166cd419b79440f7ed,"No dia 27 de março, o Posto de Informação e Promoção Turística da Madeira, em Lisboa, recebe o Mercado do Chocolate – uma iniciativa dedicada ao chocolate artesanal produzido na Madeira, inspi...",,,feiras,,,0,0,,924 765 221,,,,,,
Filodemo,2026-03-27,2026-04-18,Sala Estúdio Valentim de Barros,"Rua Gomes Freire, 161, 1150-176, Lisboa",Lisboa,https://www.agendalx.pt/wp-json/agendalx/v1/events,https://www.agendalx.pt/content/uploads/2026/02/Filodemo_075_med_FilipeFerreira_TNDMII.jpg,teatro,,"a:1:{i:0;a:2:{s:5:""value"";s:2:""12"";s:11:""description"";s:41:""preço normal (ver descontos aplicáveis)"";}}",approved,agendalx,227766,https://www.agendalx.pt/wp-json/agendalx/v1/events,1f32700b14d8692ed1a834ff34e23ff0cb053fb3,"<i data-olk-copy-source=""MessageBody"">Filodemo </i>é uma comédia pastoril situada num mundo rural idealizado, habitado por pastores e ninfas que vivem amores ingénuos, feitos de enganos e revelaç...","língua gestual portuguesa, Luís Vaz de Camões, Pedro Penim",,teatro,,,38.727027,-9.14171,https://largoresidencias.com/jardinsdobombarda/,,,,teatro,,,
Oscar e a Senhora Cor-de-Rosa,2026-03-27,2026-04-10,Museu do Fado,"Largo do Chafariz de Dentro, 1, 1100-575, Lisboa",Lisboa,https://www.agendalx.pt/wp-json/agendalx/v1/events,https://www.agendalx.pt/content/uploads/2026/03/lidia-francojsilveirar.jpg,teatro,,"a:1:{i:0;a:1:{s:5:""value"";s:1:""5"";}}",approved,agendalx,232826,https://www.agendalx.pt/wp-json/agendalx/v1/events,b62ca9ee72a7d036d0d86c5eaf05441362a5ca9b,A amizade incondicional entre uma criança de dez anos com leucemia e a voluntária que todos os dias o visita no hospital. Os dois inventam um jogo: viver cada dia como se este durasse dez anos. Dest...,"Dia Mundial do Teatro, Eric-Emmanuel Schmitt",,teatro,,,38.7111424,-9.1280603,http://www.museudofado.pt,218 823 470,,,museu,santa-maria-maior,,
"Sessões Nimas Fora de Horas: 'Exit 8', de Genki Kawamura",2026-03-27,2026-03-27,Cinema Nimas,"Avenida 5 de Outubro 42B, 1050-053, Lisboa",Lisboa,https://www.agendalx.pt/wp-json/agendalx/v1/events,https://www.agendalx.pt/content/uploads/2026/03/サブ⑧-scaled.jpg,cinema,,,approved,agendalx,232694,https://www.agendalx.pt/wp-json/agendalx/v1/events,a2bfd1acc19fd8c3422e1f9d27db80d6bf31c225,"O <em>MOTELX</em>, em parceria com a plataforma de <em>streaming</em> FilmTwist (<span data-olk-copy-source=""MessageBody"">dedicada exclusivamente ao cinema fantástico e de terror)</span>, <span data...","ciclo, Motelx, sessão especial, terror",,cinema,,,38.735721,-9.147266,medeiafilmes.com,213 574 362,espaconimas@gmail.com,,cinema,campo-grande,,
Ana Ferreira e Livre Corte (Hérnan Badilla),2026-03-28,2026-04-18,Espaço Imperfeito,"Rua Coronel Luna de Oliveira, 2 A, 1900-167, Lisboa",Lisboa,https://www.agendalx.pt/wp-json/agendalx/v1/events,https://www.agendalx.pt/content/uploads/2026/03/20230830_205711-scaled.jpg,artes,,,approved,agendalx,232705,https://www.agendalx.pt/wp-json/agendalx/v1/events,91ff6f8ae6ab374a45f2edca0340ce23f32f0e9a,"A residência artística <em>Do Quotidiano ao Infinito</em> promove a colaboração entre a fotógrafa Ana Ferreira e o colagista Livre Corte (Hérnan Badilla), explorando a fusão entre fotografia e...","colagem, coletiva, fotografia",,artes,,,38.735639,-9.128358,www.facebook.com/EspacoImperfeito,,espacoimperfeito@gmail.com,,galeria,,,
Visitas guiadas ao Teatro São Luiz,2026-03-28,2026-07-11,São Luiz Teatro Municipal,"Rua António Maria Cardoso, 38, 1200-026, Lisboa",Lisboa,https://www.agendalx.pt/wp-json/agendalx/v1/events,https://www.agendalx.pt/content/uploads/2019/10/SaoLuiz.jpg,visitas guiadas,,"a:1:{i:0;a:1:{s:5:""value"";s:1:""2"";}}",approved,agendalx,20484,https://www.agendalx.pt/wp-json/agendalx/v1/events,890138024168d3e3c8b1e3fe6c98c980a1403378,"Visitas guiadas ao Teatro São Luiz, pela mão de quem aí trabalha. Percurso pelas salas e bastidores, para conhecer os cantos à casa e as histórias que aqui vivem e de quem por cá passou. 18 o...",,,visitas guiadas,,,38.7089341,-9.1424961,http://www.teatrosaoluiz.pt,213 257 640,,,teatro,misericordia,,
A Saúde nas Aventuras de Astérix e Panoramix no Museu da Farmácia,2026-03-28,2026-03-28,Museu da Farmácia,"Rua Marechal Saldanha, 1, 1249-069, Lisboa",Lisboa,https://www.agendalx.pt/wp-json/agendalx/v1/events,https://www.agendalx.pt/content/uploads/2025/02/asterix.jpg,visitas guiadas,,"a:2:{i:0;a:1:{s:5:""value"";s:1:""9"";}i:1;a:2:{s:5:""value"";s:1:""6"";s:11:""description"";s:9:""estudante"";}}",approved,agendalx,207548,https://www.agendalx.pt/wp-json/agendalx/v1/events,dd9ba5412580663b81608e00d5ee2744b6718241,"Astérix e Panoramix são personagens icónicas das histórias aos quadrinhos criadas por René Goscinny (1926-1977) e Albert Uderzo (1927-2020), que exploram a vida de um pequeno povo gaulês que res...",,,visitas guiadas,,,38.7100709,-9.1471278,http://www.museudafarmacia.pt,213 400 600,,,museu,misericordia,,
Visita ao Museu Geológico,2026-03-28,2026-03-28,"Museu Geológico - LNEG, IP","Rua da Academia das Ciências, 19, 1200-418, Lisboa",Lisboa,https://www.agendalx.pt/wp-json/agendalx/v1/events,https://www.agendalx.pt/content/uploads/2026/02/MUSEU_GEOLOGICO.png,visitas guiadas,,,approved,agendalx,231739,https://www.agendalx.pt/wp-json/agendalx/v1/events,fb018a056218234d01b53eba4abd95e04a567ae8,"Partindo de uma visita guiada às coleções do <span class=""markn7x6mrbkx"" data-markjs=""true"" data-ogac="""" data-ogab="""" data-ogsc="""" data-ogsb="""">Museu</span> Geológico, esta atividade tem como ob...",,,visitas guiadas,,,38.713187,-9.149846,http://www.lneg.pt/museugeologico,213 463 915,,,museu,misericordia,,
Diogo Pimentão,2026-03-28,2026-09-14,Fundação Calouste Gulbenkian - Centro de Arte Moderna,"Rua Doutor Nicolau Bettencourt, 1050-078, Lisboa",Lisboa,https://www.agendalx.pt/wp-json/agendalx/v1/events,https://www.agendalx.pt/content/uploads/2026/02/foto-Rebecca-Fanuele-Imagem-principal-de-evento-1.jpg,artes,,,approved,agendalx,232050,https://www.agendalx.pt/wp-json/agendalx/v1/events,ca8d0598c999062eb883d5376336401d69259f8e,"<div> A prática e a redefinição do desenho são o eixo central do trabalho de Diogo Pimentão. Utilizando principalmente papel e grafite, por vezes em combinação com cimento, gesso acrílico o...","desenho, performance, vídeo",,artes,,,38.735405,-9.154091,https://gulbenkian.pt/cam/,,,,museu,avenidas-novas,,
"Hora do Planeta - Natureza, Poesia e Partilha",2026-03-28,2026-03-28,Parque Florestal de Monsanto - Centro de Interpretação de Monsanto,"Estrada do Barcal, Monte das Perdizes, 1500, Lisboa",Lisboa,https://www.agendalx.pt/wp-json/agendalx/v1/events,https://www.agendalx.pt/content/uploads/2026/01/Parque-Florestal-Monsanto_LVT1505-scaled-1.jpg,visitas guiadas,,free,approved,agendalx,232359,https://www.agendalx.pt/wp-json/agendalx/v1/events,36b912f6e28d0af6b5d6348277b2a01c0082a132,"Caminhada noturna pelo Parque onde a tranquilidade da noite se transforma numa oportunidade de comunhão com a natureza. No início, pequenos apontamentos de poesia despertam a imaginação e convi...","ar livre, gratuito",,visitas guiadas,,,38.7397004,-9.1839561,http://www.cm-lisboa.pt,218 170 200,,,,sao-domingos-de-benfica,,
Oficina Casa Sustentável - Construção Criativa,2026-03-28,2026-03-28,Fab Lab Lisboa,"Mercado do Forno de Tijolo, Rua Maria da Fonte, 1170-221 Lisboa, Lisboa",Lisboa,https://www.agendalx.pt/wp-json/agendalx/v1/events,https://www.agendalx.pt/content/uploads/2026/03/FABLAB_LVT0809-scaled.jpg,"artes, ciências",,,approved,agendalx,232790,https://www.agendalx.pt/wp-json/agendalx/v1/events,915ef09ee7ac04ead9a05ef5b48a2fb04caf07f8,"<div> <span data-olk-copy-source=""MessageBody"">Com o auxílio de uma aplicação digital, vai construir-se um protótipo de uma casa sustentável feita em cartão, com o objetivo de unir a sustenta...","crianças, famílias",,"artes, ciências",,,38.72248,-9.132614,,,,,,,,
O meu primeiro Santo António,2026-03-28,2026-03-28,Museu de Lisboa - Santo António,"Largo de Santo António da Sé, 22, 1100-171, Lisboa",Lisboa,https://www.agendalx.pt/wp-json/agendalx/v1/events,https://www.agendalx.pt/content/uploads/2022/09/08_OUT_O_meu_primeiro_Santo_Antonio_Jose_Avelar_MuseudeLisboa.jpg,artes,,free,approved,agendalx,76920,https://www.agendalx.pt/wp-json/agendalx/v1/events,fcfc98c66233d09ee4b1aa1043d64d7bcb90664d,"Qual será o destino do seu primeiro Santo António? De cabeça para baixo, de pernas para o ar… ou com um toque completamente inesperado? Aqui, a imaginação é quem manda! Nesta visita-oficina...","+6, crianças, famílias, gratuito",,artes,,,38.710197,-9.134029,www.museudelisboa.pt/pt/nucleos/santo-antonio,218 860 447,,,"equipamento-municipal, museu",santa-maria-maior,,
"Cineastas de bolso, estórias que mexem",2026-03-28,2026-03-28,Cinemateca Portuguesa - Museu do Cinema,"Rua Barata Salgueiro 39, 1250-096, Lisboa",Lisboa,https://www.agendalx.pt/wp-json/agendalx/v1/events,https://www.agendalx.pt/content/uploads/2026/02/Cineastas-de-bolso-scaled.jpeg,cinema,,,approved,agendalx,231400,https://www.agendalx.pt/wp-json/agendalx/v1/events,385de362addebba0e51a14ac4c41e30be3ad5347,"Nesta oficina, a imaginação é o principal motor e cabe inteira na palma da mão. A partir de um simples telemóvel ou máquina fotográfica digital, os participantes são convidados a criar pequen...",crianças,,cinema,,,38.720877,-9.148759,http://www.cinemateca.pt,213 596 200,,,cinema,santo-antonio,,
Palavras com pássaros,2026-03-28,2026-03-29,LU.CA - Teatro Luís de Camões,"Calçada da Ajuda, 80, 1300-015, Lisboa",Lisboa,https://www.agendalx.pt/wp-json/agendalx/v1/events,https://www.agendalx.pt/content/uploads/2026/02/brujuncae-1024x659-1.jpg,literatura,,,approved,agendalx,231744,https://www.agendalx.pt/wp-json/agendalx/v1/events,ae91bf2b53e531ef3a5872f1dd7a2ac03a602a48,"Histórias que rasgam o céu com histórias que voam por dentro de cabeças de vento, pássaros que vivem dentro da nossa cabeça e asas que desenham imaginação. A partir do livro <em>O dia em q...","crianças, famílias",,literatura,,,38.707771,-9.195983,http://www.lucateatroluisdecamoes.pt/,21 593 9100,info@lucateatroluisdecamoes.pt,,,,,
Tralhas d'Ajuda,2026-03-28,2026-03-28,,,Lisboa,https://www.agendalx.pt/wp-json/agendalx/v1/events,https://www.agendalx.pt/content/uploads/2026/03/Imagem1-2.jpg,feiras,,,approved,agendalx,232634,https://www.agendalx.pt/wp-json/agendalx/v1/events,dce79562e15a7e2a023a487d0ae7491c72df4cb3,"A Feira <em>Tralhas D’Ajuda</em> está integrada no projeto “Ecossistemas Nós da Ajuda”, financiado pelo Programa BIP/ZIP. O projeto é promovido pela Locals Approach, em parceria com a Associa...",,,feiras,,,,,,,,,,,,
Dama e o Vagabundo,2026-03-28,2026-03-28,Aula Magna,"Alameda da Universidade, Lisboa",Lisboa,https://www.agendalx.pt/wp-json/agendalx/v1/events,https://www.agendalx.pt/content/uploads/2026/02/0f8dd0227c043af0c1c1338aeb2cee0b679e4af13d3c4f10667505a8318c39b3.jpg,teatro,,,approved,agendalx,231824,https://www.agendalx.pt/wp-json/agendalx/v1/events,65876ef578e1a94a8fe270d2e43607856650ee7e,"A comovente história de Dama, uma cadela de luxo que nunca saíra à rua sozinha e que foi obrigada a fugir de casa da sua dona. Perdida e sem entender bem o que lhe estava a acontecer, conhece o Gan...","crianças, famílias",,teatro,,,38.7528,-9.1562275,,210 113 406,,,auditorio,campo-grande,,
Caça ao Tesouro,2026-03-28,2026-03-28,Museu da Farmácia,"Rua Marechal Saldanha, 1, 1249-069, Lisboa",Lisboa,https://www.agendalx.pt/wp-json/agendalx/v1/events,https://www.agendalx.pt/content/uploads/2026/03/Sem-Titulo-1.png,ciências,,"a:1:{i:0;a:2:{s:5:""value"";s:2:""12"";s:11:""description"";s:12:""participante"";}}",approved,agendalx,232617,https://www.agendalx.pt/wp-json/agendalx/v1/events,eec8cdfeccd98241c7f58a0036e6f1212404017e,"Para celebrar a Páscoa, desafiam-se as crianças a participar numa entusiasmante Caça ao Tesouro, que as vai conduzir pelo Museu. Nos lugares mais inimagináveis, podem surgir pistas para encontrare...","crianças, famílias",,ciências,,,38.7100709,-9.1471278,http://www.museudafarmacia.pt,213 400 600,,,museu,misericordia,,
Conseguimos ser felizes,2026-03-28,2026-03-29,LU.CA - Teatro Luís de Camões,"Calçada da Ajuda, 80, 1300-015, Lisboa",Lisboa,https://www.agendalx.pt/wp-json/agendalx/v1/events,https://www.agendalx.pt/content/uploads/2026/02/play-marco-1024x576-1.jpg,cinema,,,approved,agendalx,231738,https://www.agendalx.pt/wp-json/agendalx/v1/events,5ee13ddfaded51648af973d480ca99d85950db0f,"Há quem tire tantas selfies que até desaparece, quem passe o Verão a inventar histórias com as amigas e até quem encontre sapos de loiça que têm muito para dizer sobre o que é justo e o que é...","crianças, famílias",,cinema,,,38.707771,-9.195983,http://www.lucateatroluisdecamoes.pt/,21 593 9100,info@lucateatroluisdecamoes.pt,,,,,
"Livrinho, mostra-me o caminho",2026-03-28,2026-03-28,Auditório da Biblioteca Orlando Ribeiro,"Antigo Solar da Nora, Estrada de Telheiras, 146, 1600-598, Lisboa",Lisboa,https://www.agendalx.pt/wp-json/agendalx/v1/events,https://www.agendalx.pt/content/uploads/2026/02/img-20251121-wa0044-1398x1095-800x627-1.jpg,teatro,,"a:1:{i:0;a:1:{s:5:""value"";s:1:""8"";}}",approved,agendalx,231821,https://www.agendalx.pt/wp-json/agendalx/v1/events,622535bd9218094a12416c9238ad1e1555ed5894,"Ao som do acordeão ao vivo, os atores vão abrir o livro e as personagens ganham vida. O palhaço Zé vai viver muitas aventuras: vai à floresta e à cidade, fica pobre e fica rico, conhece um palá...","crianças, famílias",,teatro,,,38.759834,-9.169052,http://jf-lumiar.pt/,217 541 350,,,"auditorio, equipamento-municipal",lumiar,,
Sven Jungbeck,2026-03-28,2026-03-28,Fábrica Braço de Prata,"Rua da Fábrica do Material de Guerra, 1, 1950-128, Lisboa",Lisboa,https://www.agendalx.pt/wp-json/agendalx/v1/events,https://www.agendalx.pt/content/uploads/2026/03/Sven-Jungbeck-at-Django-Portugal-3.4-e1772553192583.png,música,,,approved,agendalx,232306,https://www.agendalx.pt/wp-json/agendalx/v1/events,8ecc5f4dc5f2a74d1e4a3a8678f63afaa56909ed,"No dia 28 de março, a Fábrica Braço de Prata recebe a<span data-olk-copy-source=""MessageBody""> anteestreia do Festival Django Portugal com a presença do</span><span data-olk-copy-source=""MessageBo...",gypsy jazz,,música,,,38.743607,-9.101364,www.fabricabracodeprata.com,930 497 484,geralFBP@gmail.com,,"bar, restaurante",marvila,,
João Xavier,2026-03-28,2026-03-28,Museu do Oriente,"Avenida Brasília, Doca de Alcântara, 1350-279, Lisboa",Lisboa,https://www.agendalx.pt/wp-json/agendalx/v1/events,https://www.agendalx.pt/content/uploads/2026/02/joao-xavier.png,música,,"a:1:{i:0;a:1:{s:5:""value"";s:2:""15"";}}",approved,agendalx,231098,https://www.agendalx.pt/wp-json/agendalx/v1/events,6195f7fcbfd998216a36b41b2c49bf87ad8d35d8,"O pianista João Xavier apresenta um recital de piano no Museu do Oriente . <p style=""padding-left: 40px;""><strong>Programa</strong> <strong>C. Debussy</strong> (1862-1918) <em>Estampes</em> <stro...",piano,,música,,,38.702868,-9.170792,https://www.foriente.pt/,213 585 200,,,museu,alcantara,,
Ana Sofia Varela,2026-03-28,2026-03-28,Centro Cultural de Belém,"Praça do Império, 1449-003, Lisboa",Lisboa,https://www.agendalx.pt/wp-json/agendalx/v1/events,https://www.agendalx.pt/content/uploads/2026/02/Ana-Sofia-Varela_Alfredo-Matos.jpg,música,,"a:1:{i:0;a:1:{s:5:""value"";s:10:""5 € a 25"";}}",approved,agendalx,231151,https://www.agendalx.pt/wp-json/agendalx/v1/events,56caf9a0089018a9248a7125c3faea308da83183,"Fadista de voz singular e presença marcante, Ana Sofia Varela regressa aos palcos com um novo trabalho que celebra a mulher e a guitarra portuguesa. Neste concerto no Centro Cultural de Belém, a ar...",fado,,música,,,38.696435,-9.208603,http://www.ccb.pt,213 612 400,,,centro-cultural,belem,,
Harry Potter e a Pedra Filosofal,2026-03-28,2026-03-28,Sagres Campo Pequeno,"Centro de Lazer Campo Pequeno, Torreão Sul, 1050-026, Lisboa",Lisboa,https://www.agendalx.pt/wp-json/agendalx/v1/events,https://www.agendalx.pt/content/uploads/2026/01/banner_1200x630px_HP1.jpg,"cinema, música",,"a:1:{i:0;a:1:{s:5:""value"";s:12:""35 € a 100"";}}",approved,agendalx,229689,https://www.agendalx.pt/wp-json/agendalx/v1/events,c53651d77e91730572a783aab17635513bde9312,"No dia 28 de março<span data-olk-copy-source=""MessageBody"">, a Orquestra Filarmonia das Beiras irá tocar, na íntegra, as músicas da banda sonora de <em>Harry Potter e a Pedra Filosofal.</em> O con...","bandas sonoras, crianças, famílias",,"cinema, música",,,38.742575,-9.14793,http://www.campopequeno.com,217 998 450,,,centro-cultural,avenidas-novas,,
Ensaio Aberto: O fim da História Humana,2026-03-28,2026-03-28,Escola do Largo,"Largo do Chiado, 15, 1200-108, Lisboa",Lisboa,https://www.agendalx.pt/wp-json/agendalx/v1/events,https://www.agendalx.pt/content/uploads/2026/03/O-fim-da-historia.jpg,teatro,,"a:1:{i:0;a:2:{s:5:""value"";s:2:""12"";s:11:""description"";s:41:""preço normal (ver descontos aplicáveis)"";}}",approved,agendalx,232291,https://www.agendalx.pt/wp-json/agendalx/v1/events,d465b1da460d8c2c12023d4842d63060d3a3765c,"Este espetáculo ""parte da relação cénica entre três atores e um encenador experiente, para perspetivar o poder instituído e explorar um dos principais desafios colocados pela contemporaneidade:...",,,teatro,,,38.710379,-9.142708,www.escoladolargo.com,,geral@escoladolargo.com,,academia,santa-maria-maior,,
Descobrir o Mosteiro,2026-03-29,2026-03-29,Igreja e Mosteiro de São Vicente de Fora,"Largo de São Vicente, 1100-571, Lisboa",Lisboa,https://www.agendalx.pt/wp-json/agendalx/v1/events,https://www.agendalx.pt/content/uploads/2019/05/Mosteiro.jpg,visitas guiadas,,,approved,agendalx,15002,https://www.agendalx.pt/wp-json/agendalx/v1/events,7d5e8cf372879d1e1a240aba79b7dee5fa8a3bbe,"O Mosteiro de São Vicente, Imóvel de Interesse Público (não abrange a cerca), hoje sede do Patriarcado de Lisboa, guarda uma das mais belas coleções azulejares oitocentista do Mundo, destacando-...",,,visitas guiadas,,,38.714777,-9.128426,,218 885 652,museu@patriarcado-lisboa.pt,,,sao-vicente,,
Passear na Lisboa do Zé,2026-03-29,2026-03-29,Museu Bordalo Pinheiro,"Campo Grande, 382, 1700-097, Lisboa",Lisboa,https://www.agendalx.pt/wp-json/agendalx/v1/events,https://www.agendalx.pt/content/uploads/2020/12/ze-povinho_-bordalo-scaled-e1732196079937.jpg,visitas guiadas,,"a:1:{i:0;a:1:{s:5:""value"";s:1:""5"";}}",approved,agendalx,217368,https://www.agendalx.pt/wp-json/agendalx/v1/events,aa75e4a6ef16240c2c7d40e390986e92d1a483d5,Em cada rua de Lisboa há inúmeros trilhos por explorar: paisagem urbana e camadas de histórias que nos mostram quem somos. Bordalo foi um lisboeta de gema e foi aqui que viveu e trabalhou. No seu t...,ar livre,,visitas guiadas,,,38.758853,-9.154189,http://museubordalopinheiro.pt,215 818 540,,,museu,alvalade,,
Cinema de Animação,2026-03-29,2026-03-29,Museu da Marioneta,"Rua da Esperança, 146, 1200-660 Lisboa, Lisboa",Lisboa,https://www.agendalx.pt/wp-json/agendalx/v1/events,https://www.agendalx.pt/content/uploads/2026/03/santo-aleixo.png,cinema,,"a:1:{i:0;a:2:{s:5:""value"";s:2:""10"";s:11:""description"";s:17:""adulto + criança"";}}",approved,agendalx,232195,https://www.agendalx.pt/wp-json/agendalx/v1/events,0ac2044ad526251f1010a1891624896be07e461d,"Como se animam as marionetas no cinema de animação? Inspirados nas personagens da exposição temporária do festival <em>Monstra</em>, os pequenos realizadores vão descobrir os bastidores do cine...","crianças, famílias",,cinema,,,38.707972,-9.155776,http://www.museudamarioneta.pt,213 942 810,,,museu,estrela,,
Mărțișor – Festa Da Primavera,2026-03-29,2026-03-29,Parque dos Moinhos de Santana,"Rua Tristão Vaz, 22, Lisboa",Lisboa,https://www.agendalx.pt/wp-json/agendalx/v1/events,https://www.agendalx.pt/content/uploads/2026/01/Martisor-e1769527368312.jpg,feiras,,free,approved,agendalx,229855,https://www.agendalx.pt/wp-json/agendalx/v1/events,b0f24e7a074882381a3af2b92b5810f4f8c9d1da,"<span data-olk-copy-source=""MessageBody"">A Junta de Freguesia de Belém, em parceria com a Școala Românească Lisabona, celebra o Mărțișor, uma tradição romena ancestral que assinala a chegada...","ar livre, crianças, famílias, gratuito",,feiras,,,38.707918,-9.205754,,,,,,,,
Bateu Matou,2026-03-29,2026-03-29,Casa Capitão,"Rua do Grilo, 119, 1950-144, Lisboa",Lisboa,https://www.agendalx.pt/wp-json/agendalx/v1/events,https://www.agendalx.pt/content/uploads/2026/02/HMM9551.jpg,música,,"a:2:{i:0;a:2:{s:5:""value"";s:5:""19,50"";s:11:""description"";s:14:""bilhete normal"";}i:1;a:2:{s:5:""value"";s:4:""5,50"";s:11:""description"";s:9:""6-12 anos"";}}",approved,agendalx,231793,https://www.agendalx.pt/wp-json/agendalx/v1/events,14a05dafff213b11b7ad9d0a8f554c0b2a26e4d3,"<p data-olk-copy-source=""MessageBody"">Depois do sucesso da primeira edição de <em>O Nosso Baile</em>, os Bateu Matou anunciam uma segunda edição. No dia 29 de março, a Casa Capitão volta a en...","bateu matou, dj set, música portuguesa, percussão",,música,,,38.730887,-9.10728,https://casa-capitao.com,,,,centro-cultural,,,
Os Tubarões,2026-03-29,2026-03-29,Lisboa ao Vivo,"Av. Marechal Gomes da Costa, nº 29 B1, 1800-255, Lisboa",Lisboa,https://www.agendalx.pt/wp-json/agendalx/v1/events,https://www.agendalx.pt/content/uploads/2026/02/os-tubaroes.png,música,,"a:1:{i:0;a:1:{s:5:""value"";s:11:""30 € a 40"";}}",approved,agendalx,232027,https://www.agendalx.pt/wp-json/agendalx/v1/events,363ed876df90adfb925c104669319ef8a6e7e560,"Formados em 1969, na cidade da Praia, Os Tubarões são muito mais do que uma banda, são um símbolo identitário, um movimento cultural e uma das formações mais influentes da história da música...",música cabo-verdiana,,música,,,38.75056,-9.105413,https://lisboaaovivo.com/,967 089 462,,,,,,
Luísa Pereira da Fonseca,2026-03-30,2026-04-29,Atmosfera M,"Rua Castilho, 5, 1250-096, Lisboa",Lisboa,https://www.agendalx.pt/wp-json/agendalx/v1/events,https://www.agendalx.pt/content/uploads/2026/03/ENTROPIA_Luisa-Pereira-da-Fonseca.jpg,artes,,,approved,agendalx,232618,https://www.agendalx.pt/wp-json/agendalx/v1/events,add929c747cbc85482e1a5c28aba640f03394056,"A mostra propõe uma reflexão visual e poética sobre a arquitetura do Cosmos e as forças fundamentais que regem a existência. Nesta série, a artista explora o conceito de Espaço-Tempo, transform...",,,artes,,,38.723985,-9.152598,https://www.montepio.org/vantagens-montepio/atmosfera-m/,210 002 730,,,associacao,santo-antonio,,
Lisboa/Budapeste 2026,2026-03-31,2026-03-31,Divisão de Ação Cultural da CML,"Rua da Boavista, 9, 1200-066 Lisboa, Lisboa",Lisboa,https://www.agendalx.pt/wp-json/agendalx/v1/events,https://www.agendalx.pt/content/uploads/2026/02/Room-broken-hearts-anushka-apaixonarte-FB-event-02-1.jpg,artes,,,approved,agendalx,231304,https://www.agendalx.pt/wp-json/agendalx/v1/events,cc0453eef583d8066801df374fdbbcd526002af4,"A Direção Municipal de Cultura do Município de Lisboa abre candidaturas para residências artísticas nas áreas das artes plásticas e visuais, a realizar em Budapeste, de 1 a 30 de junho e de 1 a...",concurso,,artes,,,38.708576,-9.147981,,218 170 900,,,instituicao,,,
"ANIM, 30 anos",2026-03-31,2026-03-31,Cinemateca Portuguesa - Museu do Cinema,"Rua Barata Salgueiro 39, 1250-096, Lisboa",Lisboa,https://www.agendalx.pt/wp-json/agendalx/v1/events,https://www.agendalx.pt/content/uploads/2026/02/image-w1280.webp,cinema,,,approved,agendalx,231938,https://www.agendalx.pt/wp-json/agendalx/v1/events,7dfba6f331dd0e84b20111481d79b86cf0e78157,"<em>Terceira etapa do programa dedicado aos 30 anos do Arquivo Nacional das Imagens em Movimento, abordamos aqui uma das componentes de cooperação internacional desenvolvidas pela Cinemateca: </em>L...",,,cinema,,,38.720877,-9.148759,http://www.cinemateca.pt,213 596 200,,,cinema,santo-antonio,,
Hans Zimmer,2026-03-31,2026-04-01,MEO Arena,"Rossio dos Olivais - Parque das Nações, 1990-231, Lisboa",Lisboa,https://www.agendalx.pt/wp-json/agendalx/v1/events,https://www.agendalx.pt/content/uploads/2023/04/hans-zimmer.png,música,,"a:1:{i:0;a:1:{s:5:""value"";s:12:""60 € a 300"";}}",approved,agendalx,229676,https://www.agendalx.pt/wp-json/agendalx/v1/events,f2e4cee5f64e14b7a596582f9c0bd928ed49b409,"Hans Zimmer regressa a Lisboa em dose dupla, com novo espetáculo, <em>The Next Level</em>, onde os fãs poderão ouvir os grandes êxitos musicais do cinema. Trata-se de um conceito completamente no...",bandas sonoras,,música,,,38.767571,-9.094552,arena.meo.pt,,,,auditorio,olivais,,
After Moonlight,2026-04-01,2026-04-03,Tasca das Artes,"Rua Professor Celestino da Costa, 6A, 1170-322, Lisboa",Lisboa,https://www.agendalx.pt/wp-json/agendalx/v1/events,https://www.agendalx.pt/content/uploads/2026/02/after.jpg,teatro,,,approved,agendalx,231877,https://www.agendalx.pt/wp-json/agendalx/v1/events,46104db7c5386f46fb94d3a19ccb8ebeee62f8b3,Baseada no clássico de Eugene O’Neill <em>A Moon for the Misbegotten</em> surge como uma peça intensa para dois atores sobre dois amigos de longa data e potenciais amantes que se encontram num bar...,,,teatro,,,38.726169,-9.127889,https://tascadasartes.pt/,936 946 845,,,,,,
A Cerimónia,2026-04-01,2026-04-01,Teatro Maria Matos,"Avenida Frei Miguel Contreiras, 52, 1700-081, Lisboa",Lisboa,https://www.agendalx.pt/wp-json/agendalx/v1/events,https://www.agendalx.pt/content/uploads/2026/02/DR-LOVE.jpeg,stand up comedy,,"a:1:{i:0;a:1:{s:5:""value"";s:2:""20"";}}",approved,agendalx,231639,https://www.agendalx.pt/wp-json/agendalx/v1/events,ff8ccee2d5d85c8e168750e40c253a0b20599dc7,"<em>Dr. Love entra em modo cerimónia para o grande evento matrimonial, com direito a véu, grinalda, bouquet e ilustres convidados que irão apadrinhar a boda e ajudar-nos a responder, em tempo real,...",+16,,stand up comedy,,,38.74595,-9.138745,http://www.teatromariamatos.pt,218 438 800,,,teatro,alvalade,,
Sr. Engenheiro - alegadamente um musical,2026-04-01,2026-04-12,Teatro Tivoli BBVA,"Avenida da Liberdade, 182 A, 1250-146, Lisboa",Lisboa,https://www.agendalx.pt/wp-json/agendalx/v1/events,https://www.agendalx.pt/content/uploads/2026/01/sr-engenheiro.jpg,teatro,,"a:1:{i:0;a:1:{s:5:""value"";s:13:""20€ a 37,50"";}}",approved,agendalx,228509,https://www.agendalx.pt/wp-json/agendalx/v1/events,c9cf8ae40d2d55108aa3d5b39f06adb2927641bf,"Esta é a história de um antigo primeiro-ministro, desde os seus modestos começos nas Beiras até à sua vida em Paris. Pelo caminho, há um melhor amigo muito generoso, uma assessora que acredit...","+14, artur guimarães, Rui Melo, teatro musical",,teatro,,,38.720237,-9.145005,https://www.teatrotivolibbva.pt,213 151 050,,,teatro,santo-antonio,,
Isto é uma exposição?,2026-04-02,2026-04-24,Biblioteca Camões,"Largo do Calhariz, 17 -1º Esq, 1200-086, Lisboa",Lisboa,https://www.agendalx.pt/wp-json/agendalx/v1/events,https://www.agendalx.pt/content/uploads/2026/03/Sara-Batista.png,artes,,free,approved,agendalx,232816,https://www.agendalx.pt/wp-json/agendalx/v1/events,bf917aac54a7dafbcf262f7e52b27702689e38d3,"Sim, são livros. Mas antes de existirem como objeto - com capa, texto e imagens - os livros começam muito antes. Nascem de uma ideia. E uma ideia pode surgir de qualquer lugar: de um olhar, de um ge...","crianças, famílias, gratuito, jovens",,artes,,,38.71081,-9.146063,http://blx.cm-lisboa.pt/,218 172 360,bib.camoes@cm-lisboa.pt,,"biblioteca, equipamento-municipal",misericordia,,
A Mão do Senhor,2026-04-02,2026-04-05,Igreja de São João Baptista do Lumiar,"Largo São João Baptista 1, 1600-483, Lisboa",Lisboa,https://www.agendalx.pt/wp-json/agendalx/v1/events,https://www.agendalx.pt/content/uploads/2025/12/mds-01-8.jpg,teatro,,"a:1:{i:0;a:1:{s:5:""value"";s:2:""10"";}}",approved,agendalx,228279,https://www.agendalx.pt/wp-json/agendalx/v1/events,9e7c873cb2a4d516445eeede633ff4e0429fc608,"<em>Uma carrinha funerária avança pela noite de Lisboa.</em> <em>Lá dentro, os atores Elmano Sancho e Mónica Calle partilham um espaço que não lhes pertence — o lugar onde viaja quem já não...","+12, Elmano Sancho, Mónica Calle",,teatro,,,38.774589,-9.165326,,,,,monumento,lumiar,,
Sweeney Todd - o cruel barbeiro da Rua Fleet,2026-04-02,2026-05-03,Teatro Armando Cortez,"Estrada da Pontinha, 7, 1600-582, Lisboa",Lisboa,https://www.agendalx.pt/wp-json/agendalx/v1/events,https://www.agendalx.pt/content/uploads/2026/02/Sweeney-Todd.jpg,teatro,,"a:1:{i:0;a:1:{s:5:""value"";s:11:""25 € a 35"";}}",approved,agendalx,231643,https://www.agendalx.pt/wp-json/agendalx/v1/events,deead03008c493b23042a13d2b3ab11c074e3755,"Benjamin Barker, um homem injustamente preso, retorna a Londres sob o nome de Sweeney Todd. Barbeiro de profissão, tenta a sua vingança contra o juiz corrupto Turpin, que lhe destruiu a família. Pa...","+14, Lisbon Film Orchestra, Stephen Sondheim, teatro musical",,teatro,,,38.760374,-9.192229,http://www.casadoartista.net,217 110 895,,,teatro,carnide,,
Rei Lear,2026-04-03,2026-04-26,Teatro do Bairro,"Rua Luz Soriano, 63, 1200-109, Lisboa",Lisboa,https://www.agendalx.pt/wp-json/agendalx/v1/events,https://www.agendalx.pt/content/uploads/2026/03/rei-lear.jpg,teatro,,"a:2:{i:0;a:2:{s:5:""value"";s:2:""15"";s:11:""description"";s:41:""preço normal (ver descontos aplicáveis)"";}i:1;a:2:{s:5:""value"";s:1:""8"";s:11:""description"";s:42:""dia do espectador (quarta) - preço único"";}}",approved,agendalx,232768,https://www.agendalx.pt/wp-json/agendalx/v1/events,182a714a37a26865ed48e777377f307844a5b016,"Um dos textos maiores de William Shakespeare, <em>Rei Lear</em> conta a história de um monarca envelhecido que decide dividir o reino entre as três filhas, esperando retirar-se do governo, mas conse...","+12, Álvaro Cunhal, António Pires, William Shakespeare",,teatro,,,38.712259,-9.14578,http://www.teatrodobairro.org,213 473 358,,,teatro,misericordia,,
Mercado de Trocas,2026-04-04,2026-12-05,Biblioteca Camões,"Largo do Calhariz, 17 -1º Esq, 1200-086, Lisboa",Lisboa,https://www.agendalx.pt/wp-json/agendalx/v1/events,https://www.agendalx.pt/content/uploads/2026/01/Mercado-de-Trocas.jpg,feiras,,free,approved,agendalx,229173,https://www.agendalx.pt/wp-json/agendalx/v1/events,45ece9f7d8491397aad6b121968ef79eb921d9cb,"Esta iniciativa, de cariz social e ambiental, visa promover a economia circular permitindo a troca de bens usados e em bom estado. Esta prática incentiva a reutilização, reduz o desperdício e mini...",gratuito,,feiras,,,38.71081,-9.146063,http://blx.cm-lisboa.pt/,218 172 360,bib.camoes@cm-lisboa.pt,,"biblioteca, equipamento-municipal",misericordia,,
Ibrahim Maalouf,2026-04-04,2026-04-04,Coliseu dos Recreios,"Rua das Portas de Santo Antão, 96, 1150-269 Lisboa, Lisboa",Lisboa,https://www.agendalx.pt/wp-json/agendalx/v1/events,https://www.agendalx.pt/content/uploads/2026/03/IBRAHIM-MAALOUF.jpeg,música,,"a:1:{i:0;a:1:{s:5:""value"";s:12:""40 € a 120"";}}",approved,agendalx,232668,https://www.agendalx.pt/wp-json/agendalx/v1/events,9b65f8293472ce0dbcc241c996906fe7ecb6f5ac,"O trompetista franco-libanês Ibrahim Maalouf regressa a Portugal com <em>T.O.M.A – Trumpets of Michel-Ange</em>, um espetáculo que é mais do que um concerto: é um manifesto artístico, uma t...",trompete,,música,,,38.716506,-9.140548,www.coliseulisboa.com,+351 213 240 585,,"↓
Atendimento e bilheteiras das 13h00 às 19:00 de segunda a sexta.
Dias de espectáculo abertura 13h00, encerramento 30 minutos após o início do mesmo.",auditorio,santa-maria-maior,,
Visita aos Paços do Concelho,2026-04-05,2026-12-06,Paços do Concelho,"Praça do Município, Lisboa",Lisboa,https://www.agendalx.pt/wp-json/agendalx/v1/events,https://www.agendalx.pt/content/uploads/2018/07/pacos_concelho.jpg,visitas guiadas,,free,approved,agendalx,3017,https://www.agendalx.pt/wp-json/agendalx/v1/events,4b9c400cc63417de1d701a82bdceb377954a5563,"O edifício dos Paços do Concelho, para além do seu valor arquitetónico e artístico, reflete a imagem de Lisboa e de Portugal Liberal, Regenerador e Republicano. Importantes acontecimentos da noss...",gratuito,,visitas guiadas,,,38.7080622,-9.1395123,http://www.cm-lisboa.pt,213 236 200,,,,santa-maria-maior,,
Caça aos ovos no Castelo,2026-04-05,2026-04-05,Castelo de São Jorge,"Rua de Santa Cruz do Castelo, 1100-129, Lisboa",Lisboa,https://www.agendalx.pt/wp-json/agendalx/v1/events,https://www.agendalx.pt/content/uploads/2026/02/Caca_aos_ovos©Jose-Frade.jpg,ciências,,,approved,agendalx,231963,https://www.agendalx.pt/wp-json/agendalx/v1/events,0b32c72dbe24734761becbec7d64cd72b1822185,"No domingo de Páscoa, o Castelo de São Jorge convida as famílias a participar numa caça aos ovos muito especial. Através de um mapa e de um conjunto de desafios, cada família percorre diferentes...","+4, crianças, famílias",,ciências,,,38.712873,-9.132801,http://www.castelodesaojorge.pt,218 800 620,,,"equipamento-municipal, monumento",santa-maria-maior,,
Percurso Secreto,2026-04-05,2026-12-06,"MAAT - Museu de Arte, Arquitetura e Tecnologia","Avenida de Brasília, Central Tejo, 1300-598, Lisboa",Lisboa,https://www.agendalx.pt/wp-json/agendalx/v1/events,https://www.agendalx.pt/content/uploads/2020/06/percurso-secreto.jpg,visitas guiadas,,"a:1:{i:0;a:1:{s:5:""value"";s:2:""15"";}}",approved,agendalx,28792,https://www.agendalx.pt/wp-json/agendalx/v1/events,f3faffdaa5680ac2a86e7131f8f8f17a6f2fc835,"O <a href=""https://maat.pt/pt/event/visita-guiada-percurso-secreto"" target=""_blank"" rel=""noopener"">Percurso Secreto</a> desafia os visitantes e conhecerem as zonas da Central Tejo habitualmente fechad...",,,visitas guiadas,,,38.695911,-9.195691,http://www.maat.pt,210 028 190,,"De quarta a segunda, das 10h às 19h",museu,alcantara,,
Ponto de Partida,2026-04-06,2026-05-06,Teatro Aberto,"R. Armando Cortez, 1050-107, Lisboa",Lisboa,https://www.agendalx.pt/wp-json/agendalx/v1/events,https://www.agendalx.pt/content/uploads/2025/10/Ponto-de-Partida-Monica-Garnel-e1760627608628.jpg,ciências,,free,approved,agendalx,223148,https://www.agendalx.pt/wp-json/agendalx/v1/events,bd9ffe398719945c4f53a89bb3ba674ebd820f45,"Na temporada 2025-2026, o DESCOLA reforça o compromisso com a comunidade escolar, promovendo o diálogo entre arte e educação e incentivando o desenvolvimento de competências criativas e críticas...","atividades pedagógicas, conversa, gratuito",,ciências,,,38.736412,-9.158494,http://www.teatroaberto.com,213 880 086,,,"equipamento-municipal, teatro",avenidas-novas,,
O amor é fodid*,2026-04-07,2026-04-08,Teatro Maria Matos,"Avenida Frei Miguel Contreiras, 52, 1700-081, Lisboa",Lisboa,https://www.agendalx.pt/wp-json/agendalx/v1/events,https://www.agendalx.pt/content/uploads/2026/02/O_AMOR_E_FODIDO.jpeg,teatro,,"a:1:{i:0;a:1:{s:5:""value"";s:2:""18"";}}",approved,agendalx,231646,https://www.agendalx.pt/wp-json/agendalx/v1/events,ecf59356245bd1824a438c35e0790bde0aade993,"<em>Com um toque de humor negro, o espetáculo em que o stand-up e o teatro de personagem se misturam, sobre um tema transversal no tempo como é o “amor” para um público adulto. Será a visão d...","+18, Companhia João Garcia Miguel, Miguel Esteves Cardoso",,teatro,,,38.74595,-9.138745,http://www.teatromariamatos.pt,218 438 800,,,teatro,alvalade,,
Rosalía,2026-04-08,2026-04-09,MEO Arena,"Rossio dos Olivais - Parque das Nações, 1990-231, Lisboa",Lisboa,https://www.agendalx.pt/wp-json/agendalx/v1/events,https://www.agendalx.pt/content/uploads/2025/12/rosalia-e1764875102918.png,música,,,approved,agendalx,226861,https://www.agendalx.pt/wp-json/agendalx/v1/events,0e51ee8899c01e7328fabcfcb4c2dafae27c9382,"A cantora, compositora e produtora Rosalía, vencedora de prémios GRAMMY®, anuncia a sua maior digressão como cabeça de cartaz até à data — a <em>Lux Tour 2026</em>, que inclui 42 concertos em...",pop,,música,,,38.767571,-9.094552,arena.meo.pt,,,,auditorio,olivais,,
Os contratos do comerciante,2026-04-08,2026-04-12,São Luiz Teatro Municipal,"Rua António Maria Cardoso, 38, 1200-026, Lisboa",Lisboa,https://www.agendalx.pt/wp-json/agendalx/v1/events,https://www.agendalx.pt/content/uploads/2026/02/aueeeu-jelinek2.jpg,teatro,,"a:1:{i:0;a:2:{s:5:""value"";s:2:""12"";s:11:""description"";s:41:""preço normal (ver descontos aplicáveis)"";}}",approved,agendalx,231649,https://www.agendalx.pt/wp-json/agendalx/v1/events,b983f780039792b0dfe6bdef97af112b7d1ad3ff,"<em>Os pequenos investidores lamuriam tudo o que perderam e as figuras sem nome e sem cara do setor financeiro conspiram contra eles, cidadãos comuns, caídos, por culpa própria nas malhas dos pode...","coletivo auéééu, Elfriede Jelinek",,teatro,,,38.7089341,-9.1424961,http://www.teatrosaoluiz.pt,213 257 640,,,teatro,misericordia,,
Mohamed Ahmed Ibrahim,2026-04-09,2026-06-06,Perve Galeria,"Rua das Escolas Gerais, 17, 1100-213, Lisboa",Lisboa,https://www.agendalx.pt/wp-json/agendalx/v1/events,https://www.agendalx.pt/content/uploads/2026/03/MAI042.jpg,artes,,,approved,agendalx,232798,https://www.agendalx.pt/wp-json/agendalx/v1/events,dea5beb7510924edd60b694bff51e30f031418aa,"A Perve Galeria inaugura em abril <em>Sarab</em>, a primeira parte do tríptico <em>And Thus He Crossed Over</em>, um projeto artístico e curatorial desenvolvido pelo artista Mohamed Ahmed Ibrahim e...","escultura, instalação",,artes,,,38.713546,-9.128725,http://www.pervegaleria.eu,218 822 607,,,galeria,santa-maria-maior,,
Torrente,2026-04-09,2026-04-19,ZDB 8 Marvila,"Praça David Leandro da Silva, 2, 1950-131",Lisboa,https://www.agendalx.pt/wp-json/agendalx/v1/events,https://www.agendalx.pt/content/uploads/2026/03/Torrente_Teatro-do-Vestido_acervo-A.A.Costa-site.png,teatro,,,approved,agendalx,232437,https://www.agendalx.pt/wp-json/agendalx/v1/events,8a8c5bab2ee75da217ef132acc23cc19dec2616e,"<em>Não temos a certeza de tudo já ter sido dito e escrito sobre o processo</em> <em>revolucionário de 1974-75 em Portugal.</em> <em>Momento ímpar na história mundial, esta torrente de acções...","Joana Craveiro, Teatro do Vestido",,teatro,,,38.742729,-9.102256,https://zedosbois.org/,,,,teatro,marvila,,
Antes que canalha caia em desuso,2026-04-09,2026-04-12,Clube Estefânia,"Rua Alexandre Braga, 24A, 1000-232, Lisboa",Lisboa,https://www.agendalx.pt/wp-json/agendalx/v1/events,https://www.agendalx.pt/content/uploads/2026/02/antes-que.jpg,teatro,,"a:1:{i:0;a:2:{s:5:""value"";s:5:""12,50"";s:11:""description"";s:41:""preço normal (ver descontos aplicáveis)"";}}",approved,agendalx,231123,https://www.agendalx.pt/wp-json/agendalx/v1/events,60f6e0133f78e83235cacd713ea00c2ad091bd96,"(...) ""Um corpo mais ou menos concreto numa sala, que é uma máquina de lavar, que é uma ilha, que é um espaço onde habita um coro. O mundo lá fora não interessa, ou vai deixar de interessar mui...","+16, Mário Coelho",,teatro,,,38.730762,-9.139897,http://www.escolademulheres.com,915 039 566,"Informações e reservas (3ª a dom. das 15h às 20h)
geral@escolademulheres.com",,"centro-cultural, livraria, organizacao",arroios,,
Noites de Impro,2026-04-09,2026-05-14,Com Calma Espaço Cultural,"Rua República da Bolívia n.º5 C, 1500-543, Lisboa",Lisboa,https://www.agendalx.pt/wp-json/agendalx/v1/events,https://www.agendalx.pt/content/uploads/2025/07/ImproMix.jpg,teatro,,"a:1:{i:0;a:1:{s:5:""value"";s:1:""5"";}}",approved,agendalx,218534,https://www.agendalx.pt/wp-json/agendalx/v1/events,8ae2f69215128ded35d47786c3e7db0127f6c5e5,Os espetáculos de improviso do grupo Impromix consistem numa sequência de jogos que têm como objetivo colocar os improvisadores em situações desafiantes ao longo do espetáculo. Através de suges...,"+16, comédia, teatro de improviso",,teatro,,,38.75224,-9.198786,,,,,,,,
Presença Portuguesa na Ásia,2026-04-10,2026-12-11,Museu do Oriente,"Avenida Brasília, Doca de Alcântara, 1350-279, Lisboa",Lisboa,https://www.agendalx.pt/wp-json/agendalx/v1/events,https://www.agendalx.pt/content/uploads/2024/01/9bc988238f3a3e34420e2f7d1e5677239b4a0c1d.jpg,visitas guiadas,,"a:1:{i:0;a:1:{s:5:""value"";s:1:""6"";}}",approved,agendalx,184467,https://www.agendalx.pt/wp-json/agendalx/v1/events,b259e6320854139020d0795eb1e5080ced8d3e00,"A estranheza primeiro e a curiosidade depois: foram estes os ingredientes do diálogo intercultural entre Oriente e Ocidente, e que se reflectiu na arte de ambos os hemisférios. Ao longo das rotas...",,,visitas guiadas,,,38.702868,-9.170792,https://www.foriente.pt/,213 585 200,,,museu,alcantara,,
Edmundo Inácio,2026-04-10,2026-04-10,Casa Capitão,"Rua do Grilo, 119, 1950-144, Lisboa",Lisboa,https://www.agendalx.pt/wp-json/agendalx/v1/events,https://www.agendalx.pt/content/uploads/2026/03/edmundo-inacio.png,música,,"a:1:{i:0;a:1:{s:5:""value"";s:2:""13"";}}",approved,agendalx,232735,https://www.agendalx.pt/wp-json/agendalx/v1/events,746f432a87962a97ae4c0000ea9725b73057b88d,"Edmundo Inácio leva à Casa Capitão a digressão <em>Tour pelos Clubes Cá da Terra</em>. A <em>tournée</em> surge no seguimento do lançamento do seu mais recente single, <em>Terra</em>, e serve...",música portuguesa,,música,,,38.730887,-9.10728,https://casa-capitao.com,,,,centro-cultural,,,
Oficina do Carmo,2026-04-11,2026-05-16,Ruínas e Museu Arqueológico do Carmo,"Largo do Carmo, 1200-092, Lisboa",Lisboa,https://www.agendalx.pt/wp-json/agendalx/v1/events,https://www.agendalx.pt/content/uploads/2026/02/Imagem-de-divulgacao1-scaled.jpg,,,"a:1:{i:0;a:1:{s:5:""value"";s:2:""15"";}}",approved,agendalx,231786,https://www.agendalx.pt/wp-json/agendalx/v1/events,a95bdfeb41de91a0040c4f7d0f32b4b4ea7cb109,"<span data-olk-copy-source=""MessageBody"">A Associação dos Arqueólogos Portugueses e a Pre &amp; Historic Skills convidam todos os interessados a fazer uma nova viagem didática pelas coleções do...","crianças, famílias, jovens",,,,,38.711855,-9.141009,www.museuarqueologicodocarmo.pt,21 347 86 29/ 21 346 04 73 / 93 255 96 36,servicoeducativo@arqueologos.pt,,museu,,,
A Quinta dos Animais,2026-04-11,2026-04-19,LU.CA - Teatro Luís de Camões,"Calçada da Ajuda, 80, 1300-015, Lisboa",Lisboa,https://www.agendalx.pt/wp-json/agendalx/v1/events,https://www.agendalx.pt/content/uploads/2026/03/a-quinta-dos-animais-lu.ca-manuel-lino-41-1024x683-1.jpg,teatro,,,approved,agendalx,232180,https://www.agendalx.pt/wp-json/agendalx/v1/events,594f4e6e421f3c591b84023aa49a03d4ce277ca9,"Publicado em 1945, “A Quinta dos Animais”, de George Orwell, é um texto político e satírico, mas também uma fábula sobre o modo como nos relacionamos com o outro. Soma-se a isso o velho tema...","+10, audiodescrição, crianças, famílias, língua gestual portuguesa, sessão descontraída",,teatro,,,38.707771,-9.195983,http://www.lucateatroluisdecamoes.pt/,21 593 9100,info@lucateatroluisdecamoes.pt,,,,,
AH!,2026-04-11,2026-06-28,LU.CA - Teatro Luís de Camões,"Calçada da Ajuda, 80, 1300-015, Lisboa",Lisboa,https://www.agendalx.pt/wp-json/agendalx/v1/events,https://www.agendalx.pt/content/uploads/2026/03/felicidade10b.png,artes,,free,approved,agendalx,232809,https://www.agendalx.pt/wp-json/agendalx/v1/events,51a027686372d9943a95c2be0d9537bebd8c4b9c,"No entrepiso do LU.CA, a exposição <em>AH!</em> transforma os pequenos prazeres da vida numa experiência visual pensada para os mais novos. Desafiado a criar uma exposição sobre a felicidade, And...","crianças, famílias, gratuito",,artes,,,38.707771,-9.195983,http://www.lucateatroluisdecamoes.pt/,21 593 9100,info@lucateatroluisdecamoes.pt,,,,,
Aqui há minhocas!,2026-04-11,2026-04-11,Museu de Lisboa - Palácio Pimenta,"Campo Grande 245, 1700-162, Lisboa",Lisboa,https://www.agendalx.pt/wp-json/agendalx/v1/events,https://www.agendalx.pt/content/uploads/2024/05/26MAI_aqui-ha-minhocas.png,ciências,,free,approved,agendalx,84808,https://www.agendalx.pt/wp-json/agendalx/v1/events,ebef4afc5e24154c02515b64adb35db95e53dab9,"No Museu de Lisboa - Palácio Pimenta habitam inúmeras plantas e animais e todos estes seres desempenham um papel fundamental na vida dos jardins deste espaço. As minhocas, por exemplo, trabalham ar...","+4, crianças, famílias, gratuito",,ciências,,,38.7585536,-9.1563794,http://www.museudelisboa.pt,217 513 200,,,museu,alvalade,,
Kabeça Orí,2026-04-11,2026-04-18,São Luiz Teatro Municipal,"Rua António Maria Cardoso, 38, 1200-026, Lisboa",Lisboa,https://www.agendalx.pt/wp-json/agendalx/v1/events,https://www.agendalx.pt/content/uploads/2026/02/kabeca-ori-by-joniricos-2000x1333-1.jpg,teatro,,"a:1:{i:0;a:2:{s:5:""value"";s:2:""12"";s:11:""description"";s:41:""preço normal (ver descontos aplicáveis)"";}}",approved,agendalx,231653,https://www.agendalx.pt/wp-json/agendalx/v1/events,567fa0775e25526bb1d2a13b26a3e42bcd1c44f6,"Em diáspora, no palco o encontro de mulheres negras que somam seus passos, constroem caminhos, refletem sobre apagamentos. Entre fragmentos e conexões, como perturbar o esquecimento? Como não perde...",,,teatro,,,38.7089341,-9.1424961,http://www.teatrosaoluiz.pt,213 257 640,,,teatro,misericordia,,
Lis Vegas Fest,2026-04-11,2026-04-11,Sociedade Filarmónica Recordação D’Apolo,"Rua do Cruzeiro, 46A, 1300-160, Ajuda",Ajuda,https://www.agendalx.pt/wp-json/agendalx/v1/events,https://www.agendalx.pt/content/uploads/2026/02/LisVegasFest_01.jpg,teatro,,,approved,agendalx,230499,https://www.agendalx.pt/wp-json/agendalx/v1/events,8f9a5dbd2b8e2cf9593f7e606805fc5f115ce9fd,"<span data-olk-copy-source=""MessageBody"">Idealizado pelo encenador brasileiro César Gouvêa, Lisboa vai transformar-se num ""cassino lúdico"" onde o improviso é a moeda de troca.</span>",teatro de improviso,,teatro,,,0,0,,,,,,,,
Mercado CCB,2026-04-12,2026-07-05,Centro Cultural de Belém,"Praça do Império, 1449-003, Lisboa",Lisboa,https://www.agendalx.pt/wp-json/agendalx/v1/events,https://www.agendalx.pt/content/uploads/2026/02/JCC-Mercado-CCB-04.jpg,feiras,,free,approved,agendalx,231582,https://www.agendalx.pt/wp-json/agendalx/v1/events,fee6ec0131ac85bdb0b7f0993b8313bc7f953a20,"O Mercado CCB apresenta projetos de artesanato contemporâneo, onde é possível encontrar o presente perfeito ou a peça que faltava. Do croché à impressão 3D, passando pela cerâmica, joalharia e...","artesanato, cerâmica, famílias, gratuito, joalharia, moda",,feiras,,,38.696435,-9.208603,http://www.ccb.pt,213 612 400,,,centro-cultural,belem,,
Máscaras romanas,2026-04-12,2026-04-12,Museu de Lisboa - Teatro Romano,"Rua de São Mamede, 3A, 1100-532, Lisboa",Lisboa,https://www.agendalx.pt/wp-json/agendalx/v1/events,https://www.agendalx.pt/content/uploads/2022/01/29AGOMascarasRomanas_PX.jpg,artes,,free,approved,agendalx,62225,https://www.agendalx.pt/wp-json/agendalx/v1/events,56accf554d1bc22875b2f2663577b8acdb78b9bb,"Viagem até <em>Olisipo</em> para descobrir o fascinante mundo do Teatro Romano. Nesta oficina criativa, as famílias são desafiadas a explorar as máscaras usadas na época romana e a criar as suas...","crianças, famílias, gratuito",,artes,,,38.7103759,-9.1325174,http://www.museudelisboa.pt,218 820 530,,,museu,santa-maria-maior,,
A Viagem de Miss Cindy,2026-04-12,2026-04-12,Sagres Campo Pequeno,"Centro de Lazer Campo Pequeno, Torreão Sul, 1050-026, Lisboa",Lisboa,https://www.agendalx.pt/wp-json/agendalx/v1/events,https://www.agendalx.pt/content/uploads/2026/02/channels4_profile.jpg,música,,,approved,agendalx,231840,https://www.agendalx.pt/wp-json/agendalx/v1/events,6b363e316a53e3bb71f7686d31814e093bbf7770,<div>Miss Cindy acorda com um sonho na cabeça e uma vontade enorme de descobrir o mundo. Mas... para onde deverá ir? Brasil? Japão? Noruega? Os seus amigos vão ajudá-la a escolher o melhor de...,"crianças, famílias",,música,,,38.742575,-9.14793,http://www.campopequeno.com,217 998 450,,,centro-cultural,avenidas-novas,,
Jardim Aberto,2026-04-13,2026-06-09,São Luiz Teatro Municipal,"Rua António Maria Cardoso, 38, 1200-026, Lisboa",Lisboa,https://www.agendalx.pt/wp-json/agendalx/v1/events,https://www.agendalx.pt/content/uploads/2025/05/tmsl-jardim-aberto.jpg,música,,free,approved,agendalx,218611,https://www.agendalx.pt/wp-json/agendalx/v1/events,40dcc38abf31a644339211739a5133bdf9d0ff4f,"Fruto de uma colaboração entre o Teatro Nacional de São Carlos e o Teatro São Luiz, o ciclo <em>Jardim Aberto</em> reúne um conjunto de concertos de música de câmara, interpretados por pequena...","clássica, gratuito",,música,,,38.7089341,-9.1424961,http://www.teatrosaoluiz.pt,213 257 640,,,teatro,misericordia,,
Clube de Leitura do Teatro Variedades,2026-04-13,2026-08-17,Teatro Variedades,"Parque Mayer, 1250-096, Lisboa",Lisboa,https://www.agendalx.pt/wp-json/agendalx/v1/events,https://www.agendalx.pt/content/uploads/2025/12/Teatro-Variedades.jpg,literatura,,free,approved,agendalx,227451,https://www.agendalx.pt/wp-json/agendalx/v1/events,486fa40d0287da473317c10b743856fcc5f1d5e0,"Neste Clube de Leitura, os encontros são dedicados ao teatro: desde sessões sobre autores, à leitura de peças de teatro, adaptações, críticas e, também, encontros especiais com artistas. O o...","clube de leitura, gratuito, Jon Fosse, teatro",,literatura,,,38.718905,-9.146481,https://teatrovariedades-capitolio.pt/,,infovariedades@egeac.pt,,"equipamento-municipal, teatro",santo-antonio,,
Isto não vai dar em nada,2026-04-15,2026-04-15,Turim - Um Teatro em Cada Bairro,"Estrada de Benfica, nº 723 A, 1500-088 Lisboa, 1500-109, Lisboa",Lisboa,https://www.agendalx.pt/wp-json/agendalx/v1/events,https://www.agendalx.pt/content/uploads/2025/12/isto-nao-vai-dar.jpg,stand up comedy,,"a:1:{i:0;a:1:{s:5:""value"";s:1:""9"";}}",approved,agendalx,227750,https://www.agendalx.pt/wp-json/agendalx/v1/events,05f85137e1b5f2d3df7b5ab31c2f4a4be4fe0f6a,"<span data-olk-copy-source=""MessageBody"">Noites de teste de comédia com convidados surpresa.</span>","+16, um teatro em cada bairro",,stand up comedy,,,38.750689,-9.20232,bairrobenfica.pt,,,,teatro,benfica,,
António Zambujo,2026-04-16,2026-04-17,Coliseu dos Recreios,"Rua das Portas de Santo Antão, 96, 1150-269 Lisboa, Lisboa",Lisboa,https://www.agendalx.pt/wp-json/agendalx/v1/events,https://www.agendalx.pt/content/uploads/2026/03/AZ_ZABBUJO_DSC3516_FIN_LR.jpg,música,,"a:1:{i:0;a:1:{s:5:""value"";s:11:""25 € a 65"";}}",approved,agendalx,232727,https://www.agendalx.pt/wp-json/agendalx/v1/events,361c98311a600c3acad4fecdfd6bf15edcf36b27,"<p dir=""ltr""><span data-olk-copy-source=""MessageBody"">António Zambujo regressa ao Coliseu nos dias 16 e 17 de abril, para apresentar <em>Oração ao Tempo</em>, o seu novo álbum. Reconhecido como um...",música portuguesa,,música,,,38.716506,-9.140548,www.coliseulisboa.com,+351 213 240 585,,"↓
Atendimento e bilheteiras das 13h00 às 19:00 de segunda a sexta.
Dias de espectáculo abertura 13h00, encerramento 30 minutos após o início do mesmo.",auditorio,santa-maria-maior,,
Terra Criativa Pop Up,2026-04-17,2026-04-19,Chapitô,"Costa do Castelo, 1/7, 1100-129, Lisboa",Lisboa,https://www.agendalx.pt/wp-json/agendalx/v1/events,https://www.agendalx.pt/content/uploads/2026/03/Imagem1-3.jpg,feiras,,,approved,agendalx,232697,https://www.agendalx.pt/wp-json/agendalx/v1/events,425cedc5932b2a23b50a5f650b954e3dbb6141ac,"A Associação Terra Criativa traz ao Chapitô uma Feira com cerâmica, cestaria, cianotipia, tinturaria natural e outros artesanatos inspirados na natureza, aproximando o público da produção artes...","cerâmica, cestaria, cianotipia",,feiras,,,38.7115568,-9.1336481,http://www.chapito.org,218 855 550,,,escola,santa-maria-maior,,
É melhor ficar descalço 2,2026-04-17,2026-05-03,Boutique da Cultura - Um Teatro em Cada Bairro,"Avenida Colégio Militar, 1500-187, Lisboa",Lisboa,https://www.agendalx.pt/wp-json/agendalx/v1/events,https://www.agendalx.pt/content/uploads/2026/03/Descalco.jpg,teatro,,"a:1:{i:0;a:1:{s:5:""value"";s:2:""10"";}}",approved,agendalx,232397,https://www.agendalx.pt/wp-json/agendalx/v1/events,1d6ef2e0e9b97c89c19e083582c7db26fe0f7489,"Sapatos guardam segredos. Caminhos percorridos, histórias esquecidas, passos dados entre o peso da vida e a leveza dos sonhos. Em <em>É Melhor Ficar Descalço</em>, o palco transforma-se num lugar...",um teatro em cada bairro,,teatro,,,38.756483,-9.185602,www.boutiquedacultura.org,926 830 272,,,associacao,carnide,,
João Penalva,2026-04-18,2026-07-12,Culturgest,"Rua Arco do Cego, 50, 1000-020, Lisboa",Lisboa,https://www.agendalx.pt/wp-json/agendalx/v1/events,https://www.agendalx.pt/content/uploads/2026/03/lm44-eb621995.png__1920x580_q85_crop_subject_location-14221296_subsampling-2_upscale.jpg,artes,,,approved,agendalx,232781,https://www.agendalx.pt/wp-json/agendalx/v1/events,df6751e6a232a3bd171d5cf7a2288a2289eaaf5d,"A exposição <em>Personagens e Intérpretes</em>, com curadoria de Bruno Marchand, revisita uma das vertentes mais singulares da obra de João Penalva. Em meados dos anos 1990, após um longo períod...","desenho, fotografia, instalação, vídeo",,artes,,,38.740896,-9.142813,http://www.culturgest.pt,217 905 454,,,"auditorio, museu",avenidas-novas,,
Um Teatro com quatro vidas,2026-04-18,2026-04-18,Museu de Lisboa - Teatro Romano,"Rua de São Mamede, 3A, 1100-532, Lisboa",Lisboa,https://www.agendalx.pt/wp-json/agendalx/v1/events,https://www.agendalx.pt/content/uploads/2024/05/25MAI_um-teatro-quatro-vidas_cJose_Avelar.jpg,visitas guiadas,,"a:1:{i:0;a:2:{s:5:""value"";s:1:""5"";s:11:""description"";s:23:""inclui entrada no museu"";}}",approved,agendalx,57255,https://www.agendalx.pt/wp-json/agendalx/v1/events,46e0c26015bdda7670486f0526ace8cacf090fb2,"Várias vidas definiram este lugar: o Teatro Romano de Lisboa deu lugar a casas, uma fábrica, um museu! De Teatro a Fábrica de Chapéus, muitas histórias habitam as paredes do Teatro. A históri...","+10, crianças, famílias",,visitas guiadas,,,38.7103759,-9.1325174,http://www.museudelisboa.pt,218 820 530,,,museu,santa-maria-maior,,
Contos Baralhados,2026-04-18,2026-04-18,Casa Fernando Pessoa,"Rua Coelho da Rocha, 16-18, 1250-096, Lisboa",Lisboa,https://www.agendalx.pt/wp-json/agendalx/v1/events,https://www.agendalx.pt/content/uploads/2026/03/DSC0171-Levina-Valentim-scaled.jpg,"literatura, música",,,approved,agendalx,231771,https://www.agendalx.pt/wp-json/agendalx/v1/events,1368ee29b37d13094756e36d0a91ed5220867b66,"<em>Histórias Magnéticas</em> é um projeto de histórias-concerto para crianças, com bandas sonoras originais de Sérgio Pelágio e narração de Isabel Gaivão, que contam com uma forte component...","crianças, famílias",,"literatura, música",,,38.716651,-9.162494,https://casafernandopessoa.pt/,213 913 270,,,equipamento-municipal,campo-de-ourique,,
Nuno Ribeiro,2026-04-18,2026-04-18,Coliseu dos Recreios,"Rua das Portas de Santo Antão, 96, 1150-269 Lisboa, Lisboa",Lisboa,https://www.agendalx.pt/wp-json/agendalx/v1/events,https://www.agendalx.pt/content/uploads/2026/03/NunoRibeiro42273.png,música,,"a:1:{i:0;a:1:{s:5:""value"";s:11:""20 € a 40"";}}",approved,agendalx,232654,https://www.agendalx.pt/wp-json/agendalx/v1/events,a0117d010b1822bce9e2488b3f5bf51c0be4cd0b,"O cantor, compositor e produtor Nuno Ribeiro, conhecido por êxitos como <em>Maria Joana</em> (com Calema e Mariza), <em>Rosa</em> (com Conan Osiris), entre muitos outros, estreia-se no palco do Colis...",música portuguesa,,música,,,38.716506,-9.140548,www.coliseulisboa.com,+351 213 240 585,,"↓
Atendimento e bilheteiras das 13h00 às 19:00 de segunda a sexta.
Dias de espectáculo abertura 13h00, encerramento 30 minutos após o início do mesmo.",auditorio,santa-maria-maior,,
Lagum,2026-04-18,2026-04-18,Lisboa ao Vivo,"Av. Marechal Gomes da Costa, nº 29 B1, 1800-255, Lisboa",Lisboa,https://www.agendalx.pt/wp-json/agendalx/v1/events,https://www.agendalx.pt/content/uploads/2026/03/lagum.png,música,,"a:1:{i:0;a:1:{s:5:""value"";s:2:""25"";}}",approved,agendalx,232674,https://www.agendalx.pt/wp-json/agendalx/v1/events,d0cc191a0c0300ce592c8816134ef081c878f0f9,"A banda brasileira Lagum atua no LAV a 18 de abril. A digressão que o grupo traz a Lisboa serve de apresentação ao quinto álbum, <em>As Cores, As Curvas e as Dores do Mundo</em>.",MPB,,música,,,38.75056,-9.105413,https://lisboaaovivo.com/,967 089 462,,,,,,
Como começa uma ditadura?,2026-04-19,2026-04-19,Quinta Alegre - Um Teatro em Cada Bairro,"Campo das Amoreiras, 94, 1750-025, Lisboa",Lisboa,https://www.agendalx.pt/wp-json/agendalx/v1/events,https://www.agendalx.pt/content/uploads/2026/03/Como-comeca-uma-ditadura_-Pedro-Soares.jpg,teatro,,free,approved,agendalx,232409,https://www.agendalx.pt/wp-json/agendalx/v1/events,c6efb7b626d6ec82914a7f85602d05c17fa190ad,"É um texto provocador que, partindo da figura simbólica do “25”, reflete sobre o passado autoritário, o presente político e as ameaças à democracia na atualidade. Combina-se história, refle...","25 de Abril, gratuito, Hugo Franco, um teatro em cada bairro",,teatro,,,38.787887,-9.145223,,218 174 040,umteatroemcadabairro.quintaalegre@cm-lisboa.pt,,equipamento-municipal,santa-clara,,
Ne-Yo,2026-04-19,2026-04-19,MEO Arena,"Rossio dos Olivais - Parque das Nações, 1990-231, Lisboa",Lisboa,https://www.agendalx.pt/wp-json/agendalx/v1/events,https://www.agendalx.pt/content/uploads/2026/03/PRESS-PHOTO.jpg,música,,"a:1:{i:0;a:1:{s:5:""value"";s:11:""35 € a 85"";}}",approved,agendalx,232722,https://www.agendalx.pt/wp-json/agendalx/v1/events,67740b2a5431fe1666034d86a3e8386b553ad9c3,"O norte-americano Ne-Yo, três vezes vencedor de um Grammy® e um dos nomes mais marcantes do R&amp;B, atua pela primeira vez em nome próprio em Portugal no dia 19 de abril, na MEO Arena. Depois...","pop, r&amp;b",,música,,,38.767571,-9.094552,arena.meo.pt,,,,auditorio,olivais,,
Tortoise,2026-04-20,2026-04-20,Culturgest,"Rua Arco do Cego, 50, 1000-020, Lisboa",Lisboa,https://www.agendalx.pt/wp-json/agendalx/v1/events,https://www.agendalx.pt/content/uploads/2026/03/tortoise.jpg,música,,"a:1:{i:0;a:1:{s:5:""value"";s:2:""35"";}}",approved,agendalx,232719,https://www.agendalx.pt/wp-json/agendalx/v1/events,42f85e8084e555bb0b9ba6036afdb9f93014e12d,Os norte-americanos Tortoise - banda de culto que contribuiu fortemente para a expansão do <em>pós-rock</em> a nível global e considerada uma das mais influentes dos últimos 30 anos - regressa a P...,rock,,música,,,38.740896,-9.142813,http://www.culturgest.pt,217 905 454,,,"auditorio, museu",avenidas-novas,,
Próxima Paragem,2026-04-21,2026-04-21,Teatro Villaret,"Avenida Fontes Pereira de Melo 30 A, 1050-010, Lisboa",Lisboa,https://www.agendalx.pt/wp-json/agendalx/v1/events,https://www.agendalx.pt/content/uploads/2025/11/Monica-vale-de-Gato.jpg,stand up comedy,,"a:1:{i:0;a:1:{s:5:""value"";s:2:""20"";}}",approved,agendalx,225012,https://www.agendalx.pt/wp-json/agendalx/v1/events,103f4d08e4260972ed2180d9e4c44d38aa406a89,"Mónica está de volta aos palcos três anos depois (agora casada, mãe, mas ainda sem saber preencher o IRS). O comboio da vida é rápido… e nem sempre vem com manual de instruções. Neste novo e...",+16,,stand up comedy,,,38.730305,-9.146796,www.facebook.com/villaret.teatro/,213 538 586,,,teatro,santo-antonio,,
A Escola,2026-04-21,2026-05-07,Boutique da Cultura - Um Teatro em Cada Bairro,"Avenida Colégio Militar, 1500-187, Lisboa",Lisboa,https://www.agendalx.pt/wp-json/agendalx/v1/events,https://www.agendalx.pt/content/uploads/2025/09/A-escola.jpg,teatro,,"a:1:{i:0;a:2:{s:5:""value"";s:2:""10"";s:11:""description"";s:41:""preço normal (ver descontos aplicáveis)"";}}",approved,agendalx,232294,https://www.agendalx.pt/wp-json/agendalx/v1/events,2a81bd86acb986ce006c1bf9b8358a76e61adc15,"<em>João acabou de ser contratado por uma escola inovadora, que promete fazer tudo de maneira diferente para fazer a diferença. Mas não demora muito tempo até esta inovação se tornar surpreende...",um teatro em cada bairro,,teatro,,,38.756483,-9.185602,www.boutiquedacultura.org,926 830 272,,,associacao,carnide,,
Magia da Ópera e Bailado no Cinema,2026-04-21,2026-04-21,Cinema NOS Amoreiras,"Av. Eng. Duarte Pacheco, 103, 1070-103, Lisboa",Lisboa,https://www.agendalx.pt/wp-json/agendalx/v1/events,https://www.agendalx.pt/content/uploads/2025/10/d75d592b-70b1-462c-88b1-09f6effb36d6_Image.jpg,"dança, música",,"a:1:{i:0;a:1:{s:5:""value"";s:2:""12"";}}",approved,agendalx,222443,https://www.agendalx.pt/wp-json/agendalx/v1/events,416f45887371fec2372fd3b564ba8fd8fd8795af,"Os Cinemas NOS apresentam, em exclusivo, a temporada 2025/26 da Royal Opera House, levando ao grande ecrã algumas das mais aclamadas óperas e bailados do mundo. As produções são todas transmitida...","bailado, ópera, transmissão em direto",,"dança, música",,,39.851061,-8.865337,https://cinemas.nos.pt/,707 246 362,Amoreiras Shopping Center,,,,,
D. Juan ou a queda de um mito,2026-04-22,2026-04-26,São Luiz Teatro Municipal,"Rua António Maria Cardoso, 38, 1200-026, Lisboa",Lisboa,https://www.agendalx.pt/wp-json/agendalx/v1/events,https://www.agendalx.pt/content/uploads/2026/02/DJuan-leandrofernandes-1195x2000-1.jpg,teatro,,"a:1:{i:0;a:2:{s:5:""value"";s:11:""12 € a 15"";s:11:""description"";s:41:""preço normal (ver descontos aplicáveis)"";}}",approved,agendalx,231661,https://www.agendalx.pt/wp-json/agendalx/v1/events,65165914b82d7bd231f93daffc011322ec33aa53,"<em>O que é “um mito”, essa entidade que atravessa o tempo para se confrontar com um mundo em permanente mudança?</em> <em>Em </em>Don Juan<em>, as identidades deslocam-se, abrindo espaço.</e...",Elmano Sancho,,teatro,,,38.7089341,-9.1424961,http://www.teatrosaoluiz.pt,213 257 640,,,teatro,misericordia,,
Verdadeiro Oeste,2026-04-23,2026-06-07,Teatro da Trindade INATEL,"Rua Nova da Trindade, 9, 1200-301, Lisboa",Lisboa,https://www.agendalx.pt/wp-json/agendalx/v1/events,https://www.agendalx.pt/content/uploads/2026/02/verdadeiro-oestepedro-macedo-framed-photos.jpg,teatro,,"a:1:{i:0;a:1:{s:5:""value"";s:11:""10 € a 14"";}}",approved,agendalx,231466,https://www.agendalx.pt/wp-json/agendalx/v1/events,2700c17f983e00c8884d78740840450c8c3a52f7,"Austin está empenhado na escrita do seu argumento para um filme de Hollywood e é perturbado pela chegada do irmão mais velho, Lee, acabado de regressar de três meses no deserto. Durante um curto p...",+12,,teatro,,,38.711847,-9.142364,https://teatrotrindade.inatel.pt/,213 423 200,,,teatro,santa-maria-maior,,
Analphabet,2026-04-23,2026-04-24,Teatro do Bairro Alto,"Rua Tenente Raúl Cascais 1A, 1250-268, Lisboa",Lisboa,https://www.agendalx.pt/wp-json/agendalx/v1/events,https://www.agendalx.pt/content/uploads/2025/07/Analfabet.jpg,teatro,,"a:1:{i:0;a:2:{s:5:""value"";s:2:""12"";s:11:""description"";s:41:""preço normal (ver descontos aplicáveis)"";}}",approved,agendalx,231667,https://www.agendalx.pt/wp-json/agendalx/v1/events,5ba45c571d8eab6dd09afb6ae5ef12833790484c,"Ao entardecer, depois da forte discussão de um casal de amantes na praia de Gulpiyuri, um fantasma chamado Analphabet aparece sobre o mar a contar a sua história e a cantar canções ao casal. <e...","+16, Espanha, queer",,teatro,,,38.718,-9.154061,www.teatrodobairroalto.pt,,,,teatro,santo-antonio,,
Burn Burn Burn,2026-04-23,2026-04-25,Culturgest,"Rua Arco do Cego, 50, 1000-020, Lisboa",Lisboa,https://www.agendalx.pt/wp-json/agendalx/v1/events,https://www.agendalx.pt/content/uploads/2025/10/Burn_1783_original_redes_FilipeFerreira.jpg,teatro,,"a:1:{i:0;a:2:{s:5:""value"";s:2:""14"";s:11:""description"";s:41:""preço normal (ver descontos aplicáveis)"";}}",approved,agendalx,227757,https://www.agendalx.pt/wp-json/agendalx/v1/events,44de3745cad5642d43427202ed10f4d6647639b5,"Com o livro <em>Fahrenheit 451</em>, de Ray Bradbury, como inspiração, Catarina Rôlo Salgueiro e Isabel Costa criaram <em>Burn Burn Burn</em>, um espetáculo que olha para a nossa sociedade cada ve...","audiodescrição, língua gestual portuguesa, Os Possessos, Ray Bradbury",,teatro,,,38.740896,-9.142813,http://www.culturgest.pt,217 905 454,,,"auditorio, museu",avenidas-novas,,
Abril no Castelo: Caminhos da Liberdade,2026-04-25,2026-04-25,Castelo de São Jorge,"Rua de Santa Cruz do Castelo, 1100-129, Lisboa",Lisboa,https://www.agendalx.pt/wp-json/agendalx/v1/events,https://www.agendalx.pt/content/uploads/2026/03/CasteloSaoJorgeFN3899-e1770044010355.jpg,ciências,,,approved,agendalx,232819,https://www.agendalx.pt/wp-json/agendalx/v1/events,2b13575d9ed330027c0c4ef635c211fc6567a016,"No dia 25 de abril, o Castelo de São Jorge convida as famílias a celebrar a Revolução dos Cravos com <em>Abril no Castelo: Caminhos da Liberdade</em>. A iniciativa propõe uma aventura pelo patrim...","crianças, famílias",,ciências,,,38.712873,-9.132801,http://www.castelodesaojorge.pt,218 800 620,,,"equipamento-municipal, monumento",santa-maria-maior,,
Djodje,2026-04-25,2026-04-25,Coliseu dos Recreios,"Rua das Portas de Santo Antão, 96, 1150-269 Lisboa, Lisboa",Lisboa,https://www.agendalx.pt/wp-json/agendalx/v1/events,https://www.agendalx.pt/content/uploads/2026/03/Djodje_foto-promo_single_Lua_IMG_1462.jpg,música,,"a:1:{i:0;a:1:{s:5:""value"";s:11:""25 € a 50"";}}",approved,agendalx,232746,https://www.agendalx.pt/wp-json/agendalx/v1/events,84b17e3d3d0e51250b307ea41017fe2b48b5597c,"<div>Djodje regressa ao Coliseu nove anos depois. O músico, considerado um dos maiores nomes da música cabo-verdiana e da lusofonia, volta a uma das salas mais emblemáticas do país para um concert...",música cabo-verdiana,,música,,,38.716506,-9.140548,www.coliseulisboa.com,+351 213 240 585,,"↓
Atendimento e bilheteiras das 13h00 às 19:00 de segunda a sexta.
Dias de espectáculo abertura 13h00, encerramento 30 minutos após o início do mesmo.",auditorio,santa-maria-maior,,
Pablo Alborán,2026-04-25,2026-04-25,MEO Arena,"Rossio dos Olivais - Parque das Nações, 1990-231, Lisboa",Lisboa,https://www.agendalx.pt/wp-json/agendalx/v1/events,https://www.agendalx.pt/content/uploads/2026/03/pablo-alboran.jpg,música,,"a:1:{i:0;a:1:{s:5:""value"";s:11:""25 € a 90"";}}",approved,agendalx,232679,https://www.agendalx.pt/wp-json/agendalx/v1/events,f86c9551d24b3eb17ac5c71d9f9e1adaf0dc108d,"Pablo Alborán regressa aos palcos com a digressão de apresentação do mais recente disco, <em>KM0</em>. O músico espanhol atua no MEO Arena no dia 25 de abril, num concerto que pretende ser um reg...","música espanhola, pop",,música,,,38.767571,-9.094552,arena.meo.pt,,,,auditorio,olivais,,
Museu Fora do Armário: Uma outra Lisboa – De sodomitas a queers,2026-04-26,2026-12-06,Museu de Lisboa - Palácio Pimenta,"Campo Grande 245, 1700-162, Lisboa",Lisboa,https://www.agendalx.pt/wp-json/agendalx/v1/events,https://www.agendalx.pt/content/uploads/2024/10/02-NOV_O-Museu-Fora-do-armario-©-Direitos-Reservados-scaled.jpg,visitas guiadas,,"a:1:{i:0;a:2:{s:5:""value"";s:1:""5"";s:11:""description"";s:10:""em Bolt.pt"";}}",approved,agendalx,201619,https://www.agendalx.pt/wp-json/agendalx/v1/events,5aee517e57fc5d5d62462f8beb52532c3aa88a49,"O Museu Fora do Armário apresenta visitas guiadas, por André Murraças, que oferecem uma visão <em>queer</em> das coleções dos museus portugueses. <em>Uma outra Lisboa – De sodomitas a queers</...",+12,,visitas guiadas,,,38.7585536,-9.1563794,http://www.museudelisboa.pt,217 513 200,,,museu,alvalade,,
Riso Dissonante,2026-04-26,2026-09-28,Casa da Achada – Centro Mário Dionísio,"Rua da Achada, 11, r/c, 1100-236, Lisboa",Lisboa,https://www.agendalx.pt/wp-json/agendalx/v1/events,https://www.agendalx.pt/content/uploads/2026/03/Castelao_CML-scaled.jpg,artes,,,approved,agendalx,232745,https://www.agendalx.pt/wp-json/agendalx/v1/events,690accae8b1f29faedc3d3ffe3ae832f0cac1588,Uma exposição de estampas de Alfonso Castelao (1886-1950) e Jean Bruller (Vercors) (1902-1991) e de desenhos humorísticos de artistas contemporâneos. A exposição será acompanhada de um ciclo de...,"coletiva, desenho, estampas",,artes,,,38.7133853,-9.1352684,http://www.centromariodionisio.org,218 877 090,,,associacao,santa-maria-maior,,
Insuficiente,2026-04-26,2026-04-26,Coliseu dos Recreios,"Rua das Portas de Santo Antão, 96, 1150-269 Lisboa, Lisboa",Lisboa,https://www.agendalx.pt/wp-json/agendalx/v1/events,https://www.agendalx.pt/content/uploads/2026/02/insuficiente.jpg,stand up comedy,,"a:1:{i:0;a:1:{s:5:""value"";s:11:""15 € e 35"";}}",approved,agendalx,231768,https://www.agendalx.pt/wp-json/agendalx/v1/events,f13b629131b63863e80ea3f0c03e47644690011a,"<span data-olk-copy-source=""MessageBody"">A humorista parte de uma sensação que a acompanha desde sempre — a de nunca ser suficiente. Sorte? Síndrome de impostor? Um erro de cálculo do universo?...",,,stand up comedy,,,38.716506,-9.140548,www.coliseulisboa.com,+351 213 240 585,,"↓
Atendimento e bilheteiras das 13h00 às 19:00 de segunda a sexta.
Dias de espectáculo abertura 13h00, encerramento 30 minutos após o início do mesmo.",auditorio,santa-maria-maior,,
Quem Te Viu e Quem Te Vê,2026-04-28,2026-04-28,Teatro Villaret,"Avenida Fontes Pereira de Melo 30 A, 1050-010, Lisboa",Lisboa,https://www.agendalx.pt/wp-json/agendalx/v1/events,https://www.agendalx.pt/content/uploads/2026/03/Quem-te-viu.jpeg,stand up comedy,,,approved,agendalx,232432,https://www.agendalx.pt/wp-json/agendalx/v1/events,0a89642f30f8a2f3ec012275ddd927bc6f0dcd0c,"<span data-olk-copy-source=""MessageBody"">O novo solo de Jel assinala duas efemérides importantes na trajetória do humorista: os 30 anos de carreira e os 20 anos do programa <em>Vai Tudo Abaixo</em>,...",,,stand up comedy,,,38.730305,-9.146796,www.facebook.com/villaret.teatro/,213 538 586,,,teatro,santo-antonio,,
Luz e Sombra,2026-04-30,2026-04-30,Égide - Associação Portuguesa das Artes,"Rua de São Pedro de Alcântara, 85, 1200-089, Lisboa",Lisboa,https://www.agendalx.pt/wp-json/agendalx/v1/events,https://www.agendalx.pt/content/uploads/2026/01/HORIZONTAL-scaled.jpg,artes,,,approved,agendalx,229181,https://www.agendalx.pt/wp-json/agendalx/v1/events,2afec5519a9073e2d8e18353e9115e8138fe8398,"A Égide - Associação Portuguesa das Artes celebra o seu quarto aniversário e de forma a assinalar a data, a associação preparou o concurso nacional de fotografia “Luz e Sombra”, uma inicia...","concurso, fotografia",,artes,,,38.715018,-9.145297,https://www.egideartes.pt/,,info@egideartes.pt,,associacao,,,
Clube dos Poetas Mortos,2026-04-30,2026-08-02,Teatro da Trindade INATEL,"Rua Nova da Trindade, 9, 1200-301, Lisboa",Lisboa,https://www.agendalx.pt/wp-json/agendalx/v1/events,https://www.agendalx.pt/content/uploads/2026/03/clubepoetas.jpg,teatro,,"a:1:{i:0;a:1:{s:5:""value"";s:11:""10 € a 22"";}}",approved,agendalx,232211,https://www.agendalx.pt/wp-json/agendalx/v1/events,70b41a58ce938e423190eeb2f78501d9181e9ba4,"Num colégio interno dos Estados Unidos, “Tradição, Disciplina, Honra e Excelência” são os pilares de um ensino rígido e espartilhado. Estes serão postos à prova pelo carismático professor...","+12, Diogo Infante, Hélder Gamboa",,teatro,,,38.711847,-9.142364,https://teatrotrindade.inatel.pt/,213 423 200,,,teatro,santa-maria-maior,,
Os reis mostram o Palácio da Ajuda,2026-05-02,2026-05-02,Palácio Nacional da Ajuda,"Largo da Ajuda, 1300, Lisboa",Lisboa,https://www.agendalx.pt/wp-json/agendalx/v1/events,https://www.agendalx.pt/content/uploads/2026/03/Os-reis_-familias-em-ingles.jpg,visitas guiadas,,,approved,agendalx,224960,https://www.agendalx.pt/wp-json/agendalx/v1/events,44ed7212631727f4c5a4c7761d567424470abfdf,<div>O Palácio da Ajuda convida os visitantes a conhecerem a História de Portugal de uma forma viva e envolvente.</div> <div></div> <div>Nesta visita encenada são os Reis que acompanham pessoalme...,"crianças, famílias",,visitas guiadas,,,38.707681,-9.196469,https://www.palacioajuda.gov.pt/,213 637 095,se.pnajuda@museusemonumentos.pt,,monumento,ajuda,,
Masterchef Romano,2026-05-03,2026-10-10,Museu de Lisboa - Teatro Romano,"Rua de São Mamede, 3A, 1100-532, Lisboa",Lisboa,https://www.agendalx.pt/wp-json/agendalx/v1/events,https://www.agendalx.pt/content/uploads/2026/01/PSX_20250902_121431-2048x1536-1.jpg,ciências,,"a:1:{i:0;a:2:{s:5:""value"";s:1:""3"";s:11:""description"";s:12:""participante"";}}",approved,agendalx,228412,https://www.agendalx.pt/wp-json/agendalx/v1/events,82a9452128d547136f3403d106ad11e10ab8a21d,"Luzes, câmaras… e garum! O Museu de Lisboa convida os mais curiosos a participar numa oficina inspirada no universo dos programas de televisão, mas com um toque muito especial: estamos na Roma Ant...","crianças, famílias",,ciências,,,38.7103759,-9.1325174,http://www.museudelisboa.pt,218 820 530,,,museu,santa-maria-maior,,
Um Domingo na Avenida,2026-05-03,2026-05-03,Parque Eduardo VII,"Parque Eduardo VII, 1070-099",Lisboa,https://www.agendalx.pt/wp-json/agendalx/v1/events,https://www.agendalx.pt/content/uploads/2026/03/Imagem1-6.jpg,feiras,,,approved,agendalx,232749,https://www.agendalx.pt/wp-json/agendalx/v1/events,6be85f4b03cbe9a8ca565c62538ed39d0e734abc,"No próximo 3 de maio, Dia da Mãe, Lisboa recebe a primeira edição de <em>Um Domingo na Avenida</em>, um novo encontro ao ar livre que transforma o Parque Eduardo VII num grande Chic-Nic Musical....",gastronomia,,feiras,,,38.7283,-9.152683,,,,,,,,
Exposição de Pintura Jovens Artistas,2026-05-06,2026-05-15,Grémio Literário,"Rua Ivens. 37, 1200-226",Lisboa,https://www.agendalx.pt/wp-json/agendalx/v1/events,https://www.agendalx.pt/content/uploads/2026/03/PJM2026-imagem-agenda-lx.jpg,artes,,,approved,agendalx,232625,https://www.agendalx.pt/wp-json/agendalx/v1/events,b080db78cf3612a250f09f180d4bf350609a4939,"A <em>Exposição de Pintura Jovens Artistas</em>, que teve a sua primeira edição em 2023, nasce da convicção de que a criação artística é um espaço essencial de reflexão, liberdade e futuro...","coletiva, pintura",,artes,,,38.709968,-9.140142,https://www.gremioliterario.pt/,,,,instituicao,,,
O tamanho das coisas,2026-05-07,2026-05-17,Teatro Variedades,"Parque Mayer, 1250-096, Lisboa",Lisboa,https://www.agendalx.pt/wp-json/agendalx/v1/events,https://www.agendalx.pt/content/uploads/2026/02/O_TAMANHO_DAS_COISAS.jpg,teatro,,"a:1:{i:0;a:2:{s:5:""value"";s:11:""12 € a 17"";s:11:""description"";s:41:""preço normal (ver descontos aplicáveis)"";}}",approved,agendalx,231668,https://www.agendalx.pt/wp-json/agendalx/v1/events,da4daf4936d838666732f83fae64ba8e23ddf95f,"<em>A determinado momento numa geografia desconhecida e sem qualquer razão aparente, um homem interrompe o seu caminho parando em pleno oceano. Da comparação entre o seu corpo e a escala avassalado...",língua gestual portuguesa,,teatro,,,38.718905,-9.146481,https://teatrovariedades-capitolio.pt/,,infovariedades@egeac.pt,,"equipamento-municipal, teatro",santo-antonio,,
Lisbon Art Collective,2026-05-08,2026-06-05,Café Curva,"Rua Damasceno Monteiro, 108 D, 1170-113, Lisboa",Lisboa,https://www.agendalx.pt/wp-json/agendalx/v1/events,https://www.agendalx.pt/content/uploads/2026/03/WhatsApp-Image-2026-02-23-at-17.38.45-1.jpeg,artes,,,approved,agendalx,232762,https://www.agendalx.pt/wp-json/agendalx/v1/events,de28e6039c42d927d87fcded22631b65acd914de,O <em>Lisbon Art Collective</em> apresenta 20 artistas da cena artística portuguesa. O coletivo foca-se na promoção de artistas portugueses de uma forma que estes poderiam não conseguir sozinho...,coletiva,,artes,,,38.721163,-9.131617,,,,,,,,
Bordalo Surpresa,2026-05-13,2026-05-13,Museu Bordalo Pinheiro,"Campo Grande, 382, 1700-097, Lisboa",Lisboa,https://www.agendalx.pt/wp-json/agendalx/v1/events,https://www.agendalx.pt/content/uploads/2023/03/DSC09716-1_credito-Nuno-Silva.jpg,visitas guiadas,,"a:1:{i:0;a:1:{s:5:""value"";s:1:""2"";}}",approved,agendalx,87972,https://www.agendalx.pt/wp-json/agendalx/v1/events,03e3d30bde036ea615b113565b2c8a579e5ff563,O Museu Bordalo Pinheiro apresenta uma nova visita guiada onde o humor de Bordalo serve de mote para surpreender os visitantes. <em>Bordalo Surpresa</em> é uma visita no museu sobre um tema em torno...,,,visitas guiadas,,,38.758853,-9.154189,http://museubordalopinheiro.pt,215 818 540,,,museu,alvalade,,
Em sede própria,2026-05-17,2026-05-28,Coliseu dos Recreios,"Rua das Portas de Santo Antão, 96, 1150-269 Lisboa, Lisboa",Lisboa,https://www.agendalx.pt/wp-json/agendalx/v1/events,https://www.agendalx.pt/content/uploads/2025/12/Joana-Marques.jpg,stand up comedy,,"a:1:{i:0;a:1:{s:5:""value"";s:11:""22 € a 40"";}}",approved,agendalx,227460,https://www.agendalx.pt/wp-json/agendalx/v1/events,619b05a4e2a4cc213ec86a191e49b2a7b8160052,"Joana Marques o seu último ano em revista. Sabendo que é difícil ser juiz em causa própria, dá-se logo como culpada, porque reuniu provas irrefutáveis de todas as suas falhas, defeitos e ridícu...",,,stand up comedy,,,38.716506,-9.140548,www.coliseulisboa.com,+351 213 240 585,,"↓
Atendimento e bilheteiras das 13h00 às 19:00 de segunda a sexta.
Dias de espectáculo abertura 13h00, encerramento 30 minutos após o início do mesmo.",auditorio,santa-maria-maior,,
João Taborda Portuguese Memorial 2026,2026-05-20,2026-05-20,,,Lisboa,https://www.agendalx.pt/wp-json/agendalx/v1/events,https://www.agendalx.pt/content/uploads/2026/02/Imagem1-2.jpg,artes,,,approved,agendalx,230445,https://www.agendalx.pt/wp-json/agendalx/v1/events,8172c4dcedd47c02460eda46dda932101ccd6f1e,O concurso J<em>oão Taborda Portuguese Memorial 2026</em> mantem como objetivo continuar a divulgar a excelência da fotografia que se faz em Portugal e o papel relevante que esta poderá ocupar na a...,"concurso, fotografia",,artes,,,,,,,,,,,,
Rent,2026-05-21,2026-06-28,Casino Lisboa,"Alameda dos Oceanos 45, 1990-204, Lisboa",Lisboa,https://www.agendalx.pt/wp-json/agendalx/v1/events,https://www.agendalx.pt/content/uploads/2025/02/Rent-1.jpg,teatro,,"a:1:{i:0;a:1:{s:5:""value"";s:11:""26 € a 35"";}}",approved,agendalx,229066,https://www.agendalx.pt/wp-json/agendalx/v1/events,8c9f9ffad2c848803752e04c5bf41be87f9820fb,"<em>Rent</em> acompanha um ano na vida de um grupo de amigos do East Village, em Nova Iorque, no auge dos boémios anos 1990, que lutam por sobreviver, numa celebração de amor e de superação....","+12, Jonathan Larson, Martim Galamba, Sissi Martins, teatro musical",,teatro,,,38.765925,-9.096071,http://casino-lisboa.pt,218 929 000,,"Seg a dom, 14h30 - 03h
Áreas de jogo, 15h-03h

Encerra a 24 de dezembro",,olivais,,
Hotel Paradoxo,2026-05-21,2026-05-23,Planetário da Marinha,"Praça do Império, 1400-206, Lisboa",Lisboa,https://www.agendalx.pt/wp-json/agendalx/v1/events,https://www.agendalx.pt/content/uploads/2026/01/Hotel-Paradoxo.jpg,teatro,,"a:1:{i:0;a:1:{s:5:""value"";s:2:""10"";}}",approved,agendalx,228583,https://www.agendalx.pt/wp-json/agendalx/v1/events,41d54761ea24789a0609745303a84f47725c974c,"Entre todos os destinos possíveis de uma hipotética viagem no tempo e no espaço, o protagonista de <i>Hotel Paradoxo </i>escolhe voltar ao verão de 2009, em Lisboa. Há conflitos na Faixa de Gaz...","Alex Cassal, Marco Mendonça",,teatro,,,38.696865,-9.206192,http://ccm.marinha.pt/pt/planetario,210 977 350,mrcc.lisboa@marinha.pt​​,,,belem,,
The Calm Down tour,2026-05-26,2026-05-26,Teatro Tivoli BBVA,"Avenida da Liberdade, 182 A, 1250-146, Lisboa",Lisboa,https://www.agendalx.pt/wp-json/agendalx/v1/events,https://www.agendalx.pt/content/uploads/2026/01/LauraRamoso.jpg,stand up comedy,,"a:1:{i:0;a:1:{s:5:""value"";s:11:""25 € a 40"";}}",approved,agendalx,230222,https://www.agendalx.pt/wp-json/agendalx/v1/events,612485604493457e9e20ee2a66372b02598c108b,"Laura Ramoso é uma humorista conhecida pelos seus espetáculos de sketch ao vivo e pelas suas imitações virais nas redes sociais. Ela acumulou mais de 3,5 milhões de seguidores com personagens de...",,,stand up comedy,,,38.720237,-9.145005,https://www.teatrotivolibbva.pt,213 151 050,,,teatro,santo-antonio,,
TOSHiiB4,2026-05-27,2026-05-31,Sala Estúdio Valentim de Barros,"Rua Gomes Freire, 161, 1150-176, Lisboa",Lisboa,https://www.agendalx.pt/wp-json/agendalx/v1/events,https://www.agendalx.pt/content/uploads/2025/12/Toshib4.jpg,teatro,,"a:1:{i:0;a:2:{s:5:""value"";s:2:""12"";s:11:""description"";s:41:""preço normal (ver descontos aplicáveis)"";}}",approved,agendalx,227769,https://www.agendalx.pt/wp-json/agendalx/v1/events,ff4cc78d426cc12931c1368e0674258e974a478c,"<div>Uma criação entre a não-ficção e a fantasia, propõe uma revisão empírica da sexualidade na era digital. Acontece num quarto <em>oversized</em> — incluindo o público nesta pijama <em>pa...","Bolsa Amélia Rey Colaço, LGBTQI+",,teatro,,,38.727027,-9.14171,https://largoresidencias.com/jardinsdobombarda/,,,,teatro,,,
Amigável,2026-06-02,2026-06-02,Teatro Tivoli BBVA,"Avenida da Liberdade, 182 A, 1250-146, Lisboa",Lisboa,https://www.agendalx.pt/wp-json/agendalx/v1/events,https://www.agendalx.pt/content/uploads/2026/02/guilherme-fonseca.jpg,stand up comedy,,,approved,agendalx,231864,https://www.agendalx.pt/wp-json/agendalx/v1/events,4ddf68f90ba16a86952db474feb531294246ad7a,"“Amigável”, “simpático” e “brincalhão” são tudo termos que descrevem a postura de Guilherme Fonseca em palco. Mas também um qualquer labrador que esteja para adoção num canil. No se...",,,stand up comedy,,,38.720237,-9.145005,https://www.teatrotivolibbva.pt,213 151 050,,,teatro,santo-antonio,,
Verificando se você é humano,2026-06-06,2026-06-06,MEO Arena,"Rossio dos Olivais - Parque das Nações, 1990-231, Lisboa",Lisboa,https://www.agendalx.pt/wp-json/agendalx/v1/events,https://www.agendalx.pt/content/uploads/2025/11/ricardo-araujo-pereira-verificando-se-voce-e-humano.webp,stand up comedy,,"a:1:{i:0;a:1:{s:5:""value"";s:11:""30 € a 80"";}}",approved,agendalx,225203,https://www.agendalx.pt/wp-json/agendalx/v1/events,616faa65b28d93472cae48b25c234026308d6bf4,O primeiro espetáculo de stand up comedy a solo de Ricardo Araújo Pereira.,,,stand up comedy,,,38.767571,-9.094552,arena.meo.pt,,,,auditorio,olivais,,
Conan Gray,2026-06-07,2026-06-07,MEO Arena,"Rossio dos Olivais - Parque das Nações, 1990-231, Lisboa",Lisboa,https://www.agendalx.pt/wp-json/agendalx/v1/events,https://www.agendalx.pt/content/uploads/2025/10/conan-gray.jpg,música,,"a:1:{i:0;a:1:{s:5:""value"";s:11:""45 € a 75"";}}",approved,agendalx,223353,https://www.agendalx.pt/wp-json/agendalx/v1/events,3065053c8e65e9d1ff099982256cd285a24b16a8,"Conan Gray traz a digressão <em>Wishbone</em> ao MEO Arena no dia 7 de junho de 2026. A aguardada estreia do cantor e compositor americano em Lisboa decorre na companhia da cantora Esha Tewari, que i...",pop,,música,,,38.767571,-9.094552,arena.meo.pt,,,,auditorio,olivais,,
A Bronx Tale: One Man Show,2026-06-10,2026-06-10,Cinema São Jorge,"Avenida da Liberdade, 175, 1250-141, Lisboa",Lisboa,https://www.agendalx.pt/wp-json/agendalx/v1/events,https://www.agendalx.pt/content/uploads/2026/01/Chazz-Palminteri.jpg,teatro,,"a:1:{i:0;a:1:{s:5:""value"";s:11:""20 € a 45"";}}",approved,agendalx,228274,https://www.agendalx.pt/wp-json/agendalx/v1/events,5433905b27a1978cff25e6b31e3962325f776f02,"Nascido e criado no Bronx, Chazz Palminteri escreveu <i>A Bronx Tale</i> em 1988, uma poderosa peça autobiográfica que retrata a infância difícil, marcada por episódios intensos, como ter testemu...",Estados Unidos da América,,teatro,,,38.720275,-9.146379,http://cinemasaojorge.pt,213 103 400,,Bilheteira: todos os dias das 13h às 20h. Em dias de eventos até 15 min. após o início da última sessão.,"cinema, equipamento-municipal",santo-antonio,,
Travesty,2026-06-11,2026-06-11,Teatro Tivoli BBVA,"Avenida da Liberdade, 182 A, 1250-146, Lisboa",Lisboa,https://www.agendalx.pt/wp-json/agendalx/v1/events,https://www.agendalx.pt/content/uploads/2026/01/travesty.jpg,stand up comedy,,,approved,agendalx,230104,https://www.agendalx.pt/wp-json/agendalx/v1/events,43fb110069b46561c3e49bf3cf13fcbd3cc3b4a3,"Parte performance artística, parte narrativa histórica, parte manifesto, <em>Travesty </em>percorre a história <em>queer</em> secreta de um único lugar ao longo do tempo — uma bruxa é queimada...","drag, queer",,stand up comedy,,,38.720237,-9.145005,https://www.teatrotivolibbva.pt,213 151 050,,,teatro,santo-antonio,,
Manel e Chico descobrem o Teatro Romano,2026-06-14,2026-06-14,Museu de Lisboa - Teatro Romano,"Rua de São Mamede, 3A, 1100-532, Lisboa",Lisboa,https://www.agendalx.pt/wp-json/agendalx/v1/events,https://www.agendalx.pt/content/uploads/2026/01/LR_franciscaramalho_livro-teatro-romano_9.jpeg,literatura,,free,approved,agendalx,229684,https://www.agendalx.pt/wp-json/agendalx/v1/events,42c143847c5bc7efa9b6a4bef165031283157de5,Leitura encenada do livro infantojuvenil <em>Manel e Chico descobrem o Teatro Romano </em>que nos conta uma surpreendente história sobre este monumento com mais de 2000 anos. Através desta hist...,"crianças, famílias, gratuito",,literatura,,,38.7103759,-9.1325174,http://www.museudelisboa.pt,218 820 530,,,museu,santa-maria-maior,,
Exercício de montagem,2026-06-18,2026-06-28,Centro Cultural de Belém,"Praça do Império, 1449-003, Lisboa",Lisboa,https://www.agendalx.pt/wp-json/agendalx/v1/events,https://www.agendalx.pt/content/uploads/2026/03/exercicio-de-montagem.jpg,teatro,,"a:1:{i:0;a:2:{s:5:""value"";s:11:""12 € e 15"";s:11:""description"";s:41:""preço normal (ver descontos aplicáveis)"";}}",approved,agendalx,232295,https://www.agendalx.pt/wp-json/agendalx/v1/events,53891fc574ac5c97299e25f076fd6b5d3b5035ef,<em>Pode um filme em progresso ser uma performance? Joana Craveiro parte de um conjunto de imagens que captou na Palestina para ensaiar uma resposta a esta pergunta.</em> <em>O registo de duas via...,"Joana Craveiro, Teatro do Vestido",,teatro,,,38.696435,-9.208603,http://www.ccb.pt,213 612 400,,,centro-cultural,belem,,
Rock in Rio Lisboa,2026-06-20,2026-06-28,Parque Urbano do Tejo e do Trancão,Passeio do Tejo,Lisboa,https://www.agendalx.pt/wp-json/agendalx/v1/events,https://www.agendalx.pt/content/uploads/2026/02/katy-pery.png,música,,,approved,agendalx,230498,https://www.agendalx.pt/wp-json/agendalx/v1/events,11b16378e3b59ed48732da19abdbc5e660ad7ec5,"Nos dias 20, 21, 27 e 28 de junho, o Rock in Rio regressa ao Parque Tejo para a sua 11.ª edição, com mais espaço, mais conforto e uma experiência completamente renovada, desde a chegada ao recint...","ar livre, festival, pop/rock",,música,,,38.789449,-9.093976,,,,,,,,
Uma cidade com 2000 anos,2026-06-27,2026-11-28,Museu de Lisboa - Teatro Romano,"Rua de São Mamede, 3A, 1100-532, Lisboa",Lisboa,https://www.agendalx.pt/wp-json/agendalx/v1/events,https://www.agendalx.pt/content/uploads/2025/10/Uma-cidade-com-2000-anos-Jose-Avelar.jpg,visitas guiadas,,"a:1:{i:0;a:2:{s:5:""value"";s:1:""3"";s:11:""description"";s:10:""em Bolt.pt"";}}",approved,agendalx,223654,https://www.agendalx.pt/wp-json/agendalx/v1/events,a9c6458d0e04dbc5db78c1c97e1661e98b7e7d4a,"Lisboa tem mais de 2000 anos de história e muitos dos seus segredos continuam à vista, mesmo que nem sempre os vejamos. Numa viagem entre ruínas, objetos arqueológicos e histórias fascinantes,...",+10,,visitas guiadas,,,38.7103759,-9.1325174,http://www.museudelisboa.pt,218 820 530,,,museu,santa-maria-maior,,
Grande entre os assassinos,2026-06-29,2026-06-29,Teatro Tivoli BBVA,"Avenida da Liberdade, 182 A, 1250-146, Lisboa",Lisboa,https://www.agendalx.pt/wp-json/agendalx/v1/events,https://www.agendalx.pt/content/uploads/2026/02/eduardo-madeira.jpg,stand up comedy,,"a:1:{i:0;a:1:{s:5:""value"";s:11:""14 € a 22"";}}",approved,agendalx,231794,https://www.agendalx.pt/wp-json/agendalx/v1/events,8fc900e9aae31b7b1d686996fe0a153cb5f002ef,"<em>O Sexo, a Loucura, os Excessos, a Morte do irmão, a Morte da namorada, a Experiência Gay, como acabou testemunha num processo de Violência Doméstica e uma ligação improvável com Assassinos....",,,stand up comedy,,,38.720237,-9.145005,https://www.teatrotivolibbva.pt,213 151 050,,,teatro,santo-antonio,,
Um julgamento,2026-07-03,2026-07-05,Centro Cultural de Belém,"Praça do Império, 1449-003, Lisboa",Lisboa,https://www.agendalx.pt/wp-json/agendalx/v1/events,https://www.agendalx.pt/content/uploads/2026/01/um-julgamento.jpg,teatro,,"a:1:{i:0;a:1:{s:5:""value"";s:11:""21 € a 30"";}}",approved,agendalx,228333,https://www.agendalx.pt/wp-json/agendalx/v1/events,c7f4a5a54e921c7d14b4d662b5d13a162df27f6a,"<i>Um Julgamento</i> não é uma adaptação de <i>Um Inimigo do Povo</i>, de Ibsen, mas sim um texto original que transforma o teatro num tribunal. Um tribunal onde as personagens principais da pe?...","Brasil, Christiane Jatahy, Ibsen",,teatro,,,38.696435,-9.208603,http://www.ccb.pt,213 612 400,,,centro-cultural,belem,,
Rocha n´Roll,2026-07-04,2026-07-04,Casino Lisboa,"Alameda dos Oceanos 45, 1990-204, Lisboa",Lisboa,https://www.agendalx.pt/wp-json/agendalx/v1/events,https://www.agendalx.pt/content/uploads/2026/02/rocha.jpg,stand up comedy,,"a:1:{i:0;a:1:{s:5:""value"";s:11:""20 € a 22"";}}",approved,agendalx,231854,https://www.agendalx.pt/wp-json/agendalx/v1/events,cdc55fdcafe20339086211c0a54135bc5bf200e9,"O primeiro solo de <em>stand-up</em> do humorista Fernando Rocha é uma viagem. É storytelling vivido e contado na primeira pessoa ao longo dos seus 50 anos de existência, transformando episódios...",,,stand up comedy,,,38.765925,-9.096071,http://casino-lisboa.pt,218 929 000,,"Seg a dom, 14h30 - 03h
Áreas de jogo, 15h-03h

Encerra a 24 de dezembro",,olivais,,
Iron Maiden,2026-07-07,2026-07-07,Estádio do Sport Lisboa e Benfica,"Avenida General Norton de Matos, Lisboa",Lisboa,https://www.agendalx.pt/wp-json/agendalx/v1/events,https://www.agendalx.pt/content/uploads/2026/02/iron-maiden.png,música,,"a:1:{i:0;a:1:{s:5:""value"";s:11:""70 € a 90"";}}",approved,agendalx,230523,https://www.agendalx.pt/wp-json/agendalx/v1/events,2149247157548ccad62b5498ed23ec5749225035,"Os Iron Maiden regressam a Portugal para aquele que promete ser o maior concerto da sua carreira no nosso país. No dia 7 de julho, o Estádio da Luz abre as portas a um espetáculo de proporções co...",heavy metal,,música,,,38.7574456,-9.1717763,http://www.slbenfica.pt,217 219 500,,,,campo-grande,,
Scorpions,2026-07-08,2026-07-08,MEO Arena,"Rossio dos Olivais - Parque das Nações, 1990-231, Lisboa",Lisboa,https://www.agendalx.pt/wp-json/agendalx/v1/events,https://www.agendalx.pt/content/uploads/2026/02/scorpions.jpeg,música,,"a:1:{i:0;a:1:{s:5:""value"";s:11:""45 € a 65"";}}",approved,agendalx,230536,https://www.agendalx.pt/wp-json/agendalx/v1/events,b6921ca71a30d57b507bc7f9ca87917d44b73865,"Os lendários Scorpions estão de volta com a <em>Coming Home 2026 Tour</em>, com passagem por Portugal no dia 8 de julho, na MEO Arena. Com uma carreira que atravessa mais de seis décadas, os Scorpi...",rock,,música,,,38.767571,-9.094552,arena.meo.pt,,,,auditorio,olivais,,
Belle and Sebastian,2026-07-21,2026-07-21,Coliseu dos Recreios,"Rua das Portas de Santo Antão, 96, 1150-269 Lisboa, Lisboa",Lisboa,https://www.agendalx.pt/wp-json/agendalx/v1/events,https://www.agendalx.pt/content/uploads/2026/02/AIC_9526-F.jpg,música,,"a:1:{i:0;a:1:{s:5:""value"";s:11:""40 € a 60"";}}",approved,agendalx,230541,https://www.agendalx.pt/wp-json/agendalx/v1/events,7343663afb3c973fa120bb76fa13cd2a87401861,"A banda escocesa regressa a Lisboa no dia 21 de julho com o espetáculo <em>If You’re Feeling Sinister</em>, onde toca na íntegra o álbum de culto que celebra este ano o seu 30.º aniversário...","alternativa, indie",,música,,,38.716506,-9.140548,www.coliseulisboa.com,+351 213 240 585,,"↓
Atendimento e bilheteiras das 13h00 às 19:00 de segunda a sexta.
Dias de espectáculo abertura 13h00, encerramento 30 minutos após o início do mesmo.",auditorio,santa-maria-maior,,
Macbeth,2026-07-21,2026-07-25,Capitólio,"Parque Mayer, 1250-096, Lisboa",Lisboa,https://www.agendalx.pt/wp-json/agendalx/v1/events,https://www.agendalx.pt/content/uploads/2026/02/macbeth.jpg,teatro,,"a:1:{i:0;a:2:{s:5:""value"";s:2:""15"";s:11:""description"";s:41:""preço normal (ver descontos aplicáveis)"";}}",approved,agendalx,231176,https://www.agendalx.pt/wp-json/agendalx/v1/events,086f4d52bf19841b7f3bbe41a1a1903eaf084f3b,"Nesta reescrita, partindo de Shakespeare, o percurso trágico dos indivíduos desenrola-se sob o olhar atento de um público voyeur, num formato que evoca a lógica dos<em> reality shows</em> que marc...","SillySeason, William Shakespeare",,teatro,,,38.718971,-9.146289,www.egeac.pt/capitolio,211 385 340,,,auditorio,santo-antonio,,
Worten Mock Fest,2026-08-28,2026-08-30,Cinema São Jorge,"Avenida da Liberdade, 175, 1250-141, Lisboa",Lisboa,https://www.agendalx.pt/wp-json/agendalx/v1/events,https://www.agendalx.pt/content/uploads/2024/03/cinema-sao-jorge.jpg,stand up comedy,,,approved,agendalx,228277,https://www.agendalx.pt/wp-json/agendalx/v1/events,6862393717ddd9dbcf084222452f7a414151cc44,"O <span data-olk-copy-source=""MessageBody"">Festival Internacional de Comédia está de regresso ao Cinema São Jorge no final de agosto.</span> Programa integral <a href=""https://mockfest.pt/en/"" t...",,,stand up comedy,,,38.720275,-9.146379,http://cinemasaojorge.pt,213 103 400,,Bilheteira: todos os dias das 13h às 20h. Em dias de eventos até 15 min. após o início da última sessão.,"cinema, equipamento-municipal",santo-antonio,,
MEO Kalorama,2026-08-28,2026-08-30,Parque da Belavista,"Parque da Belavista, 1950-000, Lisboa",Lisboa,https://www.agendalx.pt/wp-json/agendalx/v1/events,https://www.agendalx.pt/content/uploads/2026/02/Robbie-Williams.png,música,,"a:1:{i:0;a:1:{s:5:""value"";s:13:""100 € a 120"";}}",approved,agendalx,230515,https://www.agendalx.pt/wp-json/agendalx/v1/events,74cf1353d1b32b5cfedf24379d69626d924279b9,"Em agosto, o Parque da Bela Vista volta a receber o MEO Kalorama. Desde 2022, o festival tem vindo a estabelecer-se como o maior festival de verão da cidade de Lisboa, ocupando todos os anos um dos m...","alternativa, ar livre, festival",,música,,,38.749999,-9.125644,http://www.cm-lisboa.pt/equipamentos/equipamento/info/parque-da-bela-vista,808 203 232,,,parque,chelas,,
The Weeknd,2026-09-05,2026-09-05,Estádio do Restelo,"Praceta Torres do Restelo, 1449-015, Lisboa",Lisboa,https://www.agendalx.pt/wp-json/agendalx/v1/events,https://www.agendalx.pt/content/uploads/2025/10/Photo-by-Sebastien-Nagy-4.jpg,música,,,approved,agendalx,222782,https://www.agendalx.pt/wp-json/agendalx/v1/events,8027f16a45ca0cf1668133b1eb68ca4c54e30485,"<span data-olk-copy-source=""MessageBody"">A digressão </span><em>After Hours Til Dawn Stadium Tour</em> celebra a trilogia de álbuns do americano The Weeknd — <em>After Hours</em> (2020), <em>Da...",pop/rock,,música,,,38.711119,-9.213153,,213 040 000,,,complexo-desportivo,,,
Rádio Macau,2026-09-30,2026-10-02,Coliseu dos Recreios,"Rua das Portas de Santo Antão, 96, 1150-269 Lisboa, Lisboa",Lisboa,https://www.agendalx.pt/wp-json/agendalx/v1/events,https://www.agendalx.pt/content/uploads/2026/03/Radio-Macau-5.2.jpg,música,,"a:1:{i:0;a:1:{s:5:""value"";s:11:""18 € a 45"";}}",approved,agendalx,232493,https://www.agendalx.pt/wp-json/agendalx/v1/events,8443ec7c42efcbf6dc00815015a96e88b1c6da1f,"Os Rádio Macau estão de regresso aos palcos com dois concertos marcados no Coliseus, a 30 de setembro e 2 de outubro. Depois de mais de uma década de pausa, a banda volta a subir aos palcos com a...","música portuguesa, pop/rock",,música,,,38.716506,-9.140548,www.coliseulisboa.com,+351 213 240 585,,"↓
Atendimento e bilheteiras das 13h00 às 19:00 de segunda a sexta.
Dias de espectáculo abertura 13h00, encerramento 30 minutos após o início do mesmo.",auditorio,santa-maria-maior,,
Está tudo sob controle,2026-10-28,2026-10-28,Teatro Villaret,"Avenida Fontes Pereira de Melo 30 A, 1050-010, Lisboa",Lisboa,https://www.agendalx.pt/wp-json/agendalx/v1/events,https://www.agendalx.pt/content/uploads/2026/02/laura.jpg,stand up comedy,,"a:1:{i:0;a:1:{s:5:""value"";s:2:""12"";}}",approved,agendalx,231872,https://www.agendalx.pt/wp-json/agendalx/v1/events,3962420faac33a9fb95d39b2f01e4998d971b43e,"<em>Está Tudo Sob Controle</em> é um retrato hilariante e honesto da vida de uma mulher francesa a tentar sobreviver em Portugal: mãe de três filhos, recém-separada e a namorar um “tuga a séri...",,,stand up comedy,,,38.730305,-9.146796,www.facebook.com/villaret.teatro/,213 538 586,,,teatro,santo-antonio,,
The Mo You Know,2026-11-25,2026-11-25,Teatro Maria Matos,"Avenida Frei Miguel Contreiras, 52, 1700-081, Lisboa",Lisboa,https://www.agendalx.pt/wp-json/agendalx/v1/events,https://www.agendalx.pt/content/uploads/2026/01/Mo.jpg,stand up comedy,,"a:1:{i:0;a:1:{s:5:""value"";s:11:""23 € e 26"";}}",approved,agendalx,229063,https://www.agendalx.pt/wp-json/agendalx/v1/events,8100e01638ece2c53d3c082bcde96322b83a3c50,"O comediante sensação e vencedor de três prémios BAFTA, Mo Gilligan, anunciou a sua maior digressão mundial de sempre com <em>The Mo You Know</em>, em 2026.",+16,,stand up comedy,,,38.74595,-9.138745,http://www.teatromariamatos.pt,218 438 800,,,teatro,alvalade,,