title,starts_at,ends_at,location_name,address,city,url,image_url,category,audience,accessibility,price,status,source,source_id,source_url,dedupe_key
Lisbon is buzzing this weekend: must-see events (some free) from March 13 to 15,,,,,Lisbon,https://lisboasecreta.co/en/what-to-do-in-lisbon-weekend/,https://offloadmedia.feverup.com/lisboasecreta.co/wp-content/uploads/2021/11/13113835/mulher-num-miradouro-em-lisboa-fim-de-semana-%40paulo-evangelista.jpeg,,,,,approved,lisboa_secreta,what-to-do-in-lisbon-weekend,https://lisboasecreta.co/en/what-to-do-in-lisbon-weekend/,5b763c6789f041dc856f8bb8ed662d85d27f41a2
"E.Leclerc supermarket is closing and until March 13, it is selling everything at a 30% discount (storewide).",,,,,Lisbon,https://lisboasecreta.co/en/e-leclerc-supermarket-is-closing-and-is-selling-everything-at-a-30-discount-storewide-until-march-13/,https://offloadmedia.feverup.com/lisboasecreta.co/wp-content/uploads/2026/03/09194351/DF0D89C1-7FC4-4627-AC02-F626AA523F9C.jpeg,,,,,approved,lisboa_secreta,e-leclerc-supermarket-is-closing-and-is-selling-everything-at-a-30-discount-storewide-until-march-13,https://lisboasecreta.co/en/e-leclerc-supermarket-is-closing-and-is-selling-everything-at-a-30-discount-storewide-until-march-13/,a8e89cf7b2ed6df251f0b190d0eb322637ad0846
"Goodbye, winter: from this date onwards, you will sleep one hour less, but spend more time in the sun in Lisbon.",,,,,Lisbon,https://lisboasecreta.co/en/change-to-daylight-saving-time/,https://offloadmedia.feverup.com/lisboasecreta.co/wp-content/uploads/2026/03/05120612/horario-de-verao-generica.jpg,,,,,approved,lisboa_secreta,change-to-daylight-saving-time,https://lisboasecreta.co/en/change-to-daylight-saving-time/,aa9cc65042a843388ec71542c1edba75785ab473
More than 500 bagpipers will invade Avenida da Liberdade: the biggest St. Patrick’s Day ever comes to Lisbon,,,,,Lisbon,https://lisboasecreta.co/en/parade-bagpipes-st-patricks-day-lisbon/,https://offloadmedia.feverup.com/lisboasecreta.co/wp-content/uploads/2026/03/13095029/desfile-de-st.-patricks-em-lisboa-%40desfilesaopatriciolisboa-_3.jpg,,,,,approved,lisboa_secreta,parade-bagpipes-st-patricks-day-lisbon,https://lisboasecreta.co/en/parade-bagpipes-st-patricks-day-lisbon/,f66d16b4165fff0501d95d6188a5462a9a5181ad
Music Guide: The Best Concerts Already Confirmed for 2026,,,,,Lisbon,https://lisboasecreta.co/en/music-concerts-in-lisbon/,https://offloadmedia.feverup.com/lisboasecreta.co/wp-content/uploads/2022/02/08092637/Estu%CC%81dio-Time-Out-recebe-concertos-tributo-a-Queen-e-Pearl-Jam-%40spencer-davis.jpg,,,,,approved,lisboa_secreta,music-concerts-in-lisbon,https://lisboasecreta.co/en/music-concerts-in-lisbon/,7d8da6821c8032de51862f5f11239f579e6789b3
All confirmations for NOS Alive 2026 (so far),,,,,Lisbon,https://lisboasecreta.co/en/nos-alive-2026-music-festival/,https://offloadmedia.feverup.com/lisboasecreta.co/wp-content/uploads/2023/11/15135755/pessoas-no-festival-de-musica-nos-alive-%40nos_alive-_1.jpg,,,,,approved,lisboa_secreta,nos-alive-2026-music-festival,https://lisboasecreta.co/en/nos-alive-2026-music-festival/,5ccd9f85f2e423548497f167c4d456afb28f274e
"Iñigo Quintero, the global phenomenon behind “Si No Estás,” comes to Lisbon: the Galician star will perform in the capital later this month.",,,,,Lisbon,https://lisboasecreta.co/en/inigo-quintero-concert-in-lisbon/,https://offloadmedia.feverup.com/lisboasecreta.co/wp-content/uploads/2026/03/12205125/inigo-quintero.jpg,,,,,approved,lisboa_secreta,inigo-quintero-concert-in-lisbon,https://lisboasecreta.co/en/inigo-quintero-concert-in-lisbon/,4cfbb6b632ca575787b7ba9211eb99bad73842e0
Lisbon’s most famous animation festival is back: the 25th edition of MONSTRA brings around 500 films and more than 120 screenings to the capital.,,,,,Lisbon,https://lisboasecreta.co/en/monstra-lisbon-animation-festival/,https://offloadmedia.feverup.com/lisboasecreta.co/wp-content/uploads/2026/03/12160921/festival-monstra.jpg,,,,,approved,lisboa_secreta,monstra-lisbon-animation-festival,https://lisboasecreta.co/en/monstra-lisbon-animation-festival/,3a509c80ee2c430a6322fc54a466c83e178fdab1
"This art museum in Lisbon is celebrating its first anniversary with free admission, music, and a rare work by Almada Negreiros.",,,,,Lisbon,https://lisboasecreta.co/en/party-program-first-anniversary-macam-lisbon/,https://offloadmedia.feverup.com/lisboasecreta.co/wp-content/uploads/2026/03/12142246/macam-aniversario.jpg,,,,,approved,lisboa_secreta,party-program-first-anniversary-macam-lisbon,https://lisboasecreta.co/en/party-program-first-anniversary-macam-lisbon/,8c1fe4f60493ab8c651bcb0be73bb08b58582679
Time travel in Lisbon: 13 essential stops among medieval ruins and masterpieces of national engineering,,,,,Lisbon,https://lisboasecreta.co/en/the-best-lisbon-monuments/,https://offloadmedia.feverup.com/lisboasecreta.co/wp-content/uploads/2022/03/06104819/mosteiro-dos-jeronimos-foto.jpg,,,,,approved,lisboa_secreta,the-best-lisbon-monuments,https://lisboasecreta.co/en/the-best-lisbon-monuments/,ab369a20ef99f01a9b88a2155c1b1fad97082a4c
The jewel of Lisbon where princesses get married: this Basilica has a hidden viewpoint with incredible views and is a National Monument.,,,,,Lisbon,https://lisboasecreta.co/en/history-basilica-da-estrela-monument/,https://offloadmedia.feverup.com/lisboasecreta.co/wp-content/uploads/2026/02/18172548/basilica-da-estrela-cover.jpg,,,,,approved,lisboa_secreta,history-basilica-da-estrela-monument,https://lisboasecreta.co/en/history-basilica-da-estrela-monument/,602c98afd9f41f72d037aef83fb8092f8ee06e9e
Festival CriaSons,2026-03-21,2026-03-21,,,Lisbon,https://www.visitlisboa.com/en/events,https://www.visitlisboa.com/rails/active_storage/representations/redirect/eyJfcmFpbHMiOnsiZGF0YSI6MzY2NjYsInB1ciI6ImJsb2JfaWQifX0=--13a04ed0ef88d886bf4104c990ab2ee0ad590cb2/eyJfcmFpbHMiOnsiZGF0YSI6eyJmb3JtYXQiOiJqcGciLCJyZXNpemUiOiI1MTJ4NTEyXHUwMDNlIn0sInB1ciI6InZhcmlhdGlvbiJ9fQ==--0ba8b7f58340100b312280e63751a8a851d1f9fb/crias.jpg,Music,,,Free Entry,approved,visitlisboa,en/events/festival-criasons_,https://www.visitlisboa.com/en/events,d2e8668486f375bfc3a11d653a75fc1473cd4cec
Tide Line. CAM’s Collection,2024-09-21,2026-05-11,,,Lisbon,https://www.visitlisboa.com/en/events,https://www.visitlisboa.com/rails/active_storage/representations/redirect/eyJfcmFpbHMiOnsiZGF0YSI6MjI1NzgsInB1ciI6ImJsb2JfaWQifX0=--24bbedc866eb8b8cf83805b707034315292bde3d/eyJfcmFpbHMiOnsiZGF0YSI6eyJmb3JtYXQiOiJqcGciLCJyZXNpemUiOiI1MTJ4NTEyXHUwMDNlIn0sInB1ciI6InZhcmlhdGlvbiJ9fQ==--0ba8b7f58340100b312280e63751a8a851d1f9fb/Tide-monica-miranda.jpg,Exhibitions,,,,approved,visitlisboa,en/events/tide-line-cam-s-collection,https://www.visitlisboa.com/en/events,9387ecfa336bddd8b189496021b04e5c9e1b595a
"Camões: epic, lyrical, universal.",2024-11-09,2026-06-27,,,Lisbon,https://www.visitlisboa.com/en/events,https://www.visitlisboa.com/rails/active_storage/representations/redirect/eyJfcmFpbHMiOnsiZGF0YSI6MzU3MTYsInB1ciI6ImJsb2JfaWQifX0=--825b89c8f9ba571712875f078b6d2c8505316f77/eyJfcmFpbHMiOnsiZGF0YSI6eyJmb3JtYXQiOiJqcGciLCJyZXNpemUiOiI1MTJ4NTEyXHUwMDNlIn0sInB1ciI6InZhcmlhdGlvbiJ9fQ==--0ba8b7f58340100b312280e63751a8a851d1f9fb/visit-lisboa-Destino-Camoes-epico-lirico-universal.jpg,Exhibitions,,,Free Entry,approved,visitlisboa,en/events/camoes-epic-lyrical-universal,https://www.visitlisboa.com/en/events,46df32307a1d8faf3a0ab680fd6b86d48b63ad3a
"Ah, Amália - Living Experience",2025-01-01,2026-12-31,,Praça David Leandro da Silva,Lisbon,https://www.visitlisboa.com/en/events,https://www.visitlisboa.com/rails/active_storage/representations/redirect/eyJfcmFpbHMiOnsiZGF0YSI6MzUyMzEsInB1ciI6ImJsb2JfaWQifX0=--2224bbde2c47c49726a99e7357670371123c19d8/eyJfcmFpbHMiOnsiZGF0YSI6eyJmb3JtYXQiOiJqcGciLCJyZXNpemUiOiI1MTJ4NTEyXHUwMDNlIn0sInB1ciI6InZhcmlhdGlvbiJ9fQ==--0ba8b7f58340100b312280e63751a8a851d1f9fb/am%C3%A1lia_WTA_th.jpg,Exhibitions,,,From €17,approved,visitlisboa,en/events/ah-amalia-living-experience,https://www.visitlisboa.com/en/events,1cda06eb72fa4ca3b713fe75ca1ffb506cef5322
Museu Banksy Lisbon,2025-01-01,2027-12-31,,Rua Viriato,Lisbon,https://www.visitlisboa.com/en/events,https://www.visitlisboa.com/rails/active_storage/representations/redirect/eyJfcmFpbHMiOnsiZGF0YSI6MTI4MzksInB1ciI6ImJsb2JfaWQifX0=--18cd0d60abe2c21258a9209cb9aec7e82d856b60/eyJfcmFpbHMiOnsiZGF0YSI6eyJmb3JtYXQiOiJqcGciLCJyZXNpemUiOiI1MTJ4NTEyXHUwMDNlIn0sInB1ciI6InZhcmlhdGlvbiJ9fQ==--0ba8b7f58340100b312280e63751a8a851d1f9fb/the-world-of-banksy-lisboa.jpg,Exhibitions,,,From €8 to €12,approved,visitlisboa,en/events/museu-banksy-lisbon,https://www.visitlisboa.com/en/events,9eeba9535ac785a46dbc083ba1859ac6fef97731
Benfica Handicrafts Market,2026-04-11,2026-04-11,,,Lisbon,https://www.visitlisboa.com/en/events,https://www.visitlisboa.com/rails/active_storage/representations/redirect/eyJfcmFpbHMiOnsiZGF0YSI6MjY1NTMsInB1ciI6ImJsb2JfaWQifX0=--57d5b1e990a1587bcd63f2426ec3a6829cb4eb15/eyJfcmFpbHMiOnsiZGF0YSI6eyJmb3JtYXQiOiJqcGciLCJyZXNpemUiOiI1MTJ4NTEyXHUwMDNlIn0sInB1ciI6InZhcmlhdGlvbiJ9fQ==--0ba8b7f58340100b312280e63751a8a851d1f9fb/Feita-de-Artesanato-de-Benfica_25.jpg,Fairs,,,Free Entry,approved,visitlisboa,en/events/benfica-handicrafts-market,https://www.visitlisboa.com/en/events,bbc37a00f6e819ecf8fa5fe75272b246146e424a
Connections,2025-02-22,2026-08-30,,,Lisbon,https://www.visitlisboa.com/en/events,https://www.visitlisboa.com/rails/active_storage/representations/redirect/eyJfcmFpbHMiOnsiZGF0YSI6MzUyNjAsInB1ciI6ImJsb2JfaWQifX0=--fd7efa15dc4528a57fb6b733954fa76e520e5cbe/eyJfcmFpbHMiOnsiZGF0YSI6eyJmb3JtYXQiOiJqcGciLCJyZXNpemUiOiI1MTJ4NTEyXHUwMDNlIn0sInB1ciI6InZhcmlhdGlvbiJ9fQ==--0ba8b7f58340100b312280e63751a8a851d1f9fb/event.jpg,Exhibitions,,,,approved,visitlisboa,en/events/connections,https://www.visitlisboa.com/en/events,66680bee3025fb595445fe6d90970b183c71d234
Istanbul and Lisbon – Soulmates,2025-02-28,2026-12-31,,,Lisbon,https://www.visitlisboa.com/en/events,https://www.visitlisboa.com/rails/active_storage/representations/redirect/eyJfcmFpbHMiOnsiZGF0YSI6MzQ5OTQsInB1ciI6ImJsb2JfaWQifX0=--61a9d1912883d424d3625d76dfdbe61340f0d3c3/eyJfcmFpbHMiOnsiZGF0YSI6eyJmb3JtYXQiOiJqcGciLCJyZXNpemUiOiI1MTJ4NTEyXHUwMDNlIn0sInB1ciI6InZhcmlhdGlvbiJ9fQ==--0ba8b7f58340100b312280e63751a8a851d1f9fb/Istambul-e-Lisboa--Almas-Gemeas.jpg,Exhibitions,,,,approved,visitlisboa,en/events/istanbul-and-lisbon-soulmates,https://www.visitlisboa.com/en/events,0ab63cda68025fef49d03ad83eafbd3e0ba625f7
Take 1 | The Collection of Artist Julião Sarmento,2025-06-04,2026-04-26,,,Lisbon,https://www.visitlisboa.com/en/events,https://www.visitlisboa.com/rails/active_storage/representations/redirect/eyJfcmFpbHMiOnsiZGF0YSI6MzU5OTUsInB1ciI6ImJsb2JfaWQifX0=--c0c4af5c3af28ab32d8907e57e8d2e498fc3a27f/eyJfcmFpbHMiOnsiZGF0YSI6eyJmb3JtYXQiOiJqcGciLCJyZXNpemUiOiI1MTJ4NTEyXHUwMDNlIn0sInB1ciI6InZhcmlhdGlvbiJ9fQ==--0ba8b7f58340100b312280e63751a8a851d1f9fb/visit-lisboa-take-1-a-colecao-do-artista-juliao-sarmento.jpg,Exhibitions,,,,approved,visitlisboa,en/events/take-1-the-collection-of-artist-juliao-sarmento,https://www.visitlisboa.com/en/events,82820925df9ab78748b5b834ebb7d6c7a0440b8b
InArt – Community Arts Festival,2026-05-25,2026-05-31,,,Lisbon,https://www.visitlisboa.com/en/events,https://www.visitlisboa.com/rails/active_storage/representations/redirect/eyJfcmFpbHMiOnsiZGF0YSI6MzYxMjIsInB1ciI6ImJsb2JfaWQifX0=--1e99864ab5cced6120807292f8156fd5186080bc/eyJfcmFpbHMiOnsiZGF0YSI6eyJmb3JtYXQiOiJqcGciLCJyZXNpemUiOiI1MTJ4NTEyXHUwMDNlIn0sInB1ciI6InZhcmlhdGlvbiJ9fQ==--0ba8b7f58340100b312280e63751a8a851d1f9fb/InArt-GEN.jpg,Festivals,,,,approved,visitlisboa,en/events/inart-community-arts-festival,https://www.visitlisboa.com/en/events,90df96eedbfa0b17b16b772c815ea3d7cab9e388
Chronicles of an unknown Lisbon,2025-06-25,2026-03-22,,,Lisbon,https://www.visitlisboa.com/en/events,https://www.visitlisboa.com/rails/active_storage/representations/redirect/eyJfcmFpbHMiOnsiZGF0YSI6MzA1MDAsInB1ciI6ImJsb2JfaWQifX0=--dd0ae7d8b18f213ecb5812cd07a65928c72752ea/eyJfcmFpbHMiOnsiZGF0YSI6eyJmb3JtYXQiOiJqcGciLCJyZXNpemUiOiI1MTJ4NTEyXHUwMDNlIn0sInB1ciI6InZhcmlhdGlvbiJ9fQ==--0ba8b7f58340100b312280e63751a8a851d1f9fb/lisboa-desconhecida-egeac-1.jpg,Exhibitions,,,From €3,approved,visitlisboa,en/events/chronicles-of-an-unknown-lisbon,https://www.visitlisboa.com/en/events,2820364c675b79c771ce9ad1f2f602f1860103a8
Power and Glory,2025-09-14,2026-06-14,,,Lisbon,https://www.visitlisboa.com/en/events,https://www.visitlisboa.com/rails/active_storage/representations/redirect/eyJfcmFpbHMiOnsiZGF0YSI6MzYwMzQsInB1ciI6ImJsb2JfaWQifX0=--1b071042ad46db5460d6170830fa696b8b2caad5/eyJfcmFpbHMiOnsiZGF0YSI6eyJmb3JtYXQiOiJqcGciLCJyZXNpemUiOiI1MTJ4NTEyXHUwMDNlIn0sInB1ciI6InZhcmlhdGlvbiJ9fQ==--0ba8b7f58340100b312280e63751a8a851d1f9fb/2026-visit-O-Poder-e-a-Gloria_Ensaios.jpg,Cinema,,,,approved,visitlisboa,en/events/power-and-glory,https://www.visitlisboa.com/en/events,64ce0404718d9ab3b2f4ff64cf05e9f257c2cd7c
"Scheherazade, the Never-ending Collection of CAM",2025-09-20,2027-09-20,,,Lisbon,https://www.visitlisboa.com/en/events,https://www.visitlisboa.com/rails/active_storage/representations/redirect/eyJfcmFpbHMiOnsiZGF0YSI6MzQxNTAsInB1ciI6ImJsb2JfaWQifX0=--139757b0ad4fc0f6fb4608aa02fe601f1b106b95/eyJfcmFpbHMiOnsiZGF0YSI6eyJmb3JtYXQiOiJqcGciLCJyZXNpemUiOiI1MTJ4NTEyXHUwMDNlIn0sInB1ciI6InZhcmlhdGlvbiJ9fQ==--0ba8b7f58340100b312280e63751a8a851d1f9fb/Gulb__amadeo_86P26-Xerazade-Imagem-principal-de-evento-1.jpg,Exhibitions,,,From €12,approved,visitlisboa,en/events/scheherazade-the-never-ending-collection-of-cam,https://www.visitlisboa.com/en/events,db1353f99c80e38924e0a40ade7cedc71196bc06
Open Storage,2025-09-20,2027-09-20,,,Lisbon,https://www.visitlisboa.com/en/events,https://www.visitlisboa.com/rails/active_storage/representations/redirect/eyJfcmFpbHMiOnsiZGF0YSI6MzQxNjgsInB1ciI6ImJsb2JfaWQifX0=--72ffabd45bfb2549ab2b30a3e8e509321f6f6bf2/eyJfcmFpbHMiOnsiZGF0YSI6eyJmb3JtYXQiOiJqcGciLCJyZXNpemUiOiI1MTJ4NTEyXHUwMDNlIn0sInB1ciI6InZhcmlhdGlvbiJ9fQ==--0ba8b7f58340100b312280e63751a8a851d1f9fb/Gulb_open_storageDSC_1114-imagem-principal-de-evento-1.jpg,Exhibitions,,,Free Entry,approved,visitlisboa,en/events/open-storage,https://www.visitlisboa.com/en/events,1f0487f15703f7db1bb0240d7b001ef18ef2ef01
Hercules - The Heroic Musical,2025-10-17,2026-04-30,,,Lisbon,https://www.visitlisboa.com/en/events,https://www.visitlisboa.com/rails/active_storage/representations/redirect/eyJfcmFpbHMiOnsiZGF0YSI6MzY0NDMsInB1ciI6ImJsb2JfaWQifX0=--a559fe8cf06589d938eb6d9783e6da77e3fd7b42/eyJfcmFpbHMiOnsiZGF0YSI6eyJmb3JtYXQiOiJqcGciLCJyZXNpemUiOiI1MTJ4NTEyXHUwMDNlIn0sInB1ciI6InZhcmlhdGlvbiJ9fQ==--0ba8b7f58340100b312280e63751a8a851d1f9fb/lf2222222.jpg,Theater Opera & Dance,,,From €7.5,approved,visitlisboa,en/events/hercules-the-heroic-musical,https://www.visitlisboa.com/en/events,d2f070236b1d642d39a6da69f3430d6360c63b11
Supercreatures!,2025-10-24,2026-09-30,,,Lisbon,https://www.visitlisboa.com/en/events,https://www.visitlisboa.com/rails/active_storage/representations/redirect/eyJfcmFpbHMiOnsiZGF0YSI6MzYwMjEsInB1ciI6ImJsb2JfaWQifX0=--47333010f799424ae2661b8b9e18f03a8cfc99e1/eyJfcmFpbHMiOnsiZGF0YSI6eyJmb3JtYXQiOiJqcGciLCJyZXNpemUiOiI1MTJ4NTEyXHUwMDNlIn0sInB1ciI6InZhcmlhdGlvbiJ9fQ==--0ba8b7f58340100b312280e63751a8a851d1f9fb/2026-visit-lisboa-supercreatures.jpg,Exhibitions,,,From €10,approved,visitlisboa,en/events/supercreatures,https://www.visitlisboa.com/en/events,28692b2738222a48d278b2bc82f7c300feb64f55
Avenida 211,2025-10-25,2026-04-05,,Avenida 211 is a living archive of the space at that same number on Avenida da Liberdade,Lisbon,https://www.visitlisboa.com/en/events,https://www.visitlisboa.com/rails/active_storage/representations/redirect/eyJfcmFpbHMiOnsiZGF0YSI6MzI5NDUsInB1ciI6ImJsb2JfaWQifX0=--e29d3e894ff7baefd0e41fce418618aefe006853/eyJfcmFpbHMiOnsiZGF0YSI6eyJmb3JtYXQiOiJqcGciLCJyZXNpemUiOiI1MTJ4NTEyXHUwMDNlIn0sInB1ciI6InZhcmlhdGlvbiJ9fQ==--0ba8b7f58340100b312280e63751a8a851d1f9fb/avenida-211.jpg,Exhibitions,,,Free Entry,approved,visitlisboa,en/events/avenida-211,https://www.visitlisboa.com/en/events,74994eab9f3a816c575c9752bc0993bec22af29a
Underground visit to the Loreto Gallery,2026-03-14,2026-03-14,,Praça das Amoreiras,Lisbon,https://www.visitlisboa.com/en/events,https://www.visitlisboa.com/rails/active_storage/representations/redirect/eyJfcmFpbHMiOnsiZGF0YSI6Mjc2OTcsInB1ciI6ImJsb2JfaWQifX0=--bad9ca5c89dcb3b7f1b28f3f6ea2e4ac2c12a398/eyJfcmFpbHMiOnsiZGF0YSI6eyJmb3JtYXQiOiJqcGciLCJyZXNpemUiOiI1MTJ4NTEyXHUwMDNlIn0sInB1ciI6InZhcmlhdGlvbiJ9fQ==--0ba8b7f58340100b312280e63751a8a851d1f9fb/galeria-do-loreto_HD.jpg,Others,,,From €6,approved,visitlisboa,en/events/underground-visit-to-the-loreto-gallery,https://www.visitlisboa.com/en/events,e57f108455e36b56cdfec53cf61f8008fb193f17
Once upon a time...,2025-11-02,2026-06-30,,,Lisbon,https://www.visitlisboa.com/en/events,https://www.visitlisboa.com/rails/active_storage/representations/redirect/eyJfcmFpbHMiOnsiZGF0YSI6MzQwNTQsInB1ciI6ImJsb2JfaWQifX0=--05f0580db8a19f78212cf07c6d8fe889acaac500/eyJfcmFpbHMiOnsiZGF0YSI6eyJmb3JtYXQiOiJqcGciLCJyZXNpemUiOiI1MTJ4NTEyXHUwMDNlIn0sInB1ciI6InZhcmlhdGlvbiJ9fQ==--0ba8b7f58340100b312280e63751a8a851d1f9fb/turismo-lisboa_1400x1087px_eraumavez.jpg,Theater Opera & Dance,,,From €14 to €17,approved,visitlisboa,en/events/once-upon-a-time,https://www.visitlisboa.com/en/events,68184bd3f89340bf2bb7042d39f67e87b85ef98f
Carlos Bunga. Inhabit the Contradiction,2025-11-08,2026-03-30,,,Lisbon,https://www.visitlisboa.com/en/events,https://www.visitlisboa.com/rails/active_storage/representations/redirect/eyJfcmFpbHMiOnsiZGF0YSI6MzU0MDEsInB1ciI6ImJsb2JfaWQifX0=--d77fb55b6ddd89ab69c983a75949438b3e1c1de0/eyJfcmFpbHMiOnsiZGF0YSI6eyJmb3JtYXQiOiJqcGciLCJyZXNpemUiOiI1MTJ4NTEyXHUwMDNlIn0sInB1ciI6InZhcmlhdGlvbiJ9fQ==--0ba8b7f58340100b312280e63751a8a851d1f9fb/visit-lisboa-carlos-bunga-habitar-a-contradicao.jpg,Exhibitions,,,From €8 to €12,approved,visitlisboa,en/events/carlos-bunga-inhabit-the-contradiction,https://www.visitlisboa.com/en/events,4a58b9ba828648ef72a2b2fdccaf284c6d7dd7d6
"Children of All… Children of Whom? ""The Foundlings of the Wheel of Lisbon""",2025-11-17,2026-03-29,,,Lisbon,https://www.visitlisboa.com/en/events,https://www.visitlisboa.com/rails/active_storage/representations/redirect/eyJfcmFpbHMiOnsiZGF0YSI6MzM2NTMsInB1ciI6ImJsb2JfaWQifX0=--a4ee3701c1b09179dfa20d0270dd680d17724bbf/eyJfcmFpbHMiOnsiZGF0YSI6eyJmb3JtYXQiOiJqcGciLCJyZXNpemUiOiI1MTJ4NTEyXHUwMDNlIn0sInB1ciI6InZhcmlhdGlvbiJ9fQ==--0ba8b7f58340100b312280e63751a8a851d1f9fb/exposotos.jpg,Exhibitions,,,,approved,visitlisboa,en/events/children-of-all-children-of-whom-the-foundlings-of-the-wheel-of-lisbon,https://www.visitlisboa.com/en/events,bbabd9ae8173d98805f5d7ed029dc21230fbc2b1
Between Word and Silence,2025-11-22,2026-06-01,,,Lisbon,https://www.visitlisboa.com/en/events,"https://www.visitlisboa.com/rails/active_storage/representations/redirect/eyJfcmFpbHMiOnsiZGF0YSI6MzQyNTYsInB1ciI6ImJsb2JfaWQifX0=--e5603dcd785f708e3da7326f187d0cfc9650fe44/eyJfcmFpbHMiOnsiZGF0YSI6eyJmb3JtYXQiOiJqcGciLCJyZXNpemUiOiI1MTJ4NTEyXHUwMDNlIn0sInB1ciI6InZhcmlhdGlvbiJ9fQ==--0ba8b7f58340100b312280e63751a8a851d1f9fb/Alfredo-Jaar---I-can't-go-on,-I'll-go-on,-2016---Exp-Entre-a-Palavra-e-o-Sile%CC%82ncio_%C2%A9Cortesia-Gal.-Lui%CC%81sa-Strina.jpg",Exhibitions,,,,approved,visitlisboa,en/events/between-word-and-silence,https://www.visitlisboa.com/en/events,b084cf6f001af1b9cffbc7305a2fd5d0b1c21ccd
The self as multiple,2025-11-22,2026-05-04,,,Lisbon,https://www.visitlisboa.com/en/events,https://www.visitlisboa.com/rails/active_storage/representations/redirect/eyJfcmFpbHMiOnsiZGF0YSI6MzQyNTUsInB1ciI6ImJsb2JfaWQifX0=--42ad2492b02e2fbf942e659e984cedd39e717585/eyJfcmFpbHMiOnsiZGF0YSI6eyJmb3JtYXQiOiJqcGciLCJyZXNpemUiOiI1MTJ4NTEyXHUwMDNlIn0sInB1ciI6InZhcmlhdGlvbiJ9fQ==--0ba8b7f58340100b312280e63751a8a851d1f9fb/Ana-Vieira---O-desenho-da-menina-a-fugir-do-seu-suporte_O-eu-como-mu%CC%81ltiplo_%C2%A9MACAM.jpg,Exhibitions,,,,approved,visitlisboa,en/events/the-self-as-multiple,https://www.visitlisboa.com/en/events,642ddd1fc4c9c6575e6a67f9ebbc0ad96280da5d
The Eternal Ark – Fernando Pessoa and Posterity,2025-11-27,2026-12-06,,,Lisbon,https://www.visitlisboa.com/en/events,https://www.visitlisboa.com/rails/active_storage/representations/redirect/eyJfcmFpbHMiOnsiZGF0YSI6MzQyNTQsInB1ciI6ImJsb2JfaWQifX0=--2417e1e20b9c52c651fab5d904391a3927c168ce/eyJfcmFpbHMiOnsiZGF0YSI6eyJmb3JtYXQiOiJqcGciLCJyZXNpemUiOiI1MTJ4NTEyXHUwMDNlIn0sInB1ciI6InZhcmlhdGlvbiJ9fQ==--0ba8b7f58340100b312280e63751a8a851d1f9fb/casa-fernando-pessoa.jpg,Exhibitions,,,,approved,visitlisboa,en/events/the-eternal-ark-fernando-pessoa-and-posterity,https://www.visitlisboa.com/en/events,4c2803d6011da13eecd1517f6951b588d6b873dc
A Place To Be: The Burle Marx Legacy,2025-11-27,2026-04-05,,Praça do Império (train) Cascais line,Lisbon,https://www.visitlisboa.com/en/events,https://www.visitlisboa.com/rails/active_storage/representations/redirect/eyJfcmFpbHMiOnsiZGF0YSI6MzM5NTQsInB1ciI6ImJsb2JfaWQifX0=--25c9c30219bf832d76c8688aaa9de5a17bee5276/eyJfcmFpbHMiOnsiZGF0YSI6eyJmb3JtYXQiOiJqcGciLCJyZXNpemUiOiI1MTJ4NTEyXHUwMDNlIn0sInB1ciI6InZhcmlhdGlvbiJ9fQ==--0ba8b7f58340100b312280e63751a8a851d1f9fb/arquit.jpg,Exhibitions,,,Free Entry,approved,visitlisboa,en/events/a-place-to-be-the-burle-marx-legacy,https://www.visitlisboa.com/en/events,d9279d67436a666537411924e021b101afa233ff
José de Guimarães | Modos de ver – Camões III,2025-11-27,2026-03-15,,,Lisbon,https://www.visitlisboa.com/en/events,https://www.visitlisboa.com/rails/active_storage/representations/redirect/eyJfcmFpbHMiOnsiZGF0YSI6MzYwMTUsInB1ciI6ImJsb2JfaWQifX0=--b174117ae493ae40bf34c75cb700480d8f12ccce/eyJfcmFpbHMiOnsiZGF0YSI6eyJmb3JtYXQiOiJqcGciLCJyZXNpemUiOiI1MTJ4NTEyXHUwMDNlIn0sInB1ciI6InZhcmlhdGlvbiJ9fQ==--0ba8b7f58340100b312280e63751a8a851d1f9fb/2026-visit-lisboa-Modos-de-ver-%E2%80%93-Cam%C3%B5es-III.jpg,Exhibitions,,,,approved,visitlisboa,en/events/jose-de-guimaraes-modos-de-ver-camoes-iii,https://www.visitlisboa.com/en/events,f75ddc72a391d6bc63f00b2a5b4379f3d621123f
Meu nome António. Photographs by Teresa Couto Pinto 1981-1983,2025-12-04,2026-04-26,,,Lisbon,https://www.visitlisboa.com/en/events,https://www.visitlisboa.com/rails/active_storage/representations/redirect/eyJfcmFpbHMiOnsiZGF0YSI6MzQ2MzYsInB1ciI6ImJsb2JfaWQifX0=--edb03b6a93210eb6804341af3ce4c4be50631ba4/eyJfcmFpbHMiOnsiZGF0YSI6eyJmb3JtYXQiOiJqcGciLCJyZXNpemUiOiI1MTJ4NTEyXHUwMDNlIn0sInB1ciI6InZhcmlhdGlvbiJ9fQ==--0ba8b7f58340100b312280e63751a8a851d1f9fb/MUDE-expo-Meu-nome-Anto%CC%81nio_-WHATS-ON.jpg,Exhibitions,,,,approved,visitlisboa,en/events/meu-nome-antonio-photographs-by-teresa-couto-pinto-1981-1983,https://www.visitlisboa.com/en/events,8eeb9ca38342ec0cdc37020046b59eec63441026
Fairs and Markets of Príncipe Real,2026-01-01,2026-12-31,,,Lisbon,https://www.visitlisboa.com/en/events,https://www.visitlisboa.com/rails/active_storage/representations/redirect/eyJfcmFpbHMiOnsiZGF0YSI6NTA4MSwicHVyIjoiYmxvYl9pZCJ9fQ==--b434818ae51b380f8670da65860956c266a62bc8/eyJfcmFpbHMiOnsiZGF0YSI6eyJmb3JtYXQiOiJqcGciLCJyZXNpemUiOiI1MTJ4NTEyXHUwMDNlIn0sInB1ciI6InZhcmlhdGlvbiJ9fQ==--0ba8b7f58340100b312280e63751a8a851d1f9fb/fairs-and-markets-of-principe-real-cover.jpg,Fairs,,,Free Entry,approved,visitlisboa,en/events/fairs-and-markets-of-principe-real,https://www.visitlisboa.com/en/events,d7f02514a0a53a7cf23a59cea42cf9206d0aa8a8
Fado in Chiado,2026-03-16,2026-03-16,,,Lisbon,https://www.visitlisboa.com/en/events,https://www.visitlisboa.com/rails/active_storage/representations/redirect/eyJfcmFpbHMiOnsiZGF0YSI6MzU1MjUsInB1ciI6ImJsb2JfaWQifX0=--b152ded3a5402e3278612905175d023731633d80/eyJfcmFpbHMiOnsiZGF0YSI6eyJmb3JtYXQiOiJqcGciLCJyZXNpemUiOiI1MTJ4NTEyXHUwMDNlIn0sInB1ciI6InZhcmlhdGlvbiJ9fQ==--0ba8b7f58340100b312280e63751a8a851d1f9fb/visit-lisboa-fado-in-chiado-1.jpg,Music,,,,approved,visitlisboa,en/events/fado-in-chiado,https://www.visitlisboa.com/en/events,081f1997abcbfe69ee86de23a6cc229e8af8416d
Comunicar é Natural. A Botânica nas Comunicações,2026-01-09,2026-11-30,,,Lisbon,https://www.visitlisboa.com/en/events,https://www.visitlisboa.com/rails/active_storage/representations/redirect/eyJfcmFpbHMiOnsiZGF0YSI6MzU3MTIsInB1ciI6ImJsb2JfaWQifX0=--92641902027ec44dee7a83347e032da03e17e1ec/eyJfcmFpbHMiOnsiZGF0YSI6eyJmb3JtYXQiOiJqcGciLCJyZXNpemUiOiI1MTJ4NTEyXHUwMDNlIn0sInB1ciI6InZhcmlhdGlvbiJ9fQ==--0ba8b7f58340100b312280e63751a8a851d1f9fb/visit-lisboa-comunicar-e-natural-a-botanica-nas-comunicacoes.jpg,Exhibitions,,,Free Entry,approved,visitlisboa,en/events/comunicar-e-natural-a-botanica-nas-comunicacoes,https://www.visitlisboa.com/en/events,6e7c18761e7c230d034c0f6378b52535b5367af0
Happiness | Mariana Mizarela,2026-01-10,2026-03-29,,,Lisbon,https://www.visitlisboa.com/en/events,https://www.visitlisboa.com/rails/active_storage/representations/redirect/eyJfcmFpbHMiOnsiZGF0YSI6MzYwMDAsInB1ciI6ImJsb2JfaWQifX0=--dbb6525e9b08143491ecb904e2e5fdb69bc41385/eyJfcmFpbHMiOnsiZGF0YSI6eyJmb3JtYXQiOiJqcGciLCJyZXNpemUiOiI1MTJ4NTEyXHUwMDNlIn0sInB1ciI6InZhcmlhdGlvbiJ9fQ==--0ba8b7f58340100b312280e63751a8a851d1f9fb/visit-lisboa-mizarela.jpg,Exhibitions,,,Free Entry,approved,visitlisboa,en/events/happiness-mariana-mizarela,https://www.visitlisboa.com/en/events,9fc2b5b9f1e1f4ec23f0c871b692edb3e1f86bf4
Centenary exhibition of Júlio Pomar,2026-01-10,2026-06-13,,,Lisbon,https://www.visitlisboa.com/en/events,https://www.visitlisboa.com/rails/active_storage/representations/redirect/eyJfcmFpbHMiOnsiZGF0YSI6MzYwMDcsInB1ciI6ImJsb2JfaWQifX0=--d23188ebef50a1eef77a2dddfc95345c81b69dad/eyJfcmFpbHMiOnsiZGF0YSI6eyJmb3JtYXQiOiJqcGciLCJyZXNpemUiOiI1MTJ4NTEyXHUwMDNlIn0sInB1ciI6InZhcmlhdGlvbiJ9fQ==--0ba8b7f58340100b312280e63751a8a851d1f9fb/2026-visit-lisboa-Julio-Pomar-Mojiganga-segundo-Goya-1963-oleo-sobre-tela-162-x-130-cm-scaled.jpg,Exhibitions,,,Free Entry,approved,visitlisboa,en/events/centenary-exhibition-of-julio-pomar,https://www.visitlisboa.com/en/events,d2cf0798088fc156b4615e254b0c2ed4c507fae3
Changing the Guard,2026-03-15,2026-03-15,,,Lisbon,https://www.visitlisboa.com/en/events,https://www.visitlisboa.com/rails/active_storage/representations/redirect/eyJfcmFpbHMiOnsiZGF0YSI6NDYyOSwicHVyIjoiYmxvYl9pZCJ9fQ==--37ae74b54f4e8996fe6ee69665c23d328e1a4a16/eyJfcmFpbHMiOnsiZGF0YSI6eyJmb3JtYXQiOiJqcGciLCJyZXNpemUiOiI1MTJ4NTEyXHUwMDNlIn0sInB1ciI6InZhcmlhdGlvbiJ9fQ==--0ba8b7f58340100b312280e63751a8a851d1f9fb/changing-the-guard-cover.jpg,15 Mar,,,Free Entry,approved,visitlisboa,en/events/changing-the-guard,https://www.visitlisboa.com/en/events,4f01faa3567bbb1e12e428912a318a2e0690ea35
Jardim Aberto (Open garden),2026-04-13,2026-04-13,,,Lisbon,https://www.visitlisboa.com/en/events,https://www.visitlisboa.com/rails/active_storage/representations/redirect/eyJfcmFpbHMiOnsiZGF0YSI6MzU4MjgsInB1ciI6ImJsb2JfaWQifX0=--412fcb391fccfa3f3da0676c6b0f4e081587e68c/eyJfcmFpbHMiOnsiZGF0YSI6eyJmb3JtYXQiOiJqcGciLCJyZXNpemUiOiI1MTJ4NTEyXHUwMDNlIn0sInB1ciI6InZhcmlhdGlvbiJ9fQ==--0ba8b7f58340100b312280e63751a8a851d1f9fb/visit-lisboa-jardim-aberto-open-garden.jpg,Music,,,Free Entry,approved,visitlisboa,en/events/jardim-aberto-open-garden,https://www.visitlisboa.com/en/events,fa3746f31ab916bb1ed00b4fcca7f6f7cd80718c
Jacob Kirkegaard. Testimonium,2026-01-31,2026-05-18,,,Lisbon,https://www.visitlisboa.com/en/events,https://www.visitlisboa.com/rails/active_storage/representations/redirect/eyJfcmFpbHMiOnsiZGF0YSI6MzY0NzMsInB1ciI6ImJsb2JfaWQifX0=--3dfe7f489f3b6bfaee8ed80fb7023d6cdfb533d4/eyJfcmFpbHMiOnsiZGF0YSI6eyJmb3JtYXQiOiJqcGciLCJyZXNpemUiOiI1MTJ4NTEyXHUwMDNlIn0sInB1ciI6InZhcmlhdGlvbiJ9fQ==--0ba8b7f58340100b312280e63751a8a851d1f9fb/visit-lisboa-jacobkirkegaard-fotokreditering.jpg,Exhibitions,,,Free Entry,approved,visitlisboa,en/events/jacob-kirkegaard-testimonium,https://www.visitlisboa.com/en/events,98b9687e55887f56ee2b0af2f8af572720d2c6a4
Nadir Afonso | Territory of Absolute Freedom,2026-02-04,2026-03-14,,,Lisbon,https://www.visitlisboa.com/en/events,https://www.visitlisboa.com/rails/active_storage/representations/redirect/eyJfcmFpbHMiOnsiZGF0YSI6MzU5OTcsInB1ciI6ImJsb2JfaWQifX0=--a6a70ffba7e9190b20925dffacd293cf5889da2b/eyJfcmFpbHMiOnsiZGF0YSI6eyJmb3JtYXQiOiJqcGciLCJyZXNpemUiOiI1MTJ4NTEyXHUwMDNlIn0sInB1ciI6InZhcmlhdGlvbiJ9fQ==--0ba8b7f58340100b312280e63751a8a851d1f9fb/visit-lisboa-Nadir-Afonso.jpg,Exhibitions,,,Free Entry,approved,visitlisboa,en/events/nadir-afonso-territory-of-absolute-freedom,https://www.visitlisboa.com/en/events,883af11401ba76d51ff0f584c404143428615fee
Rituals of light | The bright of Nossa Senhora das Candeias,2026-02-04,2026-05-31,,,Lisbon,https://www.visitlisboa.com/en/events,https://www.visitlisboa.com/rails/active_storage/representations/redirect/eyJfcmFpbHMiOnsiZGF0YSI6MzU5ODcsInB1ciI6ImJsb2JfaWQifX0=--8899993b7c754bdd65a93189415a8221bd787670/eyJfcmFpbHMiOnsiZGF0YSI6eyJmb3JtYXQiOiJqcGciLCJyZXNpemUiOiI1MTJ4NTEyXHUwMDNlIn0sInB1ciI6InZhcmlhdGlvbiJ9fQ==--0ba8b7f58340100b312280e63751a8a851d1f9fb/visit-lisboa-Mostra-Rituais-de-Luz.jpg,Exhibitions,,,From €4,approved,visitlisboa,en/events/rituals-of-light-the-bright-of-nossa-senhora-das-candeias,https://www.visitlisboa.com/en/events,5f0db7c12dc389d7cbc7fc911f614048143fa708
Phoebe Collings-James,2026-02-07,2026-05-10,,,Lisbon,https://www.visitlisboa.com/en/events,https://www.visitlisboa.com/rails/active_storage/representations/redirect/eyJfcmFpbHMiOnsiZGF0YSI6MzU3MjAsInB1ciI6ImJsb2JfaWQifX0=--d4c3753ce3413941b71d04ea4113a84f7444f06d/eyJfcmFpbHMiOnsiZGF0YSI6eyJmb3JtYXQiOiJqcGciLCJyZXNpemUiOiI1MTJ4NTEyXHUwMDNlIn0sInB1ciI6InZhcmlhdGlvbiJ9fQ==--0ba8b7f58340100b312280e63751a8a851d1f9fb/visit-lisboa-PhoebeJoanaLinda.jpg,Exhibitions,,,,approved,visitlisboa,en/events/phoebe-collings-james,https://www.visitlisboa.com/en/events,2237cd998ce4b469dcb7dcac303eddc7ecb4a258
1st Exhibition Cycle,2026-02-10,2026-05-10,,,Lisbon,https://www.visitlisboa.com/en/events,https://www.visitlisboa.com/rails/active_storage/representations/redirect/eyJfcmFpbHMiOnsiZGF0YSI6MzYwNDgsInB1ciI6ImJsb2JfaWQifX0=--313c3b10fe53b87fc66e63bff1bcab8503d09170/eyJfcmFpbHMiOnsiZGF0YSI6eyJmb3JtYXQiOiJqcGciLCJyZXNpemUiOiI1MTJ4NTEyXHUwMDNlIn0sInB1ciI6InZhcmlhdGlvbiJ9fQ==--0ba8b7f58340100b312280e63751a8a851d1f9fb/2026-visit-lisboa-arpad.jpg,Exhibitions,,,,approved,visitlisboa,en/events/1st-exhibition-cycle,https://www.visitlisboa.com/en/events,752546954e0a42456cdb7b9e4dbc4b08baa578d1
Toma! 150 Years of Zé Povinho,2026-02-11,2026-09-06,,,Lisbon,https://www.visitlisboa.com/en/events,https://www.visitlisboa.com/rails/active_storage/representations/redirect/eyJfcmFpbHMiOnsiZGF0YSI6MzY2NTcsInB1ciI6ImJsb2JfaWQifX0=--25b98043a113810a401430445ccc12bf5e20498a/eyJfcmFpbHMiOnsiZGF0YSI6eyJmb3JtYXQiOiJqcGciLCJyZXNpemUiOiI1MTJ4NTEyXHUwMDNlIn0sInB1ciI6InZhcmlhdGlvbiJ9fQ==--0ba8b7f58340100b312280e63751a8a851d1f9fb/150.jpg,Exhibitions,,,,approved,visitlisboa,en/events/toma-150-years-of-ze-povinho,https://www.visitlisboa.com/en/events,72c7360b298d5748573134174c0588a0316aba2d
Guided tour to the Águas Livres Aqueduct,2026-03-22,2026-03-22,,,Lisbon,https://www.visitlisboa.com/en/events,https://www.visitlisboa.com/rails/active_storage/representations/redirect/eyJfcmFpbHMiOnsiZGF0YSI6MTIwNTEsInB1ciI6ImJsb2JfaWQifX0=--69d4dfca0191f9391ab295955304beffb693a8bd/eyJfcmFpbHMiOnsiZGF0YSI6eyJmb3JtYXQiOiJqcGciLCJyZXNpemUiOiI1MTJ4NTEyXHUwMDNlIn0sInB1ciI6InZhcmlhdGlvbiJ9fQ==--0ba8b7f58340100b312280e63751a8a851d1f9fb/AQ.jpg,Others,,,From €6,approved,visitlisboa,en/events/guided-tour-to-the-aguas-livres-aqueduct,https://www.visitlisboa.com/en/events,db348b4958c1cffe389ca19a97c14336d5a48ad3
Hut Hut,2026-02-21,2026-05-17,,Rua Tomás del Negro,Lisbon,https://www.visitlisboa.com/en/events,https://www.visitlisboa.com/rails/active_storage/representations/redirect/eyJfcmFpbHMiOnsiZGF0YSI6MzYwOTYsInB1ciI6ImJsb2JfaWQifX0=--d4412937bfc267d7e5c3d834be9bf4fbda70b776/eyJfcmFpbHMiOnsiZGF0YSI6eyJmb3JtYXQiOiJqcGciLCJyZXNpemUiOiI1MTJ4NTEyXHUwMDNlIn0sInB1ciI6InZhcmlhdGlvbiJ9fQ==--0ba8b7f58340100b312280e63751a8a851d1f9fb/2026-visit-lisboa-Willem-de-Rooij.jpg,Exhibitions,,,,approved,visitlisboa,en/events/hut-hut,https://www.visitlisboa.com/en/events,dffb4b758cd42f021c692df02f1d4b513f11fdc0
"Movie Experiments, Los Angeles",2026-03-18,2026-03-18,,,Lisbon,https://www.visitlisboa.com/en/events,https://www.visitlisboa.com/rails/active_storage/representations/redirect/eyJfcmFpbHMiOnsiZGF0YSI6MzYwOTIsInB1ciI6ImJsb2JfaWQifX0=--bf99757039cd50579d0da23953bfec69ee182f4a/eyJfcmFpbHMiOnsiZGF0YSI6eyJmb3JtYXQiOiJqcGciLCJyZXNpemUiOiI1MTJ4NTEyXHUwMDNlIn0sInB1ciI6InZhcmlhdGlvbiJ9fQ==--0ba8b7f58340100b312280e63751a8a851d1f9fb/2026-visit-lisboa-mupi-movieexperimentsLA_PAV-JS-(1400x1087)-Whatson.jpg,Exhibitions,,,,approved,visitlisboa,en/events/movie-experiments-los-angeles,https://www.visitlisboa.com/en/events,51f325b77b6b2fa254af78c6d8683246bacdbe7f
Mafolofolo,2026-02-26,2026-05-23,,,Lisbon,https://www.visitlisboa.com/en/events,https://www.visitlisboa.com/rails/active_storage/representations/redirect/eyJfcmFpbHMiOnsiZGF0YSI6MzYwODcsInB1ciI6ImJsb2JfaWQifX0=--1276f226be9e2b60cfdb8786a822d11475e57159/eyJfcmFpbHMiOnsiZGF0YSI6eyJmb3JtYXQiOiJqcGciLCJyZXNpemUiOiI1MTJ4NTEyXHUwMDNlIn0sInB1ciI6InZhcmlhdGlvbiJ9fQ==--0ba8b7f58340100b312280e63751a8a851d1f9fb/visit-lisboa-mafolofolo.jpg,Exhibitions,,,Free Entry,approved,visitlisboa,en/events/mafolofolo,https://www.visitlisboa.com/en/events,bbd5b614ef063e5588c91e1dbf61dee1d8bf05e1
Bruno Zhu. Belas Artes,2026-02-28,2026-07-27,,,Lisbon,https://www.visitlisboa.com/en/events,https://www.visitlisboa.com/rails/active_storage/representations/redirect/eyJfcmFpbHMiOnsiZGF0YSI6MzY0NzYsInB1ciI6ImJsb2JfaWQifX0=--9f2b5cb4743c753d480f1bc5693b2acf67d27eb1/eyJfcmFpbHMiOnsiZGF0YSI6eyJmb3JtYXQiOiJqcGciLCJyZXNpemUiOiI1MTJ4NTEyXHUwMDNlIn0sInB1ciI6InZhcmlhdGlvbiJ9fQ==--0ba8b7f58340100b312280e63751a8a851d1f9fb/visit-lisboa-bruno_zhu.jpg,Exhibitions,,,Free Entry,approved,visitlisboa,en/events/bruno-zhu-belas-artes,https://www.visitlisboa.com/en/events,bedd62fed36a567d11fc3a5bb57663ed7419790f
March | Shad Month,2026-03-01,2026-03-31,,,Lisbon,https://www.visitlisboa.com/en/events,https://www.visitlisboa.com/rails/active_storage/representations/redirect/eyJfcmFpbHMiOnsiZGF0YSI6MjUzODgsInB1ciI6ImJsb2JfaWQifX0=--26897a75a6b4dce8eecbce896eae9dc739915e13/eyJfcmFpbHMiOnsiZGF0YSI6eyJmb3JtYXQiOiJqcGciLCJyZXNpemUiOiI1MTJ4NTEyXHUwMDNlIn0sInB1ciI6InZhcmlhdGlvbiJ9fQ==--0ba8b7f58340100b312280e63751a8a851d1f9fb/2025-savel-vila-franca-de-xira.jpg,Others,,,,approved,visitlisboa,en/events/march-shad-month,https://www.visitlisboa.com/en/events,f1e69ac69a2cf95b71988dd22c52aa8df14eb54d
Lx Market,2026-03-15,2026-03-15,,,Lisbon,https://www.visitlisboa.com/en/events,https://www.visitlisboa.com/rails/active_storage/representations/redirect/eyJfcmFpbHMiOnsiZGF0YSI6MjY2MTAsInB1ciI6ImJsb2JfaWQifX0=--8d7c634691a0517f141c166d3c069ba16a558d32/eyJfcmFpbHMiOnsiZGF0YSI6eyJmb3JtYXQiOiJqcGciLCJyZXNpemUiOiI1MTJ4NTEyXHUwMDNlIn0sInB1ciI6InZhcmlhdGlvbiJ9fQ==--0ba8b7f58340100b312280e63751a8a851d1f9fb/LX-Market-2025.jpg,Fairs,,,Free Entry,approved,visitlisboa,en/events/lx-market,https://www.visitlisboa.com/en/events,a1c7c220a511b3589ffbdc10ab0bd55c1d566f55
Feiralegria,2026-03-15,2026-03-15,,Praça da AlegriaPraça da Alegria LisboaThis content is hosted by Google,Lisbon,https://www.visitlisboa.com/en/events,https://www.visitlisboa.com/rails/active_storage/representations/redirect/eyJfcmFpbHMiOnsiZGF0YSI6NTA2OCwicHVyIjoiYmxvYl9pZCJ9fQ==--bdb6c1e8b3028bf4fd4dfb7b7f22fc7892d90fea/eyJfcmFpbHMiOnsiZGF0YSI6eyJmb3JtYXQiOiJqcGciLCJyZXNpemUiOiI1MTJ4NTEyXHUwMDNlIn0sInB1ciI6InZhcmlhdGlvbiJ9fQ==--0ba8b7f58340100b312280e63751a8a851d1f9fb/feiralegria-cover.jpg,Fairs,,,Free Entry,approved,visitlisboa,en/events/feiralegria,https://www.visitlisboa.com/en/events,a22bac7d95bd38592c0c4ad2f4f7c16f5f62edaf
CCB Market,2026-04-05,2026-04-05,,Praça do Império. Free entry. (Tram: 15) (Bus: 729) Centro Cultural de BelémPraça do Império,Lisbon,https://www.visitlisboa.com/en/events,https://www.visitlisboa.com/rails/active_storage/representations/redirect/eyJfcmFpbHMiOnsiZGF0YSI6ODA5MSwicHVyIjoiYmxvYl9pZCJ9fQ==--26384d0a18bec63618134bc2b85f1add33c5998e/eyJfcmFpbHMiOnsiZGF0YSI6eyJmb3JtYXQiOiJqcGciLCJyZXNpemUiOiI1MTJ4NTEyXHUwMDNlIn0sInB1ciI6InZhcmlhdGlvbiJ9fQ==--0ba8b7f58340100b312280e63751a8a851d1f9fb/MERCADO-CCB.jpg,Fairs,,,Free Entry,approved,visitlisboa,en/events/ccb-market,https://www.visitlisboa.com/en/events,9cf7c3620dc36e0486a6b48f68782770124d211b
Markets - Crafts & Design,2026-04-04,2026-04-04,,Praça da Estrela. Free entry.(Elétrico/Tram: 25,Lisbon,https://www.visitlisboa.com/en/events,https://www.visitlisboa.com/rails/active_storage/representations/redirect/eyJfcmFpbHMiOnsiZGF0YSI6NDk4NiwicHVyIjoiYmxvYl9pZCJ9fQ==--1875b107dd3a11713b1310cc5c674c44cd6357f7/eyJfcmFpbHMiOnsiZGF0YSI6eyJmb3JtYXQiOiJqcGciLCJyZXNpemUiOiI1MTJ4NTEyXHUwMDNlIn0sInB1ciI6InZhcmlhdGlvbiJ9fQ==--0ba8b7f58340100b312280e63751a8a851d1f9fb/markets-crafts-design-cover.jpg,Fairs,,,Free Entry,approved,visitlisboa,en/events/markets-crafts-design,https://www.visitlisboa.com/en/events,eb1c85d20edca84ad9f803d9a8f8eb2ad7b310e6
Feira do Relógio,2026-03-15,2026-03-15,,Avenida de Santo Condestável,Lisbon,https://www.visitlisboa.com/en/events,https://www.visitlisboa.com/rails/active_storage/representations/redirect/eyJfcmFpbHMiOnsiZGF0YSI6MzU2ODcsInB1ciI6ImJsb2JfaWQifX0=--5a68e652b5e573b503849a2106934e7e1952cdaa/eyJfcmFpbHMiOnsiZGF0YSI6eyJmb3JtYXQiOiJqcGciLCJyZXNpemUiOiI1MTJ4NTEyXHUwMDNlIn0sInB1ciI6InZhcmlhdGlvbiJ9fQ==--0ba8b7f58340100b312280e63751a8a851d1f9fb/feira-do-relogio-visit-lisboa.jpg,Fairs,,,Free Entry,approved,visitlisboa,en/events/feira-do-relogio,https://www.visitlisboa.com/en/events,18cc3cc737cfb5caebe264832fbbe98ce2fb426d
Feira da Ladra (Flea Market),2026-03-17,2026-03-17,,,Lisbon,https://www.visitlisboa.com/en/events,https://www.visitlisboa.com/rails/active_storage/representations/redirect/eyJfcmFpbHMiOnsiZGF0YSI6MzExMzEsInB1ciI6ImJsb2JfaWQifX0=--2b610dfa2a828035c0fe16e6598cb880f792495d/eyJfcmFpbHMiOnsiZGF0YSI6eyJmb3JtYXQiOiJqcGciLCJyZXNpemUiOiI1MTJ4NTEyXHUwMDNlIn0sInB1ciI6InZhcmlhdGlvbiJ9fQ==--0ba8b7f58340100b312280e63751a8a851d1f9fb/400474_25_1_feira_da_ladra.jpg,Fairs,,,Free Entry,approved,visitlisboa,en/events/feira-da-ladra-flea-market,https://www.visitlisboa.com/en/events,4078a206352a7ff78fb7639648239a740c20d42c
Feira de Alfarrabistas (Antique Book Fair),2026-03-21,2026-03-21,,Rua da Anchieta to buy a rare or second-hand book calmly exhibited on the booksellers’ stalls all day long. From 10 am to 5 pm,Lisbon,https://www.visitlisboa.com/en/events,https://www.visitlisboa.com/rails/active_storage/representations/redirect/eyJfcmFpbHMiOnsiZGF0YSI6NTA2NCwicHVyIjoiYmxvYl9pZCJ9fQ==--494753ffdec1dd1485e142bfef003bb37262c333/eyJfcmFpbHMiOnsiZGF0YSI6eyJmb3JtYXQiOiJqcGciLCJyZXNpemUiOiI1MTJ4NTEyXHUwMDNlIn0sInB1ciI6InZhcmlhdGlvbiJ9fQ==--0ba8b7f58340100b312280e63751a8a851d1f9fb/feira-de-alfarrabistas-antique-book-fair-cover.jpg,Fairs,,,Free Entry,approved,visitlisboa,en/events/feira-de-alfarrabistas-antique-book-fair,https://www.visitlisboa.com/en/events,e80057ea957db3709bc7b67f5e26383f93059105
Sábados da Ribeira,2026-03-21,2026-03-21,,,Lisbon,https://www.visitlisboa.com/en/events,https://www.visitlisboa.com/rails/active_storage/representations/redirect/eyJfcmFpbHMiOnsiZGF0YSI6MzU2OTEsInB1ciI6ImJsb2JfaWQifX0=--bc43e969e702a872e14c2689e7ddd3345920c204/eyJfcmFpbHMiOnsiZGF0YSI6eyJmb3JtYXQiOiJqcGciLCJyZXNpemUiOiI1MTJ4NTEyXHUwMDNlIn0sInB1ciI6InZhcmlhdGlvbiJ9fQ==--0ba8b7f58340100b312280e63751a8a851d1f9fb/mercado-da-ribeira-visit-lisboa-time-out.jpg,Fairs,,,Free Entry,approved,visitlisboa,en/events/sabados-da-ribeira,https://www.visitlisboa.com/en/events,f1b612e7a9a5b40aee9092010ad5d3e0dbbc8be0
Agrobio Organic Market,2026-03-21,2026-03-21,,,Lisbon,https://www.visitlisboa.com/en/events,https://www.visitlisboa.com/rails/active_storage/representations/redirect/eyJfcmFpbHMiOnsiZGF0YSI6ODYwMiwicHVyIjoiYmxvYl9pZCJ9fQ==--9ca388ea6f4a3ff129e223cfeac59e34328d39f3/eyJfcmFpbHMiOnsiZGF0YSI6eyJmb3JtYXQiOiJqcGciLCJyZXNpemUiOiI1MTJ4NTEyXHUwMDNlIn0sInB1ciI6InZhcmlhdGlvbiJ9fQ==--0ba8b7f58340100b312280e63751a8a851d1f9fb/AGROBIO.jpg,Fairs,,,Free Entry,approved,visitlisboa,en/events/agrobio-organic-market,https://www.visitlisboa.com/en/events,a8cbec73de9c101f208a9b5f6eabaa591c37f596
Cartoon Xira,2026-03-07,2026-05-31,,Rua Luís de Camões,Lisbon,https://www.visitlisboa.com/en/events,https://www.visitlisboa.com/rails/active_storage/representations/redirect/eyJfcmFpbHMiOnsiZGF0YSI6MjUzODUsInB1ciI6ImJsb2JfaWQifX0=--91aa7495d245214f9289c0977ee09b12d7467ce3/eyJfcmFpbHMiOnsiZGF0YSI6eyJmb3JtYXQiOiJqcGciLCJyZXNpemUiOiI1MTJ4NTEyXHUwMDNlIn0sInB1ciI6InZhcmlhdGlvbiJ9fQ==--0ba8b7f58340100b312280e63751a8a851d1f9fb/cartoonxira25.jpg,Exhibitions,,,Free Entry,approved,visitlisboa,en/events/cartoon-xira,https://www.visitlisboa.com/en/events,d016c97593ada35d0314a07eaab388c107499830
Futurália,2026-03-11,2026-03-14,,Rua do Bojador,Lisbon,https://www.visitlisboa.com/en/events,https://www.visitlisboa.com/rails/active_storage/representations/redirect/eyJfcmFpbHMiOnsiZGF0YSI6MzY1NDUsInB1ciI6ImJsb2JfaWQifX0=--2adec39b6208d98f6d49a9538ac5ca1b50b9ffe0/eyJfcmFpbHMiOnsiZGF0YSI6eyJmb3JtYXQiOiJqcGciLCJyZXNpemUiOiI1MTJ4NTEyXHUwMDNlIn0sInB1ciI6InZhcmlhdGlvbiJ9fQ==--0ba8b7f58340100b312280e63751a8a851d1f9fb/2026-futuralia.jpg,Fairs,,,,approved,visitlisboa,en/events/futuralia,https://www.visitlisboa.com/en/events,e698c7f9ba80062f9b4d73df26de4344e817bcef
Nauticampo'26,2026-03-11,2026-03-15,,Rua do Bojador,Lisbon,https://www.visitlisboa.com/en/events,https://www.visitlisboa.com/rails/active_storage/representations/redirect/eyJfcmFpbHMiOnsiZGF0YSI6MzU1NTYsInB1ciI6ImJsb2JfaWQifX0=--73a706daca217834ff4b4d89cda9fbd58799f017/eyJfcmFpbHMiOnsiZGF0YSI6eyJmb3JtYXQiOiJqcGciLCJyZXNpemUiOiI1MTJ4NTEyXHUwMDNlIn0sInB1ciI6InZhcmlhdGlvbiJ9fQ==--0ba8b7f58340100b312280e63751a8a851d1f9fb/2026_nauticampo-visit-lisboa.jpg,Fairs,,,,approved,visitlisboa,en/events/nauticampo_,https://www.visitlisboa.com/en/events,b46a4cb91bef92aaadcb382f9007c6d32b4ef225
ModaLisboa - Lisboa Fashion Week'26,2026-03-12,2026-03-15,,Praça do Comércio. Program Pátio da GaléRua do Comércio ala poente,Lisbon,https://www.visitlisboa.com/en/events,https://www.visitlisboa.com/rails/active_storage/representations/redirect/eyJfcmFpbHMiOnsiZGF0YSI6MzU0NzIsInB1ciI6ImJsb2JfaWQifX0=--ffcc3f25890d532e2777fe4da9309131bda9dff4/eyJfcmFpbHMiOnsiZGF0YSI6eyJmb3JtYXQiOiJqcGciLCJyZXNpemUiOiI1MTJ4NTEyXHUwMDNlIn0sInB1ciI6InZhcmlhdGlvbiJ9fQ==--0ba8b7f58340100b312280e63751a8a851d1f9fb/visitlisboa-ModaLisboa---Lisboa-Fashion-Week.jpg,Main Events,,,,approved,visitlisboa,en/events/march-modalisboa-lisboa-fashion-week,https://www.visitlisboa.com/en/events,6b6a4c72a50806d2fec1737042eaf1c1aefb19dd
Monstra - Lisboa Animation Film Festival'26,2026-03-12,2026-03-22,,,Lisbon,https://www.visitlisboa.com/en/events,https://www.visitlisboa.com/rails/active_storage/representations/redirect/eyJfcmFpbHMiOnsiZGF0YSI6MzcwMDcsInB1ciI6ImJsb2JfaWQifX0=--7d9ca2c4d414b00a8569ccce4463a61500c84d1a/eyJfcmFpbHMiOnsiZGF0YSI6eyJmb3JtYXQiOiJqcGciLCJyZXNpemUiOiI1MTJ4NTEyXHUwMDNlIn0sInB1ciI6InZhcmlhdGlvbiJ9fQ==--0ba8b7f58340100b312280e63751a8a851d1f9fb/mo26_whats-on_CML.jpg,Main Events,,,,approved,visitlisboa,en/events/monstra-lisboa-animation-film-festival-2,https://www.visitlisboa.com/en/events,730bf03543406758b4f084af0810d6c6eb887f4c
"Ana, Carolina e Adelaide: ainda estamos aqui",2026-03-12,2026-03-15,,,Lisbon,https://www.visitlisboa.com/en/events,https://www.visitlisboa.com/rails/active_storage/representations/redirect/eyJfcmFpbHMiOnsiZGF0YSI6MzY0NjMsInB1ciI6ImJsb2JfaWQifX0=--7e6340f8473b4cd926eb57ee758b79200633c155/eyJfcmFpbHMiOnsiZGF0YSI6eyJmb3JtYXQiOiJqcGciLCJyZXNpemUiOiI1MTJ4NTEyXHUwMDNlIn0sInB1ciI6InZhcmlhdGlvbiJ9fQ==--0ba8b7f58340100b312280e63751a8a851d1f9fb/mu.jpg,Theater Opera & Dance,,,,approved,visitlisboa,en/events/ana-carolina-e-adelaide-ainda-estamos-aqui,https://www.visitlisboa.com/en/events,7d9619be8e14e404702699b2f446d52d329f4178
Artur Pizarro/Prokofiev 2,2026-03-14,2026-03-14,,,Lisbon,https://www.visitlisboa.com/en/events,https://www.visitlisboa.com/rails/active_storage/representations/redirect/eyJfcmFpbHMiOnsiZGF0YSI6MzU4NzQsInB1ciI6ImJsb2JfaWQifX0=--50541e162b0af40a15d4d80ef9b4c9369b1b2fa5/eyJfcmFpbHMiOnsiZGF0YSI6eyJmb3JtYXQiOiJqcGciLCJyZXNpemUiOiI1MTJ4NTEyXHUwMDNlIn0sInB1ciI6InZhcmlhdGlvbiJ9fQ==--0ba8b7f58340100b312280e63751a8a851d1f9fb/visit-lisboa-artur-pizarro-prokofiev-2.jpg,Music,,,From €15 to €35,approved,visitlisboa,en/events/artur-pizarro-prokofiev-2,https://www.visitlisboa.com/en/events,fdfa1ebb6d513ecf1adf50144a9492f720cba819
Expresso Transatlântico | Capitólio,2026-03-14,2026-03-14,,,Lisbon,https://www.visitlisboa.com/en/events,https://www.visitlisboa.com/rails/active_storage/representations/redirect/eyJfcmFpbHMiOnsiZGF0YSI6MzY2NjMsInB1ciI6ImJsb2JfaWQifX0=--270126c23d7b6fe39fa78fe51da5e42dc1a2ab27/eyJfcmFpbHMiOnsiZGF0YSI6eyJmb3JtYXQiOiJqcGciLCJyZXNpemUiOiI1MTJ4NTEyXHUwMDNlIn0sInB1ciI6InZhcmlhdGlvbiJ9fQ==--0ba8b7f58340100b312280e63751a8a851d1f9fb/express.jpg,Music,,,From €15,approved,visitlisboa,en/events/expresso-transatlantico-capitolio,https://www.visitlisboa.com/en/events,1f34bce558b36e9448b3253dc2b7aa558ef8f577
Kysha & Mine: Lance de Escola – Das aulas ao verão,2026-03-15,2026-03-15,,,Lisbon,https://www.visitlisboa.com/en/events,https://www.visitlisboa.com/rails/active_storage/representations/redirect/eyJfcmFpbHMiOnsiZGF0YSI6MzU0MzgsInB1ciI6ImJsb2JfaWQifX0=--b748074cae05d5897143002de6123a3530b25714/eyJfcmFpbHMiOnsiZGF0YSI6eyJmb3JtYXQiOiJqcGciLCJyZXNpemUiOiI1MTJ4NTEyXHUwMDNlIn0sInB1ciI6InZhcmlhdGlvbiJ9fQ==--0ba8b7f58340100b312280e63751a8a851d1f9fb/FORM-Eventos_PT25_Visitlx_Kysha-&-Mine.jpg,Music,,,From €40,approved,visitlisboa,en/events/kysha-mine-lance-de-escola-das-aulas-ao-verao,https://www.visitlisboa.com/en/events,389ac8c64cb44294e205400c01311b847cecfb3a
Sacramento Handicrafts Market,2026-03-15,2026-03-15,,,Lisbon,https://www.visitlisboa.com/en/events,https://www.visitlisboa.com/rails/active_storage/representations/redirect/eyJfcmFpbHMiOnsiZGF0YSI6NTA3NiwicHVyIjoiYmxvYl9pZCJ9fQ==--859dacd25ee7be9f444cd01fad2bf32b7f476921/eyJfcmFpbHMiOnsiZGF0YSI6eyJmb3JtYXQiOiJqcGciLCJyZXNpemUiOiI1MTJ4NTEyXHUwMDNlIn0sInB1ciI6InZhcmlhdGlvbiJ9fQ==--0ba8b7f58340100b312280e63751a8a851d1f9fb/sacramento-handicrafts-market-cover.jpg,Fairs,,,Free Entry,approved,visitlisboa,en/events/sacramento-handicrafts-market,https://www.visitlisboa.com/en/events,949ae157846350f3f0e74ceacf470ce92a0532a0
Concerto delle donne,2026-03-17,2026-03-17,,,Lisbon,https://www.visitlisboa.com/en/events,https://www.visitlisboa.com/rails/active_storage/representations/redirect/eyJfcmFpbHMiOnsiZGF0YSI6MzU4ODksInB1ciI6ImJsb2JfaWQifX0=--789eb8136fa8068b0a8c61105587cbc33b85b60b/eyJfcmFpbHMiOnsiZGF0YSI6eyJmb3JtYXQiOiJqcGciLCJyZXNpemUiOiI1MTJ4NTEyXHUwMDNlIn0sInB1ciI6InZhcmlhdGlvbiJ9fQ==--0ba8b7f58340100b312280e63751a8a851d1f9fb/visit-lisboa-concerto-delle-donne.jpg,Music,,,From €15,approved,visitlisboa,en/events/concerto-delle-donne,https://www.visitlisboa.com/en/events,58cd9924f774bca4c32bf8ca824d65a9a3fc271d
All Birds,2026-03-18,2026-03-29,,,Lisbon,https://www.visitlisboa.com/en/events,https://www.visitlisboa.com/rails/active_storage/representations/redirect/eyJfcmFpbHMiOnsiZGF0YSI6MzU4NTcsInB1ciI6ImJsb2JfaWQifX0=--eaf8281857dd0c5126a3f3340e357eef979a27bf/eyJfcmFpbHMiOnsiZGF0YSI6eyJmb3JtYXQiOiJqcGciLCJyZXNpemUiOiI1MTJ4NTEyXHUwMDNlIn0sInB1ciI6InZhcmlhdGlvbiJ9fQ==--0ba8b7f58340100b312280e63751a8a851d1f9fb/visit-lisboa-todos-passaros.jpg,Theater Opera & Dance,,,From €12 to €15,approved,visitlisboa,en/events/all-birds,https://www.visitlisboa.com/en/events,e17451ef4f57ad3e4266c9ecb76ddd810b88081d
Poetry Book Fair,2026-03-19,2026-03-22,,,Lisbon,https://www.visitlisboa.com/en/events,https://www.visitlisboa.com/rails/active_storage/representations/redirect/eyJfcmFpbHMiOnsiZGF0YSI6MzY1NTQsInB1ciI6ImJsb2JfaWQifX0=--a9a1584a3b1795a06bf3435c5d906c9b07142ff0/eyJfcmFpbHMiOnsiZGF0YSI6eyJmb3JtYXQiOiJqcGciLCJyZXNpemUiOiI1MTJ4NTEyXHUwMDNlIn0sInB1ciI6InZhcmlhdGlvbiJ9fQ==--0ba8b7f58340100b312280e63751a8a851d1f9fb/Feira-do-Livro-de-Poesia..jpg,Fairs,,,,approved,visitlisboa,en/events/poetry-book-fair,https://www.visitlisboa.com/en/events,bbb5b8a1af0d96860b5675cac98f2d5af69b8dc1
Festival Internacional do Ouriço do Mar,2026-03-20,2026-03-29,,,Lisbon,https://www.visitlisboa.com/en/events,https://www.visitlisboa.com/rails/active_storage/representations/redirect/eyJfcmFpbHMiOnsiZGF0YSI6MjY2NTAsInB1ciI6ImJsb2JfaWQifX0=--df00d4a8872514c1d98c3e6a83038ba07fd0b53f/eyJfcmFpbHMiOnsiZGF0YSI6eyJmb3JtYXQiOiJqcGciLCJyZXNpemUiOiI1MTJ4NTEyXHUwMDNlIn0sInB1ciI6InZhcmlhdGlvbiJ9fQ==--0ba8b7f58340100b312280e63751a8a851d1f9fb/2025_festival-ourico-do-mar_1.jpg,Festivals,,,,approved,visitlisboa,en/events/festival-internacional-do-ourico-do-mar,https://www.visitlisboa.com/en/events,1ffb9a3ff9709789f161f81303150a0ba3648201
Salão Motorclássico,2026-03-20,2026-03-22,,,Lisbon,https://www.visitlisboa.com/en/events,https://www.visitlisboa.com/rails/active_storage/representations/redirect/eyJfcmFpbHMiOnsiZGF0YSI6MzcwNjMsInB1ciI6ImJsb2JfaWQifX0=--7e9da2eaa7d6bbc6da7e0f00bce75b8b33991cd9/eyJfcmFpbHMiOnsiZGF0YSI6eyJmb3JtYXQiOiJqcGciLCJyZXNpemUiOiI1MTJ4NTEyXHUwMDNlIn0sInB1ciI6InZhcmlhdGlvbiJ9fQ==--0ba8b7f58340100b312280e63751a8a851d1f9fb/2026-motorclassico-visit-lisboa_2.jpg,Exhibitions,,,,approved,visitlisboa,en/events/salao-motorclassico,https://www.visitlisboa.com/en/events,fc7274c01477a052ac434445f94b42e9395cd601
Suede,2026-03-20,2026-03-20,,,Lisbon,https://www.visitlisboa.com/en/events,https://www.visitlisboa.com/rails/active_storage/representations/redirect/eyJfcmFpbHMiOnsiZGF0YSI6MzU4MTksInB1ciI6ImJsb2JfaWQifX0=--2b713890666f64fa3ae7902028b1242cd4bde4f4/eyJfcmFpbHMiOnsiZGF0YSI6eyJmb3JtYXQiOiJqcGciLCJyZXNpemUiOiI1MTJ4NTEyXHUwMDNlIn0sInB1ciI6InZhcmlhdGlvbiJ9fQ==--0ba8b7f58340100b312280e63751a8a851d1f9fb/visit-lisboa-suede.jpg,Music,,,From €32 to €50,approved,visitlisboa,en/events/suede-26,https://www.visitlisboa.com/en/events,83f412737c70c6fa2dff1dbc7a7774b8004eece0
Revenge of the 90's,2026-03-21,2026-03-21,,,Lisbon,https://www.visitlisboa.com/en/events,https://www.visitlisboa.com/rails/active_storage/representations/redirect/eyJfcmFpbHMiOnsiZGF0YSI6MzYxNDEsInB1ciI6ImJsb2JfaWQifX0=--8b11c69cbd511c8be72f95e12af834a31ba04040/eyJfcmFpbHMiOnsiZGF0YSI6eyJmb3JtYXQiOiJqcGciLCJyZXNpemUiOiI1MTJ4NTEyXHUwMDNlIn0sInB1ciI6InZhcmlhdGlvbiJ9fQ==--0ba8b7f58340100b312280e63751a8a851d1f9fb/rev.jpg,Music,,,From €30,approved,visitlisboa,en/events/revenge-of-the-90-s,https://www.visitlisboa.com/en/events,f63932021e42e9e0e4100094545ca389a8e66a57
Colours Market at Santa Clara Market,2026-03-21,2026-03-22,,,Lisbon,https://www.visitlisboa.com/en/events,https://www.visitlisboa.com/rails/active_storage/representations/redirect/eyJfcmFpbHMiOnsiZGF0YSI6MjY1NTgsInB1ciI6ImJsb2JfaWQifX0=--f0f8aa2db7d867aea7cc994492f98b9848d9e867/eyJfcmFpbHMiOnsiZGF0YSI6eyJmb3JtYXQiOiJqcGciLCJyZXNpemUiOiI1MTJ4NTEyXHUwMDNlIn0sInB1ciI6InZhcmlhdGlvbiJ9fQ==--0ba8b7f58340100b312280e63751a8a851d1f9fb/Mercardo-das-Cores_Santa-Clara_25.jpg,Fairs,,,Free Entry,approved,visitlisboa,en/events/colours-market-at-santa-clara-market,https://www.visitlisboa.com/en/events,d81d7fd0b832d6aead7f26bbd2f1bc58faea57f1
Largo da Graça Market,2026-03-22,2026-03-22,,,Lisbon,https://www.visitlisboa.com/en/events,https://www.visitlisboa.com/rails/active_storage/representations/redirect/eyJfcmFpbHMiOnsiZGF0YSI6Mjc1ODUsInB1ciI6ImJsb2JfaWQifX0=--8c104ce0aa6f53b7b98a7740b4d19b11a74927f1/eyJfcmFpbHMiOnsiZGF0YSI6eyJmb3JtYXQiOiJqcGciLCJyZXNpemUiOiI1MTJ4NTEyXHUwMDNlIn0sInB1ciI6InZhcmlhdGlvbiJ9fQ==--0ba8b7f58340100b312280e63751a8a851d1f9fb/Feira-da-Gra%C3%A7a-vl.jpg,Fairs,,,Free Entry,approved,visitlisboa,en/events/largo-da-graca-market,https://www.visitlisboa.com/en/events,f258f3d18d2e4eb8c29fdec328975b8004c236a1
Meia Maratona Baía do Seixal,2026-03-22,2026-03-22,,,Lisbon,https://www.visitlisboa.com/en/events,https://www.visitlisboa.com/rails/active_storage/representations/redirect/eyJfcmFpbHMiOnsiZGF0YSI6MzU2MDgsInB1ciI6ImJsb2JfaWQifX0=--0c989f0b6cfdf65a8f9d0de0cad500982b2d9a00/eyJfcmFpbHMiOnsiZGF0YSI6eyJmb3JtYXQiOiJqcGciLCJyZXNpemUiOiI1MTJ4NTEyXHUwMDNlIn0sInB1ciI6InZhcmlhdGlvbiJ9fQ==--0ba8b7f58340100b312280e63751a8a851d1f9fb/2026-Meia-Maratona-Ba%C3%ADa-do-Seixal.jpg,Sports,,,,approved,visitlisboa,en/events/meia-maratona-baia-do-seixal,https://www.visitlisboa.com/en/events,367a573fc46c75afd2fd62f45ed0b0dbd95b62af
Evita,2026-03-25,2026-06-28,,,Lisbon,https://www.visitlisboa.com/en/events,https://www.visitlisboa.com/rails/active_storage/representations/redirect/eyJfcmFpbHMiOnsiZGF0YSI6MzU5MzEsInB1ciI6ImJsb2JfaWQifX0=--93737e0c1c5174e53e105323533c2e495be17ff1/eyJfcmFpbHMiOnsiZGF0YSI6eyJmb3JtYXQiOiJqcGciLCJyZXNpemUiOiI1MTJ4NTEyXHUwMDNlIn0sInB1ciI6InZhcmlhdGlvbiJ9fQ==--0ba8b7f58340100b312280e63751a8a851d1f9fb/visit-lisboa-evita.jpg,Theater Opera & Dance,,,From €25 to €35,approved,visitlisboa,en/events/evita,https://www.visitlisboa.com/en/events,2d070bbfc08a6798b341cfbb5d7968caadbb3de3
In the Heights,2026-03-25,2026-05-03,,,Lisbon,https://www.visitlisboa.com/en/events,https://www.visitlisboa.com/rails/active_storage/representations/redirect/eyJfcmFpbHMiOnsiZGF0YSI6MzU4OTcsInB1ciI6ImJsb2JfaWQifX0=--306f3b2f4990f87e36cbfbd89da63eb6c69942c4/eyJfcmFpbHMiOnsiZGF0YSI6eyJmb3JtYXQiOiJqcGciLCJyZXNpemUiOiI1MTJ4NTEyXHUwMDNlIn0sInB1ciI6InZhcmlhdGlvbiJ9fQ==--0ba8b7f58340100b312280e63751a8a851d1f9fb/visit-lisboa-in-the-heights.jpg,Music,,,From €20,approved,visitlisboa,en/events/in-the-heights,https://www.visitlisboa.com/en/events,996fbf3a0cf6bf2b23bb3c25a2938ef6590fc3f6
"Hornfuckers, by Diana Niepce",2026-03-26,2026-03-28,,,Lisbon,https://www.visitlisboa.com/en/events,https://www.visitlisboa.com/rails/active_storage/representations/redirect/eyJfcmFpbHMiOnsiZGF0YSI6MzU5NDMsInB1ciI6ImJsb2JfaWQifX0=--7af01ef2b728426e7ecd98d53c3bd1f08a039fb9/eyJfcmFpbHMiOnsiZGF0YSI6eyJmb3JtYXQiOiJqcGciLCJyZXNpemUiOiI1MTJ4NTEyXHUwMDNlIn0sInB1ciI6InZhcmlhdGlvbiJ9fQ==--0ba8b7f58340100b312280e63751a8a851d1f9fb/visit-lisboa-hornfuckers-by-diana-niepce.jpg,Theater Opera & Dance,,,From €16,approved,visitlisboa,en/events/hornfuckers-by-diana-niepce,https://www.visitlisboa.com/en/events,8ceec20f50eb21c2c19f94a929e68682fc4dc734
TecStorm’26,2026-03-27,2026-03-29,,,Lisbon,https://www.visitlisboa.com/en/events,https://www.visitlisboa.com/rails/active_storage/representations/redirect/eyJfcmFpbHMiOnsiZGF0YSI6MzQwMzksInB1ciI6ImJsb2JfaWQifX0=--bf1409e8800ae25afbba9ce15239b6d4ffbd4da1/eyJfcmFpbHMiOnsiZGF0YSI6eyJmb3JtYXQiOiJqcGciLCJyZXNpemUiOiI1MTJ4NTEyXHUwMDNlIn0sInB1ciI6InZhcmlhdGlvbiJ9fQ==--0ba8b7f58340100b312280e63751a8a851d1f9fb/hackaton.jpg,Others,,,,approved,visitlisboa,en/events/tecstorm-26,https://www.visitlisboa.com/en/events,9eec40f7feadfd4b084b2158cb755483dae1cabc
Rugby Youth Festival,2026-03-28,2026-03-29,,,Lisbon,https://www.visitlisboa.com/en/events,https://www.visitlisboa.com/rails/active_storage/representations/redirect/eyJfcmFpbHMiOnsiZGF0YSI6MzcwODYsInB1ciI6ImJsb2JfaWQifX0=--5126554db3387c2145625ed5ff26cee50fbe8856/eyJfcmFpbHMiOnsiZGF0YSI6eyJmb3JtYXQiOiJqcGciLCJyZXNpemUiOiI1MTJ4NTEyXHUwMDNlIn0sInB1ciI6InZhcmlhdGlvbiJ9fQ==--0ba8b7f58340100b312280e63751a8a851d1f9fb/visit-lisboa-Rugby-Youth-Festival-26.jpg,Sports,,,,approved,visitlisboa,en/events/rugby-youth-festival,https://www.visitlisboa.com/en/events,c053c9a7293f83d7e6c4551d1c8e84581a5ed247
50 Years of “Wish You Were Here” & “The Dark Side Of The Moon”,2026-03-29,2026-03-29,,,Lisbon,https://www.visitlisboa.com/en/events,https://www.visitlisboa.com/rails/active_storage/representations/redirect/eyJfcmFpbHMiOnsiZGF0YSI6MzY0OTgsInB1ciI6ImJsb2JfaWQifX0=--7060bb8e0d577ac2c476e6156c653fc141816271/eyJfcmFpbHMiOnsiZGF0YSI6eyJmb3JtYXQiOiJqcGciLCJyZXNpemUiOiI1MTJ4NTEyXHUwMDNlIn0sInB1ciI6InZhcmlhdGlvbiJ9fQ==--0ba8b7f58340100b312280e63751a8a851d1f9fb/visit-lisboa-pink-floyd.jpg,Music,,,From €39,approved,visitlisboa,en/events/50-years-of-wish-you-were-here-the-dark-side-of-the-moon,https://www.visitlisboa.com/en/events,ae61be047bdf0b2029c1fa517f33b31c06f6237f
Caparica Surf Fest'26,2026-03-31,2026-04-04,,,Lisbon,https://www.visitlisboa.com/en/events,https://www.visitlisboa.com/rails/active_storage/representations/redirect/eyJfcmFpbHMiOnsiZGF0YSI6MjkxMDksInB1ciI6ImJsb2JfaWQifX0=--239ac79e0c30a6db991b036bf9fd8a2bb57c592f/eyJfcmFpbHMiOnsiZGF0YSI6eyJmb3JtYXQiOiJqcGciLCJyZXNpemUiOiI1MTJ4NTEyXHUwMDNlIn0sInB1ciI6InZhcmlhdGlvbiJ9fQ==--0ba8b7f58340100b312280e63751a8a851d1f9fb/Caparica-Surf-Fest2025.jpg,Sports,,,Free Entry,approved,visitlisboa,en/events/caparica-surf-fest,https://www.visitlisboa.com/en/events,6f6417ceade4b8a2b0df905cd39def56c4d4dd73
Hans Zimmer Live – The Next Level,2026-03-31,2026-03-31,,,Lisbon,https://www.visitlisboa.com/en/events,https://www.visitlisboa.com/rails/active_storage/representations/redirect/eyJfcmFpbHMiOnsiZGF0YSI6MjczNjIsInB1ciI6ImJsb2JfaWQifX0=--4e2142ff9f897b8ae8412b48b6ce894f41251754/eyJfcmFpbHMiOnsiZGF0YSI6eyJmb3JtYXQiOiJqcGciLCJyZXNpemUiOiI1MTJ4NTEyXHUwMDNlIn0sInB1ciI6InZhcmlhdGlvbiJ9fQ==--0ba8b7f58340100b312280e63751a8a851d1f9fb/2025hz2026.jpg,Music,,,From €52 to €250,approved,visitlisboa,en/events/hans-zimmer-1,https://www.visitlisboa.com/en/events,d724a1504e14d3c8cfc87d482b24e2739b88906a
Hedera 4tet x Vera Mantero,2026-04-01,2026-04-02,,,Lisbon,https://www.visitlisboa.com/en/events,https://www.visitlisboa.com/rails/active_storage/representations/redirect/eyJfcmFpbHMiOnsiZGF0YSI6MzU5NDgsInB1ciI6ImJsb2JfaWQifX0=--46d924c0592ceb200d61403f56240be1bf800436/eyJfcmFpbHMiOnsiZGF0YSI6eyJmb3JtYXQiOiJqcGciLCJyZXNpemUiOiI1MTJ4NTEyXHUwMDNlIn0sInB1ciI6InZhcmlhdGlvbiJ9fQ==--0ba8b7f58340100b312280e63751a8a851d1f9fb/visit-lisboa-hedera-4tet-x-vera-mantero.jpg,Music,,,From €16,approved,visitlisboa,en/events/hedera-4tet-x-vera-mantero,https://www.visitlisboa.com/en/events,ad98df3fe1ea20cfa592818a60e0aa1a438e9361
Easter Concert – Requiem by Mozart,2026-04-02,2026-04-02,,,Lisbon,https://www.visitlisboa.com/en/events,https://www.visitlisboa.com/rails/active_storage/representations/redirect/eyJfcmFpbHMiOnsiZGF0YSI6MzU5MTUsInB1ciI6ImJsb2JfaWQifX0=--b3e78e006a6117c23c021dcc3fcdb157acc72cd5/eyJfcmFpbHMiOnsiZGF0YSI6eyJmb3JtYXQiOiJqcGciLCJyZXNpemUiOiI1MTJ4NTEyXHUwMDNlIn0sInB1ciI6InZhcmlhdGlvbiJ9fQ==--0ba8b7f58340100b312280e63751a8a851d1f9fb/visit-lisboa-easterjpg.jpg,Music,,,From €7,approved,visitlisboa,en/events/easter-concert-requiem-by-mozart,https://www.visitlisboa.com/en/events,157361f258803c2946387543d565d1c5f3f03de1
Ibrahim Maalouf & The Trumpets of Michel-Ange,2026-04-04,2026-04-04,,,Lisbon,https://www.visitlisboa.com/en/events,https://www.visitlisboa.com/rails/active_storage/representations/redirect/eyJfcmFpbHMiOnsiZGF0YSI6MzU3NDUsInB1ciI6ImJsb2JfaWQifX0=--30cf73fdd06c1daeb10117093ea72388d2bc711c/eyJfcmFpbHMiOnsiZGF0YSI6eyJmb3JtYXQiOiJqcGciLCJyZXNpemUiOiI1MTJ4NTEyXHUwMDNlIn0sInB1ciI6InZhcmlhdGlvbiJ9fQ==--0ba8b7f58340100b312280e63751a8a851d1f9fb/visit-lisboa-ibrahim-maalouf-the-trumpets-of-michel-ange.jpg,Music,,,From €40,approved,visitlisboa,en/events/ibrahim-maalouf-the-trumpets-of-michel-ange,https://www.visitlisboa.com/en/events,82ad4b8cfb2e6fcf599f9ae044fe8e2e6d60cdd5
Handicrafts and Regional Products Fair | MAFRA,2026-04-04,2026-04-05,,,Lisbon,https://www.visitlisboa.com/en/events,https://www.visitlisboa.com/rails/active_storage/representations/redirect/eyJfcmFpbHMiOnsiZGF0YSI6MzE2OTEsInB1ciI6ImJsb2JfaWQifX0=--8ee6cfb94ef85c1860d9470dc92887c277750503/eyJfcmFpbHMiOnsiZGF0YSI6eyJmb3JtYXQiOiJqcGciLCJyZXNpemUiOiI1MTJ4NTEyXHUwMDNlIn0sInB1ciI6InZhcmlhdGlvbiJ9fQ==--0ba8b7f58340100b312280e63751a8a851d1f9fb/Feira_mensal-mafra.jpg,Fairs,,,Free Entry,approved,visitlisboa,en/events/handicrafts-and-regional-products-fair-mafra,https://www.visitlisboa.com/en/events,35a181eb010bf9b03def14c8949ff5a88d0ac52c
19th Italian Film Festival in Lisbon,2026-04-09,2026-04-19,,,Lisbon,https://www.visitlisboa.com/en/events,https://www.visitlisboa.com/rails/active_storage/representations/redirect/eyJfcmFpbHMiOnsiZGF0YSI6MzYxNjgsInB1ciI6ImJsb2JfaWQifX0=--3920596f3cb29e6917dbae31a9d4e2f21d199dea/eyJfcmFpbHMiOnsiZGF0YSI6eyJmb3JtYXQiOiJqcGciLCJyZXNpemUiOiI1MTJ4NTEyXHUwMDNlIn0sInB1ciI6InZhcmlhdGlvbiJ9fQ==--0ba8b7f58340100b312280e63751a8a851d1f9fb/visit-lisboa-festa-do-cinema-italiano-2026.jpg,Main Events,,,From €4 to €5,approved,visitlisboa,en/events/italian-film-festival-1,https://www.visitlisboa.com/en/events,af0fc185967b76119a0bbbeb8db440352e31e7a4
Todd Webb in Portugal,2026-04-10,2026-07-27,,,Lisbon,https://www.visitlisboa.com/en/events,https://www.visitlisboa.com/rails/active_storage/representations/redirect/eyJfcmFpbHMiOnsiZGF0YSI6MzY0NzcsInB1ciI6ImJsb2JfaWQifX0=--c191776d4a5c74fdb838f5a45adb2f2f5263864e/eyJfcmFpbHMiOnsiZGF0YSI6eyJmb3JtYXQiOiJqcGciLCJyZXNpemUiOiI1MTJ4NTEyXHUwMDNlIn0sInB1ciI6InZhcmlhdGlvbiJ9fQ==--0ba8b7f58340100b312280e63751a8a851d1f9fb/visit-lisboa-Todd-Webb-in-Portugal.jpg,Exhibitions,,,Free Entry,approved,visitlisboa,en/events/todd-webb-in-portugal,https://www.visitlisboa.com/en/events,11580537ff425a0b39ea6881d81eb1fc365ae3e1
Swan Lake,2026-04-10,2026-04-24,,,Lisbon,https://www.visitlisboa.com/en/events,https://www.visitlisboa.com/rails/active_storage/representations/redirect/eyJfcmFpbHMiOnsiZGF0YSI6MzU4OTEsInB1ciI6ImJsb2JfaWQifX0=--819e0da9eb16467f5c39fa4c0635f12f639e7f6e/eyJfcmFpbHMiOnsiZGF0YSI6eyJmb3JtYXQiOiJqcGciLCJyZXNpemUiOiI1MTJ4NTEyXHUwMDNlIn0sInB1ciI6InZhcmlhdGlvbiJ9fQ==--0ba8b7f58340100b312280e63751a8a851d1f9fb/visit-lisboa-swan-lake.jpg,Theater Opera & Dance,,,From €15,approved,visitlisboa,en/events/swan-lake-3fabf954-81c6-4aec-aa13-abeefde30ae1,https://www.visitlisboa.com/en/events,125c4d1819b7b3c7f4e05cabd63122620e9c495d
Carolina de Deus,2026-04-15,2026-04-15,,,Lisbon,https://www.visitlisboa.com/en/events,https://www.visitlisboa.com/rails/active_storage/representations/redirect/eyJfcmFpbHMiOnsiZGF0YSI6MzU3NDksInB1ciI6ImJsb2JfaWQifX0=--eac577e8c0035716760774a19db2c828ce0b0f7b/eyJfcmFpbHMiOnsiZGF0YSI6eyJmb3JtYXQiOiJqcGciLCJyZXNpemUiOiI1MTJ4NTEyXHUwMDNlIn0sInB1ciI6InZhcmlhdGlvbiJ9fQ==--0ba8b7f58340100b312280e63751a8a851d1f9fb/Capa-Carolina.jpg,Music,,,From €15 to €25,approved,visitlisboa,en/events/carolina-de-deus-26,https://www.visitlisboa.com/en/events,13c7390c4a05e652330577a74ead546a96e35ac8
Lxtriathlon Grand Prix,2026-04-19,2026-04-19,,,Lisbon,https://www.visitlisboa.com/en/events,https://www.visitlisboa.com/rails/active_storage/representations/redirect/eyJfcmFpbHMiOnsiZGF0YSI6MzU2MTUsInB1ciI6ImJsb2JfaWQifX0=--7517fd001d8389113b6e157008703138d2935918/eyJfcmFpbHMiOnsiZGF0YSI6eyJmb3JtYXQiOiJqcGciLCJyZXNpemUiOiI1MTJ4NTEyXHUwMDNlIn0sInB1ciI6InZhcmlhdGlvbiJ9fQ==--0ba8b7f58340100b312280e63751a8a851d1f9fb/meia_maratona_alta_de_lisboa-2026-vl.jpg,Sports,,,,approved,visitlisboa,en/events/lxtriathlon-grand-prix,https://www.visitlisboa.com/en/events,e20601f60977a63c437658ac7733753693ea0964
Tannhäuser,2026-04-23,2026-04-23,,,Lisbon,https://www.visitlisboa.com/en/events,https://www.visitlisboa.com/rails/active_storage/representations/redirect/eyJfcmFpbHMiOnsiZGF0YSI6MzU4OTMsInB1ciI6ImJsb2JfaWQifX0=--e740dcd1a2ac14c7c43414eb90f029b31e811c85/eyJfcmFpbHMiOnsiZGF0YSI6eyJmb3JtYXQiOiJqcGciLCJyZXNpemUiOiI1MTJ4NTEyXHUwMDNlIn0sInB1ciI6InZhcmlhdGlvbiJ9fQ==--0ba8b7f58340100b312280e63751a8a851d1f9fb/visit-lisboa-tann.jpg,Music,,,From €36,approved,visitlisboa,en/events/tannhauser,https://www.visitlisboa.com/en/events,8000b9d4ce9f57c68595fd799bb577260d102ce0
SIL - The leading Real Estate Show,2026-04-23,2026-04-25,,,Lisbon,https://www.visitlisboa.com/en/events,https://www.visitlisboa.com/rails/active_storage/representations/redirect/eyJfcmFpbHMiOnsiZGF0YSI6MjkwNzUsInB1ciI6ImJsb2JfaWQifX0=--af1289f0447de2ff78ff169d663184c3a94b4a54/eyJfcmFpbHMiOnsiZGF0YSI6eyJmb3JtYXQiOiJqcGciLCJyZXNpemUiOiI1MTJ4NTEyXHUwMDNlIn0sInB1ciI6InZhcmlhdGlvbiJ9fQ==--0ba8b7f58340100b312280e63751a8a851d1f9fb/sil-salao-imobiliario-sdt.jpg,Fairs,,,,approved,visitlisboa,en/events/sil-the-leading-real-estate-show,https://www.visitlisboa.com/en/events,e14082de80eaed04057d0dac7ef456c0e2d6f4e2
Naruto Shippuden Symphonic Experience,2026-04-24,2026-04-24,,,Lisbon,https://www.visitlisboa.com/en/events,https://www.visitlisboa.com/rails/active_storage/representations/redirect/eyJfcmFpbHMiOnsiZGF0YSI6MzQ5NDgsInB1ciI6ImJsb2JfaWQifX0=--e09095bc32f3e5f96b38112e8f0d73cca3ee2945/eyJfcmFpbHMiOnsiZGF0YSI6eyJmb3JtYXQiOiJqcGciLCJyZXNpemUiOiI1MTJ4NTEyXHUwMDNlIn0sInB1ciI6InZhcmlhdGlvbiJ9fQ==--0ba8b7f58340100b312280e63751a8a851d1f9fb/naruto.jpg,Music,,,From €35 to €80,approved,visitlisboa,en/events/naruto-shippuden-symphonic-experience,https://www.visitlisboa.com/en/events,3cc94f8d2ffc1508091be636ee75b9e9670386f5
Festival Música Viva,2026-04-28,2026-05-03,,,Lisbon,https://www.visitlisboa.com/en/events,https://www.visitlisboa.com/rails/active_storage/representations/redirect/eyJfcmFpbHMiOnsiZGF0YSI6MzU4MzEsInB1ciI6ImJsb2JfaWQifX0=--c7eb127a0f862337386ed57ea4ad32d8a13e5963/eyJfcmFpbHMiOnsiZGF0YSI6eyJmb3JtYXQiOiJqcGciLCJyZXNpemUiOiI1MTJ4NTEyXHUwMDNlIn0sInB1ciI6InZhcmlhdGlvbiJ9fQ==--0ba8b7f58340100b312280e63751a8a851d1f9fb/visit-lisboa-festival-musica-viva.jpg,Festivals,,,,approved,visitlisboa,en/events/festival-musica-viva-l,https://www.visitlisboa.com/en/events,619716bc42fb13d337ca30987b76a26d01b6b10c
IndieLisboa'26,2026-04-30,2026-05-10,,,Lisbon,https://www.visitlisboa.com/en/events,https://www.visitlisboa.com/rails/active_storage/representations/redirect/eyJfcmFpbHMiOnsiZGF0YSI6Mjk5MzcsInB1ciI6ImJsb2JfaWQifX0=--3f56e656750dd531ea9fbb326037e388b433adc8/eyJfcmFpbHMiOnsiZGF0YSI6eyJmb3JtYXQiOiJqcGciLCJyZXNpemUiOiI1MTJ4NTEyXHUwMDNlIn0sInB1ciI6InZhcmlhdGlvbiJ9fQ==--0ba8b7f58340100b312280e63751a8a851d1f9fb/2025-indie-lisboa.jpg,Main Events,,,,approved,visitlisboa,en/events/indielisboa-1,https://www.visitlisboa.com/en/events,130de5e9b5397642494a40b1acc7387a98f58a5d
Open Gardens,,,,,Lisbon,https://www.visitlisboa.com/en/events,https://www.visitlisboa.com/rails/active_storage/representations/redirect/eyJfcmFpbHMiOnsiZGF0YSI6Mjk1NzMsInB1ciI6ImJsb2JfaWQifX0=--273e44a484b5e6d686da909cb76e2d85a6fd8867/eyJfcmFpbHMiOnsiZGF0YSI6eyJmb3JtYXQiOiJqcGciLCJyZXNpemUiOiI1MTJ4NTEyXHUwMDNlIn0sInB1ciI6InZhcmlhdGlvbiJ9fQ==--0ba8b7f58340100b312280e63751a8a851d1f9fb/Jardins-abertos-25-2.jpg,Exhibitions,,,Free Entry,approved,visitlisboa,en/events/jardins-abertos,https://www.visitlisboa.com/en/events,0d2b842f3f90b13a586f8dee3f404a5ce882f34f
KULTURfest - Festival of German Expression Cultures l,,,,,Lisbon,https://www.visitlisboa.com/en/events,https://www.visitlisboa.com/rails/active_storage/representations/redirect/eyJfcmFpbHMiOnsiZGF0YSI6Mjk5NjUsInB1ciI6ImJsb2JfaWQifX0=--c0b1e58de8859b0a61e6fad701e9d4bc90d27ca9/eyJfcmFpbHMiOnsiZGF0YSI6eyJmb3JtYXQiOiJqcGciLCJyZXNpemUiOiI1MTJ4NTEyXHUwMDNlIn0sInB1ciI6InZhcmlhdGlvbiJ9fQ==--0ba8b7f58340100b312280e63751a8a851d1f9fb/Gen25_festival-kulturfest.jpg,May 2026 (to be confirmed),,,,approved,visitlisboa,en/events/kulturfest-festival-of-german-expression-cultures-l,https://www.visitlisboa.com/en/events,84b7f872202a5a91b81ab5d60fe21a024993e11d
Octopus Festival | Ericeira,,,,,Lisbon,https://www.visitlisboa.com/en/events,https://www.visitlisboa.com/rails/active_storage/representations/redirect/eyJfcmFpbHMiOnsiZGF0YSI6MzY2NDcsInB1ciI6ImJsb2JfaWQifX0=--29aeb793c9de6941c058a7df4a8bc810e5062d95/eyJfcmFpbHMiOnsiZGF0YSI6eyJmb3JtYXQiOiJqcGciLCJyZXNpemUiOiI1MTJ4NTEyXHUwMDNlIn0sInB1ciI6InZhcmlhdGlvbiJ9fQ==--0ba8b7f58340100b312280e63751a8a851d1f9fb/gen-visit-lisboa-festival-do-polvo.jpg,Others,,,,approved,visitlisboa,en/events/octopus-festival-ericeira,https://www.visitlisboa.com/en/events,7bb67d070b6a561db79f6be2d3a80e5f038753bd
LAAF - Lisbon Art & Antiques Fair'26,,,,,Lisbon,https://www.visitlisboa.com/en/events,https://www.visitlisboa.com/rails/active_storage/representations/redirect/eyJfcmFpbHMiOnsiZGF0YSI6Mjk3NTgsInB1ciI6ImJsb2JfaWQifX0=--de7dba3cd5b103126a1b9411678404551f998b97/eyJfcmFpbHMiOnsiZGF0YSI6eyJmb3JtYXQiOiJqcGciLCJyZXNpemUiOiI1MTJ4NTEyXHUwMDNlIn0sInB1ciI6InZhcmlhdGlvbiJ9fQ==--0ba8b7f58340100b312280e63751a8a851d1f9fb/2025-LAAF-x-sem-data.jpg,Exhibitions,,,,approved,visitlisboa,en/events/laaf-lisbon-art-antiques-fair-2,https://www.visitlisboa.com/en/events,187759a05fc857c5c122e2a0a1c9ed09c61405b1
Carminho | Eu vou Morrer de Amor ou Resistir,2026-05-01,2026-05-03,,,Lisbon,https://www.visitlisboa.com/en/events,https://www.visitlisboa.com/rails/active_storage/representations/redirect/eyJfcmFpbHMiOnsiZGF0YSI6MzY1MDYsInB1ciI6ImJsb2JfaWQifX0=--d6dfaebec207d5bac230edba1511fdeac71a3c8e/eyJfcmFpbHMiOnsiZGF0YSI6eyJmb3JtYXQiOiJqcGciLCJyZXNpemUiOiI1MTJ4NTEyXHUwMDNlIn0sInB1ciI6InZhcmlhdGlvbiJ9fQ==--0ba8b7f58340100b312280e63751a8a851d1f9fb/visit-lisboa-carminho.jpg,Music,,,From €23,approved,visitlisboa,en/events/carminho-eu-vou-morrer-de-amor-ou-resistir,https://www.visitlisboa.com/en/events,da0e979344378cf1c60da04647fc3a2215971422
José Manuel Neto | Há Fado no Cais,2026-05-02,2026-05-02,,,Lisbon,https://www.visitlisboa.com/en/events,https://www.visitlisboa.com/rails/active_storage/representations/redirect/eyJfcmFpbHMiOnsiZGF0YSI6MzU5MTYsInB1ciI6ImJsb2JfaWQifX0=--a6d000686ea03f2a3a88944a0363661bc5c7bebc/eyJfcmFpbHMiOnsiZGF0YSI6eyJmb3JtYXQiOiJqcGciLCJyZXNpemUiOiI1MTJ4NTEyXHUwMDNlIn0sInB1ciI6InZhcmlhdGlvbiJ9fQ==--0ba8b7f58340100b312280e63751a8a851d1f9fb/visit-lisboa-jose-manuel-neto-ha-fado-no-cais.jpg,Music,,,From €5,approved,visitlisboa,en/events/jose-manuel-neto-ha-fado-no-cais,https://www.visitlisboa.com/en/events,433c32658092a023dd4441bf7501b7024e63f807
Aida – Opera by G. Verdi,2026-05-05,2026-05-05,,,Lisbon,https://www.visitlisboa.com/en/events,https://www.visitlisboa.com/rails/active_storage/representations/redirect/eyJfcmFpbHMiOnsiZGF0YSI6MzU1MTYsInB1ciI6ImJsb2JfaWQifX0=--371de48a533e8760b564d23348fcf0287d43871a/eyJfcmFpbHMiOnsiZGF0YSI6eyJmb3JtYXQiOiJqcGciLCJyZXNpemUiOiI1MTJ4NTEyXHUwMDNlIn0sInB1ciI6InZhcmlhdGlvbiJ9fQ==--0ba8b7f58340100b312280e63751a8a851d1f9fb/Whats-On-Visit-Lisboa-aida-opera-by-g-verdi.jpg,Theater Opera & Dance,,,From €40 to €80,approved,visitlisboa,en/events/aida-opera-by-g-verdi,https://www.visitlisboa.com/en/events,8e962a5559faebef63888441fa7d01571e310630
FIMFA - International Festival of Puppets and Animated Forms'26,2026-05-07,2026-05-31,,,Lisbon,https://www.visitlisboa.com/en/events,https://www.visitlisboa.com/rails/active_storage/representations/redirect/eyJfcmFpbHMiOnsiZGF0YSI6Mjk5MTksInB1ciI6ImJsb2JfaWQifX0=--b00c5f54b53148c7f7eb3f31ca229303e6a55f8c/eyJfcmFpbHMiOnsiZGF0YSI6eyJmb3JtYXQiOiJqcGciLCJyZXNpemUiOiI1MTJ4NTEyXHUwMDNlIn0sInB1ciI6InZhcmlhdGlvbiJ9fQ==--0ba8b7f58340100b312280e63751a8a851d1f9fb/fimfa-25.jpg,Main Events,,,,approved,visitlisboa,en/events/fimfa-international-festival-of-puppets-and-animated-forms-1,https://www.visitlisboa.com/en/events,45885b4675ab5ebf856de89c1ddc0480c9e67226
Open House Lisboa'26,2026-05-09,2026-05-10,,,Lisbon,https://www.visitlisboa.com/en/events,https://www.visitlisboa.com/rails/active_storage/representations/redirect/eyJfcmFpbHMiOnsiZGF0YSI6Mjk3MDQsInB1ciI6ImJsb2JfaWQifX0=--49c315518a8fcaaad21b93849b8616a98e828a54/eyJfcmFpbHMiOnsiZGF0YSI6eyJmb3JtYXQiOiJqcGciLCJyZXNpemUiOiI1MTJ4NTEyXHUwMDNlIn0sInB1ciI6InZhcmlhdGlvbiJ9fQ==--0ba8b7f58340100b312280e63751a8a851d1f9fb/open_house_lisboa_gen25.jpg,Main Events,,,,approved,visitlisboa,en/events/open-house-lisboa-2,https://www.visitlisboa.com/en/events,a5f04c3ed3ceeebf881da4feadd986f924b7d80c
Wings for Life World Run,2026-05-10,2026-05-10,,,Lisbon,https://www.visitlisboa.com/en/events,https://www.visitlisboa.com/rails/active_storage/representations/redirect/eyJfcmFpbHMiOnsiZGF0YSI6MzU2NDAsInB1ciI6ImJsb2JfaWQifX0=--3a4e92ef68dd92f8e5293bafac5291224be884a5/eyJfcmFpbHMiOnsiZGF0YSI6eyJmb3JtYXQiOiJqcGciLCJyZXNpemUiOiI1MTJ4NTEyXHUwMDNlIn0sInB1ciI6InZhcmlhdGlvbiJ9fQ==--0ba8b7f58340100b312280e63751a8a851d1f9fb/red-bull-wings-for-life-world-run-visit-lisboa.jpg,Sports,,,,approved,visitlisboa,en/events/wings-for-life-world-run,https://www.visitlisboa.com/en/events,5b437085663d788aaeb2b25961705b362a9bbba5
"Gipsy Kings by Diego Baliardo | ""A Tu Vera” Tour 2026",2026-05-10,2026-05-10,,,Lisbon,https://www.visitlisboa.com/en/events,https://www.visitlisboa.com/rails/active_storage/representations/redirect/eyJfcmFpbHMiOnsiZGF0YSI6MzUwMzIsInB1ciI6ImJsb2JfaWQifX0=--a9da51f559a87b73455ca52cef4cc653751a1b4b/eyJfcmFpbHMiOnsiZGF0YSI6eyJmb3JtYXQiOiJqcGciLCJyZXNpemUiOiI1MTJ4NTEyXHUwMDNlIn0sInB1ciI6InZhcmlhdGlvbiJ9fQ==--0ba8b7f58340100b312280e63751a8a851d1f9fb/gk.jpg,Music,,,From €25 to €50,approved,visitlisboa,en/events/gipsy-kings-by-diego-baliardo-a-tu-vera-tour-2026,https://www.visitlisboa.com/en/events,7d595452c9e39750a1c4db0fd9b4f7c48a95d4ff
Ecar Show'26,2026-05-15,2026-05-17,,,Lisbon,https://www.visitlisboa.com/en/events,https://www.visitlisboa.com/rails/active_storage/representations/redirect/eyJfcmFpbHMiOnsiZGF0YSI6Mjk3MjUsInB1ciI6ImJsb2JfaWQifX0=--d9c1579e8e8c8719ef2588b4c5cf6a3e9171417f/eyJfcmFpbHMiOnsiZGF0YSI6eyJmb3JtYXQiOiJqcGciLCJyZXNpemUiOiI1MTJ4NTEyXHUwMDNlIn0sInB1ciI6InZhcmlhdGlvbiJ9fQ==--0ba8b7f58340100b312280e63751a8a851d1f9fb/ecarshow_GEN25.jpg,Fairs,,,,approved,visitlisboa,en/events/ecar-show-2,https://www.visitlisboa.com/en/events,5911cb2b9b693bb652c26ab9e12c3c71c4caaba5
James Taylor Quartet,2026-05-16,2026-05-16,,,Lisbon,https://www.visitlisboa.com/en/events,https://www.visitlisboa.com/rails/active_storage/representations/redirect/eyJfcmFpbHMiOnsiZGF0YSI6MzU0MzcsInB1ciI6ImJsb2JfaWQifX0=--00354c56c164ba486513586384e16cc3ef0c5e40/eyJfcmFpbHMiOnsiZGF0YSI6eyJmb3JtYXQiOiJqcGciLCJyZXNpemUiOiI1MTJ4NTEyXHUwMDNlIn0sInB1ciI6InZhcmlhdGlvbiJ9fQ==--0ba8b7f58340100b312280e63751a8a851d1f9fb/Visit-lisboa_James-Taylor-Quartet_16-maio.jpg,Music,,,From €35,approved,visitlisboa,en/events/james-taylor-quartet,https://www.visitlisboa.com/en/events,67899067ae5324d3d6cc843a9de3569c10abcab9
James Taylor Quartet,2026-05-16,2026-05-16,,,Lisbon,https://www.visitlisboa.com/en/events,https://www.visitlisboa.com/rails/active_storage/representations/redirect/eyJfcmFpbHMiOnsiZGF0YSI6MzY1MTMsInB1ciI6ImJsb2JfaWQifX0=--7ac7905b6de63ca24cd63524592a3fc8f6a90eb3/eyJfcmFpbHMiOnsiZGF0YSI6eyJmb3JtYXQiOiJqcGciLCJyZXNpemUiOiI1MTJ4NTEyXHUwMDNlIn0sInB1ciI6InZhcmlhdGlvbiJ9fQ==--0ba8b7f58340100b312280e63751a8a851d1f9fb/visit-lisboa-james-taylor-quartet.jpg,Music,,,From €35,approved,visitlisboa,en/events/james-taylor-quartet-0526,https://www.visitlisboa.com/en/events,c626c0bdc16d4b37f5310ef43e276a5034d6c96c
Lisbon Bar Show,2026-05-19,2026-05-20,,,Lisbon,https://www.visitlisboa.com/en/events,https://www.visitlisboa.com/rails/active_storage/representations/redirect/eyJfcmFpbHMiOnsiZGF0YSI6MzU2MDMsInB1ciI6ImJsb2JfaWQifX0=--d2ab7047a35cba978e72902d4625972aa920ffd8/eyJfcmFpbHMiOnsiZGF0YSI6eyJmb3JtYXQiOiJqcGciLCJyZXNpemUiOiI1MTJ4NTEyXHUwMDNlIn0sInB1ciI6InZhcmlhdGlvbiJ9fQ==--0ba8b7f58340100b312280e63751a8a851d1f9fb/2026-lisbon-bar-show.jpg,Festivals,,,,approved,visitlisboa,en/events/lisbon-bar-show,https://www.visitlisboa.com/en/events,5961e9aa0847b6b8b710f0d01cdba96e17e6ade6
Lisbon Motorcycle Film Fest'26,2026-05-22,2026-05-24,,,Lisbon,https://www.visitlisboa.com/en/events,https://www.visitlisboa.com/rails/active_storage/representations/redirect/eyJfcmFpbHMiOnsiZGF0YSI6MzAxMDAsInB1ciI6ImJsb2JfaWQifX0=--ed1f76d53a1bb8cc7a307c7ba875442481e222ce/eyJfcmFpbHMiOnsiZGF0YSI6eyJmb3JtYXQiOiJqcGciLCJyZXNpemUiOiI1MTJ4NTEyXHUwMDNlIn0sInB1ciI6InZhcmlhdGlvbiJ9fQ==--0ba8b7f58340100b312280e63751a8a851d1f9fb/Lisbon-Motorcycle-Film-Festgen25.jpg,Cinema,,,,approved,visitlisboa,en/events/lisbon-motorcycle-film-fest-l,https://www.visitlisboa.com/en/events,d1c1a5612f1284e61d3e74ad07066c35149c3434
MEO Surf League - Ericeira,2026-05-22,2026-05-24,,,Lisbon,https://www.visitlisboa.com/en/events,https://www.visitlisboa.com/rails/active_storage/representations/redirect/eyJfcmFpbHMiOnsiZGF0YSI6MzY2NDgsInB1ciI6ImJsb2JfaWQifX0=--962aa7126235488906820d3cfea677ea9c78d9e8/eyJfcmFpbHMiOnsiZGF0YSI6eyJmb3JtYXQiOiJqcGciLCJyZXNpemUiOiI1MTJ4NTEyXHUwMDNlIn0sInB1ciI6InZhcmlhdGlvbiJ9fQ==--0ba8b7f58340100b312280e63751a8a851d1f9fb/ge-visit-lisboa-ericeira-surf.jpg,Sports,,,,approved,visitlisboa,en/events/meo-surf-league-ericeira,https://www.visitlisboa.com/en/events,91e1b0b16128c8366e57a23d0764e3b565cc5dc9
Lisboa Green Trail'26,2026-05-24,2026-05-24,,,Lisbon,https://www.visitlisboa.com/en/events,https://www.visitlisboa.com/rails/active_storage/representations/redirect/eyJfcmFpbHMiOnsiZGF0YSI6Mjk5NjksInB1ciI6ImJsb2JfaWQifX0=--4fa74c0bb882f5055ca170dbc9cf68c9685d50c8/eyJfcmFpbHMiOnsiZGF0YSI6eyJmb3JtYXQiOiJqcGciLCJyZXNpemUiOiI1MTJ4NTEyXHUwMDNlIn0sInB1ciI6InZhcmlhdGlvbiJ9fQ==--0ba8b7f58340100b312280e63751a8a851d1f9fb/lisboa-green-trail-2025-v2.jpg,Sports,,,,approved,visitlisboa,en/events/lisboa-green-trail-l,https://www.visitlisboa.com/en/events,16185677cf5fa60793ba69a1086070ddc87ccb56
Bad Bunny,2026-05-26,2026-05-27,,,Lisbon,https://www.visitlisboa.com/en/events,https://www.visitlisboa.com/rails/active_storage/representations/redirect/eyJfcmFpbHMiOnsiZGF0YSI6MzI4NjMsInB1ciI6ImJsb2JfaWQifX0=--f51b9099961dac5286874b8060610f7e840a5c03/eyJfcmFpbHMiOnsiZGF0YSI6eyJmb3JtYXQiOiJqcGciLCJyZXNpemUiOiI1MTJ4NTEyXHUwMDNlIn0sInB1ciI6InZhcmlhdGlvbiJ9fQ==--0ba8b7f58340100b312280e63751a8a851d1f9fb/bad-bunny-benfica.jpg,Music,,,,approved,visitlisboa,en/events/bad-bunny,https://www.visitlisboa.com/en/events,e56ced6adffde90bb77c380582af9c99f3c405ec
Lisbon by Design'26,2026-05-26,2026-05-31,,,Lisbon,https://www.visitlisboa.com/en/events,https://www.visitlisboa.com/rails/active_storage/representations/redirect/eyJfcmFpbHMiOnsiZGF0YSI6MzU2MDUsInB1ciI6ImJsb2JfaWQifX0=--dc0584481d3ef416e4bf2b46810357ffe524392e/eyJfcmFpbHMiOnsiZGF0YSI6eyJmb3JtYXQiOiJqcGciLCJyZXNpemUiOiI1MTJ4NTEyXHUwMDNlIn0sInB1ciI6InZhcmlhdGlvbiJ9fQ==--0ba8b7f58340100b312280e63751a8a851d1f9fb/2026-lisbon-by-design.jpg,Exhibitions,,,,approved,visitlisboa,en/events/lisbon-by-design_,https://www.visitlisboa.com/en/events,5e5978f0e54d10da131d041733ebc59f3a1ebd78
Book Fair'26,2026-05-27,2026-06-14,,,Lisbon,https://www.visitlisboa.com/en/events,https://www.visitlisboa.com/rails/active_storage/representations/redirect/eyJfcmFpbHMiOnsiZGF0YSI6MzA3MDksInB1ciI6ImJsb2JfaWQifX0=--d96a8f8d23c95ca33b93610ad6e4be6dde1c3900/eyJfcmFpbHMiOnsiZGF0YSI6eyJmb3JtYXQiOiJqcGciLCJyZXNpemUiOiI1MTJ4NTEyXHUwMDNlIn0sInB1ciI6InZhcmlhdGlvbiJ9fQ==--0ba8b7f58340100b312280e63751a8a851d1f9fb/GEN25_Feira-do-Livro.jpg,Fairs,,,Free Entry,approved,visitlisboa,en/events/book-fair-1,https://www.visitlisboa.com/en/events,fd0cab11cb1c8d38294f4785b9743ebea288cd3b
MOGA Caparica,2026-05-27,2026-05-31,,,Lisbon,https://www.visitlisboa.com/en/events,https://www.visitlisboa.com/rails/active_storage/representations/redirect/eyJfcmFpbHMiOnsiZGF0YSI6MzU2MDIsInB1ciI6ImJsb2JfaWQifX0=--47f979b6e14618f849b937d5acf2644951521699/eyJfcmFpbHMiOnsiZGF0YSI6eyJmb3JtYXQiOiJqcGciLCJyZXNpemUiOiI1MTJ4NTEyXHUwMDNlIn0sInB1ciI6InZhcmlhdGlvbiJ9fQ==--0ba8b7f58340100b312280e63751a8a851d1f9fb/2026-VISIT-LISBOA-moga-caparica.jpg,Music,,,,approved,visitlisboa,en/events/moga-caparica,https://www.visitlisboa.com/en/events,575dbb1f8e456c7386ba301c036d4babe1ce6986
Arco Lisboa - International Contemporary Art Fair'26,2026-05-28,2026-05-31,,,Lisbon,https://www.visitlisboa.com/en/events,https://www.visitlisboa.com/rails/active_storage/representations/redirect/eyJfcmFpbHMiOnsiZGF0YSI6MzM5MzIsInB1ciI6ImJsb2JfaWQifX0=--853cee48ce0da0d682d6c302c7f2aaf83b0d5aa1/eyJfcmFpbHMiOnsiZGF0YSI6eyJmb3JtYXQiOiJqcGciLCJyZXNpemUiOiI1MTJ4NTEyXHUwMDNlIn0sInB1ciI6InZhcmlhdGlvbiJ9fQ==--0ba8b7f58340100b312280e63751a8a851d1f9fb/Arco-Lisboa-26.jpg,Exhibitions,,,,approved,visitlisboa,en/events/arco-lisboa-l,https://www.visitlisboa.com/en/events,922d2febb109a3d39968e975b6e45a4aace40aa7
Around Classic,2026-05-29,2026-05-31,,,Lisbon,https://www.visitlisboa.com/en/events,https://www.visitlisboa.com/rails/active_storage/representations/redirect/eyJfcmFpbHMiOnsiZGF0YSI6MzU5MTAsInB1ciI6ImJsb2JfaWQifX0=--25d65fa0c89614c5595a1d8809c9f638ed5fd994/eyJfcmFpbHMiOnsiZGF0YSI6eyJmb3JtYXQiOiJqcGciLCJyZXNpemUiOiI1MTJ4NTEyXHUwMDNlIn0sInB1ciI6InZhcmlhdGlvbiJ9fQ==--0ba8b7f58340100b312280e63751a8a851d1f9fb/visit-lisboa-around-classic-26.jpg,Music,,,,approved,visitlisboa,en/events/around-classic-26,https://www.visitlisboa.com/en/events,d76875830c2313713742e2a8d8c1145a9a18aa43
COALA festival'26,2026-05-30,2026-05-31,,,Lisbon,https://www.visitlisboa.com/en/events,https://www.visitlisboa.com/rails/active_storage/representations/redirect/eyJfcmFpbHMiOnsiZGF0YSI6MzU1NzEsInB1ciI6ImJsb2JfaWQifX0=--9701b1e820f6323006ce15393a7fc80ceade6f7c/eyJfcmFpbHMiOnsiZGF0YSI6eyJmb3JtYXQiOiJqcGciLCJyZXNpemUiOiI1MTJ4NTEyXHUwMDNlIn0sInB1ciI6InZhcmlhdGlvbiJ9fQ==--0ba8b7f58340100b312280e63751a8a851d1f9fb/2026-visit-lisboa-coala-festival.png,Music,,,From €80,approved,visitlisboa,en/events/coala-festival,https://www.visitlisboa.com/en/events,50156fdc91a9effef46f8374a670b791b48beaf2
Father John Misty,2026-06-01,2026-06-01,,,Lisbon,https://www.visitlisboa.com/en/events,https://www.visitlisboa.com/rails/active_storage/representations/redirect/eyJfcmFpbHMiOnsiZGF0YSI6MzU4MjEsInB1ciI6ImJsb2JfaWQifX0=--e5ccd700397ff1de51f84a483820421ca8a7cd43/eyJfcmFpbHMiOnsiZGF0YSI6eyJmb3JtYXQiOiJqcGciLCJyZXNpemUiOiI1MTJ4NTEyXHUwMDNlIn0sInB1ciI6InZhcmlhdGlvbiJ9fQ==--0ba8b7f58340100b312280e63751a8a851d1f9fb/visit-lisboa-fjm.jpg,Music,,,From €22 to €45,approved,visitlisboa,en/events/father-john-misty,https://www.visitlisboa.com/en/events,a9261f263eccd6802259db1013a2ec66dccc7592
CineConchas'26,,,,,Lisbon,https://www.visitlisboa.com/en/events,https://www.visitlisboa.com/rails/active_storage/representations/redirect/eyJfcmFpbHMiOnsiZGF0YSI6MzEyMzUsInB1ciI6ImJsb2JfaWQifX0=--cf671365eb77ad3491a88c9eb6320de90f55afe3/eyJfcmFpbHMiOnsiZGF0YSI6eyJmb3JtYXQiOiJqcGciLCJyZXNpemUiOiI1MTJ4NTEyXHUwMDNlIn0sInB1ciI6InZhcmlhdGlvbiJ9fQ==--0ba8b7f58340100b312280e63751a8a851d1f9fb/Cine-Conchas.jpg,Cinema,,,Free Entry,approved,visitlisboa,en/events/cineconchas_,https://www.visitlisboa.com/en/events,45ea5456f05577e8b56ca978c01b015d56683ace
Trezena to Saint Anthony,,,,,Lisbon,https://www.visitlisboa.com/en/events,https://www.visitlisboa.com/rails/active_storage/representations/redirect/eyJfcmFpbHMiOnsiZGF0YSI6MzA1MjQsInB1ciI6ImJsb2JfaWQifX0=--5f532375d8bcbdc27267b36a7114e7a0682363fb/eyJfcmFpbHMiOnsiZGF0YSI6eyJmb3JtYXQiOiJqcGciLCJyZXNpemUiOiI1MTJ4NTEyXHUwMDNlIn0sInB1ciI6InZhcmlhdGlvbiJ9fQ==--0ba8b7f58340100b312280e63751a8a851d1f9fb/trezena.jpg,Music,,,Free Entry,approved,visitlisboa,en/events/trezena-to-saint-anthony,https://www.visitlisboa.com/en/events,afeb62839448b8699720a9eacb3d87268c6e92a5
Popular Marches | MEO Arena,,,,,Lisbon,https://www.visitlisboa.com/en/events,https://www.visitlisboa.com/rails/active_storage/representations/redirect/eyJfcmFpbHMiOnsiZGF0YSI6MzAzMTEsInB1ciI6ImJsb2JfaWQifX0=--e20f6312798241fa0257c99753eefbc7e6905aea/eyJfcmFpbHMiOnsiZGF0YSI6eyJmb3JtYXQiOiJqcGciLCJyZXNpemUiOiI1MTJ4NTEyXHUwMDNlIn0sInB1ciI6InZhcmlhdGlvbiJ9fQ==--0ba8b7f58340100b312280e63751a8a851d1f9fb/Marchas-MEO.jpg,Others,,,,approved,visitlisboa,en/events/popular-marches-meo-arena,https://www.visitlisboa.com/en/events,54690b3f7a344ab4d89a46a5f627e1a4f88a602e
Lisbon Festivities,,,,,Lisbon,https://www.visitlisboa.com/en/events,https://www.visitlisboa.com/rails/active_storage/representations/redirect/eyJfcmFpbHMiOnsiZGF0YSI6MzAzNjQsInB1ciI6ImJsb2JfaWQifX0=--f1e1d3a048ec1a5b8e363ee67a384033f2f42682/eyJfcmFpbHMiOnsiZGF0YSI6eyJmb3JtYXQiOiJqcGciLCJyZXNpemUiOiI1MTJ4NTEyXHUwMDNlIn0sInB1ciI6InZhcmlhdGlvbiJ9fQ==--0ba8b7f58340100b312280e63751a8a851d1f9fb/%23GEN_25_HP.jpg,Main Events,,,Free Entry,approved,visitlisboa,en/events/lisbon-festivities-1,https://www.visitlisboa.com/en/events,b791e471961f51c71b251a8b9e638a9522e33a45
Arraiais Populares,,,,,Lisbon,https://www.visitlisboa.com/en/events,https://www.visitlisboa.com/rails/active_storage/representations/redirect/eyJfcmFpbHMiOnsiZGF0YSI6MzAzMjMsInB1ciI6ImJsb2JfaWQifX0=--ad71b657f3add8d83778c7f91b8b9470cda465f6/eyJfcmFpbHMiOnsiZGF0YSI6eyJmb3JtYXQiOiJqcGciLCJyZXNpemUiOiI1MTJ4NTEyXHUwMDNlIn0sInB1ciI6InZhcmlhdGlvbiJ9fQ==--0ba8b7f58340100b312280e63751a8a851d1f9fb/Arraias-populares.jpg,Others,,,Free Entry,approved,visitlisboa,en/events/arraiais-populares-lisboa-on-the-street,https://www.visitlisboa.com/en/events,70cb7172fd4d4dd647246e5349d66828a4be468b
"L’Allegro, il Penseroso ed il Moderato",2026-06-06,2026-06-06,,,Lisbon,https://www.visitlisboa.com/en/events,https://www.visitlisboa.com/rails/active_storage/representations/redirect/eyJfcmFpbHMiOnsiZGF0YSI6MzU4MzIsInB1ciI6ImJsb2JfaWQifX0=--fd13e65072ea46258d207f4d014ce95f8a7bf362/eyJfcmFpbHMiOnsiZGF0YSI6eyJmb3JtYXQiOiJqcGciLCJyZXNpemUiOiI1MTJ4NTEyXHUwMDNlIn0sInB1ciI6InZhcmlhdGlvbiJ9fQ==--0ba8b7f58340100b312280e63751a8a851d1f9fb/visit-lisboa-l-allegro-il-penseroso-ed-il-moderato.jpg,Music,,,From €12 to €15,approved,visitlisboa,en/events/l-allegro-il-penseroso-ed-il-moderato,https://www.visitlisboa.com/en/events,a34c052f56861c980fac3e5b2b2ba8cbf9bb6938
Corrida de Santo António,2026-06-07,2026-06-07,,,Lisbon,https://www.visitlisboa.com/en/events,https://www.visitlisboa.com/rails/active_storage/representations/redirect/eyJfcmFpbHMiOnsiZGF0YSI6MzcwMjksInB1ciI6ImJsb2JfaWQifX0=--c4ae8b363f743b69e5e29195f203c02d931dedaf/eyJfcmFpbHMiOnsiZGF0YSI6eyJmb3JtYXQiOiJqcGciLCJyZXNpemUiOiI1MTJ4NTEyXHUwMDNlIn0sInB1ciI6InZhcmlhdGlvbiJ9fQ==--0ba8b7f58340100b312280e63751a8a851d1f9fb/2026-visit-lisboa-corrida-de-santo-antonio.jpg,Sports,,,,approved,visitlisboa,en/events/corrida-de-santo-antonio,https://www.visitlisboa.com/en/events,55c061d1fc0ddab28387664fe0256caab57c42ca
The Reinvention of Vivaldi,2026-06-11,2026-06-11,,,Lisbon,https://www.visitlisboa.com/en/events,https://www.visitlisboa.com/rails/active_storage/representations/redirect/eyJfcmFpbHMiOnsiZGF0YSI6MzU4MzMsInB1ciI6ImJsb2JfaWQifX0=--186a9782c9008fdad571dd19199d4b6a00149b7e/eyJfcmFpbHMiOnsiZGF0YSI6eyJmb3JtYXQiOiJqcGciLCJyZXNpemUiOiI1MTJ4NTEyXHUwMDNlIn0sInB1ciI6InZhcmlhdGlvbiJ9fQ==--0ba8b7f58340100b312280e63751a8a851d1f9fb/visit-lisboa-a-reinvencao-de-vivaldi.jpg,Music,,,From €9 to €17,approved,visitlisboa,en/events/the-reinvention-of-vivaldi,https://www.visitlisboa.com/en/events,99df4be0bd8d22246320c5686a07318dd486933f
Weddings of Saint Anthony,2026-06-12,2026-06-12,,,Lisbon,https://www.visitlisboa.com/en/events,https://www.visitlisboa.com/rails/active_storage/representations/redirect/eyJfcmFpbHMiOnsiZGF0YSI6MzA3NDYsInB1ciI6ImJsb2JfaWQifX0=--e897916dc64a16cc152057d0c3d6ee01902cda34/eyJfcmFpbHMiOnsiZGF0YSI6eyJmb3JtYXQiOiJqcGciLCJyZXNpemUiOiI1MTJ4NTEyXHUwMDNlIn0sInB1ciI6InZhcmlhdGlvbiJ9fQ==--0ba8b7f58340100b312280e63751a8a851d1f9fb/casamentos-santo-antonio.jpg,Others,,,Free Entry,approved,visitlisboa,en/events/weddings-of-saint-anthony,https://www.visitlisboa.com/en/events,eac1524fd0fbdb3cb36bf23e7d720fc9b3a39b18
Procession of Saint Anthony,2026-06-12,2026-06-13,,,Lisbon,https://www.visitlisboa.com/en/events,https://www.visitlisboa.com/rails/active_storage/representations/redirect/eyJfcmFpbHMiOnsiZGF0YSI6MzA3NDIsInB1ciI6ImJsb2JfaWQifX0=--aef22355c9c7f543c39be3b3b9fa8e0336fd0166/eyJfcmFpbHMiOnsiZGF0YSI6eyJmb3JtYXQiOiJqcGciLCJyZXNpemUiOiI1MTJ4NTEyXHUwMDNlIn0sInB1ciI6InZhcmlhdGlvbiJ9fQ==--0ba8b7f58340100b312280e63751a8a851d1f9fb/Procissao-santo.-antonio.jpg,Others,,,Free Entry,approved,visitlisboa,en/events/procession-of-saint-anthony,https://www.visitlisboa.com/en/events,b7d1394648efa76e5db2c1dfdf157d2ba40d8162
St. Anthony's night - 12/13th June,2026-06-12,2026-06-13,,,Lisbon,https://www.visitlisboa.com/en/events,https://www.visitlisboa.com/rails/active_storage/representations/redirect/eyJfcmFpbHMiOnsiZGF0YSI6MzU1ODgsInB1ciI6ImJsb2JfaWQifX0=--d50ed10dd57b5a389f2e0af1050bcaad5738bf83/eyJfcmFpbHMiOnsiZGF0YSI6eyJmb3JtYXQiOiJqcGciLCJyZXNpemUiOiI1MTJ4NTEyXHUwMDNlIn0sInB1ciI6InZhcmlhdGlvbiJ9fQ==--0ba8b7f58340100b312280e63751a8a851d1f9fb/visit-lisboa-noite-de-santo-antonio-12-13-de-junho_th.jpg,Others,,,Free Entry,approved,visitlisboa,en/events/st-anthonys-night-12-13th-june,https://www.visitlisboa.com/en/events,ebd7e28b4aaecca8ce9585f18aa200c183d5ca05
Popular Marches - Av. Liberdade,2026-06-12,2026-06-12,,,Lisbon,https://www.visitlisboa.com/en/events,https://www.visitlisboa.com/rails/active_storage/representations/redirect/eyJfcmFpbHMiOnsiZGF0YSI6MzAzMTQsInB1ciI6ImJsb2JfaWQifX0=--c5dbe36f8186517c9d573058fb3f4d2446303699/eyJfcmFpbHMiOnsiZGF0YSI6eyJmb3JtYXQiOiJqcGciLCJyZXNpemUiOiI1MTJ4NTEyXHUwMDNlIn0sInB1ciI6InZhcmlhdGlvbiJ9fQ==--0ba8b7f58340100b312280e63751a8a851d1f9fb/Marchas-Avenida-1.jpg,Festivals,,,Free Entry,approved,visitlisboa,en/events/popular-marches-av-liberdade,https://www.visitlisboa.com/en/events,6056b6eacc46e2739df6a6cf4193b6aa42cd2392
Suncébeat New Horizons Festival'26,2026-06-18,2026-06-22,,,Lisbon,https://www.visitlisboa.com/en/events,https://www.visitlisboa.com/rails/active_storage/representations/redirect/eyJfcmFpbHMiOnsiZGF0YSI6MzUwMzEsInB1ciI6ImJsb2JfaWQifX0=--75f229a85c5fd4a2ac06f8f4cd8f2f4aafc2d342/eyJfcmFpbHMiOnsiZGF0YSI6eyJmb3JtYXQiOiJqcGciLCJyZXNpemUiOiI1MTJ4NTEyXHUwMDNlIn0sInB1ciI6InZhcmlhdGlvbiJ9fQ==--0ba8b7f58340100b312280e63751a8a851d1f9fb/subcet.jpg,Music,,,,approved,visitlisboa,en/events/suncebeat-new-horizons-festival,https://www.visitlisboa.com/en/events,5620a974d48f9a69a68e2f6077be2bdb9838df95
AHRESP Awards,2026-06-19,2026-06-19,,,Lisbon,https://www.visitlisboa.com/en/events,https://www.visitlisboa.com/rails/active_storage/representations/redirect/eyJfcmFpbHMiOnsiZGF0YSI6MzY0NjEsInB1ciI6ImJsb2JfaWQifX0=--ec69be29ef8a6294ee13b0b2a87d5745b2592aaa/eyJfcmFpbHMiOnsiZGF0YSI6eyJmb3JtYXQiOiJqcGciLCJyZXNpemUiOiI1MTJ4NTEyXHUwMDNlIn0sInB1ciI6InZhcmlhdGlvbiJ9fQ==--0ba8b7f58340100b312280e63751a8a851d1f9fb/ahresp.jpg,Others,,,,approved,visitlisboa,en/events/ahresp-awards,https://www.visitlisboa.com/en/events,4d760ca99baa6e5a7581cdc69cbe42f84bf2f790
Rock In Rio Lisboa'26,2026-06-20,2026-06-21,,,Lisbon,https://www.visitlisboa.com/en/events,https://www.visitlisboa.com/rails/active_storage/representations/redirect/eyJfcmFpbHMiOnsiZGF0YSI6MjcyNTEsInB1ciI6ImJsb2JfaWQifX0=--59c6140ba0d91b9d8b8809d2b19583a3234bc0c1/eyJfcmFpbHMiOnsiZGF0YSI6eyJmb3JtYXQiOiJqcGciLCJyZXNpemUiOiI1MTJ4NTEyXHUwMDNlIn0sInB1ciI6InZhcmlhdGlvbiJ9fQ==--0ba8b7f58340100b312280e63751a8a851d1f9fb/2026-rock-in-rio-lisboa.jpg,Main Events,,,,approved,visitlisboa,en/events/rock-in-rio-lisboa26,https://www.visitlisboa.com/en/events,68974500acd92087c9c8701a16565e6a06954bdf
Festival Jardins do Marquês'26,2026-06-21,2026-07-08,,,Lisbon,https://www.visitlisboa.com/en/events,https://www.visitlisboa.com/rails/active_storage/representations/redirect/eyJfcmFpbHMiOnsiZGF0YSI6MjY5MzQsInB1ciI6ImJsb2JfaWQifX0=--dd3c34996253a2e6c8d42727ffcc789ffd4975e3/eyJfcmFpbHMiOnsiZGF0YSI6eyJmb3JtYXQiOiJqcGciLCJyZXNpemUiOiI1MTJ4NTEyXHUwMDNlIn0sInB1ciI6InZhcmlhdGlvbiJ9fQ==--0ba8b7f58340100b312280e63751a8a851d1f9fb/2025-jardins-do-marques.jpg,Festivals,,,,approved,visitlisboa,en/events/festival-jardins-do-marques-1,https://www.visitlisboa.com/en/events,750091a7b55ae2e8de515b5a96a4bafea0ce1e70
Estoril Crafts Fair,2026-06-26,2026-08-23,,,Lisbon,https://www.visitlisboa.com/en/events,https://www.visitlisboa.com/rails/active_storage/representations/redirect/eyJfcmFpbHMiOnsiZGF0YSI6MzU3MDgsInB1ciI6ImJsb2JfaWQifX0=--e052de6f23d5ea49d3ccad3dff5fbb93a57c2eaa/eyJfcmFpbHMiOnsiZGF0YSI6eyJmb3JtYXQiOiJqcGciLCJyZXNpemUiOiI1MTJ4NTEyXHUwMDNlIn0sInB1ciI6InZhcmlhdGlvbiJ9fQ==--0ba8b7f58340100b312280e63751a8a851d1f9fb/2026-Feira-de-Artesanato-do-Estoril_GEN.jpg,Fairs,,,,approved,visitlisboa,en/events/estoril-crafts-fair,https://www.visitlisboa.com/en/events,f8c9abec5d59e3b2ffe89ba73a61dc2a2cf39858
Edmazia Mayembe – 15 Years of Me,2026-06-26,2026-06-26,,,Lisbon,https://www.visitlisboa.com/en/events,https://www.visitlisboa.com/rails/active_storage/representations/redirect/eyJfcmFpbHMiOnsiZGF0YSI6MzQyMjEsInB1ciI6ImJsb2JfaWQifX0=--4ffca036f7573d4afa6da0e9c1588927f0b23d47/eyJfcmFpbHMiOnsiZGF0YSI6eyJmb3JtYXQiOiJqcGciLCJyZXNpemUiOiI1MTJ4NTEyXHUwMDNlIn0sInB1ciI6InZhcmlhdGlvbiJ9fQ==--0ba8b7f58340100b312280e63751a8a851d1f9fb/edm%C3%A1zia.jpg,Music,,,From €30 to €45,approved,visitlisboa,en/events/edmazia-mayembe-15-years-of-me,https://www.visitlisboa.com/en/events,0818d9f7b932c1ee05b9e3b938d6e6ca0d16327a
FIA LISBOA - International Handicraft Exhibition'26,2026-06-27,2026-07-05,,,Lisbon,https://www.visitlisboa.com/en/events,https://www.visitlisboa.com/rails/active_storage/representations/redirect/eyJfcmFpbHMiOnsiZGF0YSI6MzA2MzEsInB1ciI6ImJsb2JfaWQifX0=--67632e34e81d0368599ea934b9d0058fab96076c/eyJfcmFpbHMiOnsiZGF0YSI6eyJmb3JtYXQiOiJqcGciLCJyZXNpemUiOiI1MTJ4NTEyXHUwMDNlIn0sInB1ciI6InZhcmlhdGlvbiJ9fQ==--0ba8b7f58340100b312280e63751a8a851d1f9fb/GEN25_1400.jpg,Exhibitions,,,,approved,visitlisboa,en/events/fia-international-handicraft-exhibition-1,https://www.visitlisboa.com/en/events,0bb954dec878bef174c8386b09323728448b9092
Pennywise,2026-06-30,2026-06-30,,,Lisbon,https://www.visitlisboa.com/en/events,https://www.visitlisboa.com/rails/active_storage/representations/redirect/eyJfcmFpbHMiOnsiZGF0YSI6MzY1MTcsInB1ciI6ImJsb2JfaWQifX0=--7a3849d431cb86ba76aabcffbc6175852fe54975/eyJfcmFpbHMiOnsiZGF0YSI6eyJmb3JtYXQiOiJqcGciLCJyZXNpemUiOiI1MTJ4NTEyXHUwMDNlIn0sInB1ciI6InZhcmlhdGlvbiJ9fQ==--0ba8b7f58340100b312280e63751a8a851d1f9fb/visit-lisboa-pennywise.jpg,Music,,,From €34,approved,visitlisboa,en/events/pennywise,https://www.visitlisboa.com/en/events,25a057cc17bb19501ef193b4e51f27c4c4b01296
Portuguese Surf Film Festival,,,,,Lisbon,https://www.visitlisboa.com/en/events,https://www.visitlisboa.com/rails/active_storage/representations/redirect/eyJfcmFpbHMiOnsiZGF0YSI6MzEyNjksInB1ciI6ImJsb2JfaWQifX0=--714715c6a9100c5eb13a8b54bb22db09ab56a2f8/eyJfcmFpbHMiOnsiZGF0YSI6eyJmb3JtYXQiOiJqcGciLCJyZXNpemUiOiI1MTJ4NTEyXHUwMDNlIn0sInB1ciI6InZhcmlhdGlvbiJ9fQ==--0ba8b7f58340100b312280e63751a8a851d1f9fb/145-PSFF.jpg,Exhibitions,,,From €5,approved,visitlisboa,en/events/portuguese-surf-film-festival,https://www.visitlisboa.com/en/events,2016c6f5e1bcf490768b7bb278bcedffed02b7ff
Brunch Electronik Lisboa'26,,,,,Lisbon,https://www.visitlisboa.com/en/events,https://www.visitlisboa.com/rails/active_storage/representations/redirect/eyJfcmFpbHMiOnsiZGF0YSI6MzAyNjQsInB1ciI6ImJsb2JfaWQifX0=--b90c26d6a7e33a1d66d3bb5ac11bf40dd592815d/eyJfcmFpbHMiOnsiZGF0YSI6eyJmb3JtYXQiOiJqcGciLCJyZXNpemUiOiI1MTJ4NTEyXHUwMDNlIn0sInB1ciI6InZhcmlhdGlvbiJ9fQ==--0ba8b7f58340100b312280e63751a8a851d1f9fb/GEN25-brunch-eletronik.jpg,Music,,,,approved,visitlisboa,en/events/brunch-electronik-lisboa-l,https://www.visitlisboa.com/en/events,31917c8f82fef7d2af4043f232431b9e58842e90
Sumol Summer Fest'26,2026-07-03,2026-07-04,,,Lisbon,https://www.visitlisboa.com/en/events,https://www.visitlisboa.com/rails/active_storage/representations/redirect/eyJfcmFpbHMiOnsiZGF0YSI6MzExNjYsInB1ciI6ImJsb2JfaWQifX0=--e740d9a7057afa8b6c6a8577ea6a169356d427d7/eyJfcmFpbHMiOnsiZGF0YSI6eyJmb3JtYXQiOiJqcGciLCJyZXNpemUiOiI1MTJ4NTEyXHUwMDNlIn0sInB1ciI6InZhcmlhdGlvbiJ9fQ==--0ba8b7f58340100b312280e63751a8a851d1f9fb/GEN25-Sumol-Summer-Fest.jpg,Main Events,,,,approved,visitlisboa,en/events/sumol-summer-fest_,https://www.visitlisboa.com/en/events,6efe599ecb21456281f8cfed4ed4397a3b3c3f4e
Red Waistcoat | Vila Franca de Xira,2026-07-03,2026-07-05,,,Lisbon,https://www.visitlisboa.com/en/events,https://www.visitlisboa.com/rails/active_storage/representations/redirect/eyJfcmFpbHMiOnsiZGF0YSI6MTQyMDcsInB1ciI6ImJsb2JfaWQifX0=--73e9c47430cfe4c9167c9e2b8c66f5db9df9c810/eyJfcmFpbHMiOnsiZGF0YSI6eyJmb3JtYXQiOiJqcGciLCJyZXNpemUiOiI1MTJ4NTEyXHUwMDNlIn0sInB1ciI6InZhcmlhdGlvbiJ9fQ==--0ba8b7f58340100b312280e63751a8a851d1f9fb/2023-Festas-do-Colete-Encarnado-Vila-Franca-de-Xira.jpg,Others,,,,approved,visitlisboa,en/events/red-waistcoat-vila-franca-de-xira,https://www.visitlisboa.com/en/events,ab6346f652cec78c8105f15f482233561215587e
Schumann Symphony Cycle,2026-07-03,2026-07-04,,,Lisbon,https://www.visitlisboa.com/en/events,https://www.visitlisboa.com/rails/active_storage/representations/redirect/eyJfcmFpbHMiOnsiZGF0YSI6MzU4NDcsInB1ciI6ImJsb2JfaWQifX0=--2fb89500c67fd848b55c09aeaf713ebf75e35c23/eyJfcmFpbHMiOnsiZGF0YSI6eyJmb3JtYXQiOiJqcGciLCJyZXNpemUiOiI1MTJ4NTEyXHUwMDNlIn0sInB1ciI6InZhcmlhdGlvbiJ9fQ==--0ba8b7f58340100b312280e63751a8a851d1f9fb/visit-lisboa-integral-das-sinfonias-de-schumann.jpg,Music,,,From €9 to €17,approved,visitlisboa,en/events/schumann-symphony-cycle,https://www.visitlisboa.com/en/events,04e7d7abb031a98d3e9fe68d0496e0f702709798
LISB /ON # Jardim Sonoro'26,2026-07-03,2026-07-04,,,Lisbon,https://www.visitlisboa.com/en/events,https://www.visitlisboa.com/rails/active_storage/representations/redirect/eyJfcmFpbHMiOnsiZGF0YSI6MzAxMzAsInB1ciI6ImJsb2JfaWQifX0=--bb15d1a9c6f11943a951b48b3fc264ac67ba196f/eyJfcmFpbHMiOnsiZGF0YSI6eyJmb3JtYXQiOiJqcGciLCJyZXNpemUiOiI1MTJ4NTEyXHUwMDNlIn0sInB1ciI6InZhcmlhdGlvbiJ9fQ==--0ba8b7f58340100b312280e63751a8a851d1f9fb/Gen25_Lisb-on-jardim-sonoro.jpg,Music,,,From €50,approved,visitlisboa,en/events/lisb-on-jardim-sonoro,https://www.visitlisboa.com/en/events,0d507cdebd9ec1bfcb1df73d3f2ef1fa4fd958cb
Evil Live Festival,2026-07-05,2026-07-05,,,Lisbon,https://www.visitlisboa.com/en/events,https://www.visitlisboa.com/rails/active_storage/representations/redirect/eyJfcmFpbHMiOnsiZGF0YSI6MzUzNjMsInB1ciI6ImJsb2JfaWQifX0=--25cc7a225bdf03e984dae8fcb1c6f59dcdc92299/eyJfcmFpbHMiOnsiZGF0YSI6eyJmb3JtYXQiOiJqcGciLCJyZXNpemUiOiI1MTJ4NTEyXHUwMDNlIn0sInB1ciI6InZhcmlhdGlvbiJ9fQ==--0ba8b7f58340100b312280e63751a8a851d1f9fb/evil-rocks-visit-lisboa.jpg,Music,,,From €75 to €79,approved,visitlisboa,en/events/evil-live-festival,https://www.visitlisboa.com/en/events,218a571591eb57fbd300399ccfe16522eec0375e
Ageas Cooljazz'26,2026-07-08,2026-07-31,,,Lisbon,https://www.visitlisboa.com/en/events,https://www.visitlisboa.com/rails/active_storage/representations/redirect/eyJfcmFpbHMiOnsiZGF0YSI6MzYxMDIsInB1ciI6ImJsb2JfaWQifX0=--34f32e04ef23557fd835d86a474f52f1186a46e0/eyJfcmFpbHMiOnsiZGF0YSI6eyJmb3JtYXQiOiJqcGciLCJyZXNpemUiOiI1MTJ4NTEyXHUwMDNlIn0sInB1ciI6InZhcmlhdGlvbiJ9fQ==--0ba8b7f58340100b312280e63751a8a851d1f9fb/2025-cool-jazz-fest-cascais_2.jpg,Main Events,,,From €35 to €75,approved,visitlisboa,en/events/ageas-cooljazz,https://www.visitlisboa.com/en/events,154e5cc87e3aec53b0483166a23a8deeb6e78582
Scorpions,2026-07-08,2026-07-08,,,Lisbon,https://www.visitlisboa.com/en/events,https://www.visitlisboa.com/rails/active_storage/representations/redirect/eyJfcmFpbHMiOnsiZGF0YSI6MzU5MTcsInB1ciI6ImJsb2JfaWQifX0=--919182a5c09ed44fc3b3751d873bf7a790402706/eyJfcmFpbHMiOnsiZGF0YSI6eyJmb3JtYXQiOiJqcGciLCJyZXNpemUiOiI1MTJ4NTEyXHUwMDNlIn0sInB1ciI6InZhcmlhdGlvbiJ9fQ==--0ba8b7f58340100b312280e63751a8a851d1f9fb/visit-lisboa-scorpions.jpg,Music,,,From €45 to €65,approved,visitlisboa,en/events/scorpions,https://www.visitlisboa.com/en/events,94c1a034253b856097b281c5a51b1d263616dd73
NOS Alive'26,2026-07-09,2026-07-11,,,Lisbon,https://www.visitlisboa.com/en/events,https://www.visitlisboa.com/rails/active_storage/representations/redirect/eyJfcmFpbHMiOnsiZGF0YSI6MzAyOTYsInB1ciI6ImJsb2JfaWQifX0=--d432ad2577a696bf555b6e50fa73443e77f461a3/eyJfcmFpbHMiOnsiZGF0YSI6eyJmb3JtYXQiOiJqcGciLCJyZXNpemUiOiI1MTJ4NTEyXHUwMDNlIn0sInB1ciI6InZhcmlhdGlvbiJ9fQ==--0ba8b7f58340100b312280e63751a8a851d1f9fb/GEN25-NOS-Alive.jpg,Main Events,,,,approved,visitlisboa,en/events/nos-alive,https://www.visitlisboa.com/en/events,4b90abf996456ac6d480b30f9e1127149f0d11ff
Lendas do Rock,2026-07-16,2026-07-18,,,Lisbon,https://www.visitlisboa.com/en/events,https://www.visitlisboa.com/rails/active_storage/representations/redirect/eyJfcmFpbHMiOnsiZGF0YSI6MzU1NjcsInB1ciI6ImJsb2JfaWQifX0=--cc22aad05cd14015b08e5ee1de317606710626d8/eyJfcmFpbHMiOnsiZGF0YSI6eyJmb3JtYXQiOiJqcGciLCJyZXNpemUiOiI1MTJ4NTEyXHUwMDNlIn0sInB1ciI6InZhcmlhdGlvbiJ9fQ==--0ba8b7f58340100b312280e63751a8a851d1f9fb/lendas-do-rock-visit-lisboa_2.jpg,Festivals,,,,approved,visitlisboa,en/events/lendas-do-rock,https://www.visitlisboa.com/en/events,58fdf765c0165cd03cfe2664f4ede777f0f0d737
Anitta,2026-07-18,2026-07-18,,,Lisbon,https://www.visitlisboa.com/en/events,https://www.visitlisboa.com/rails/active_storage/representations/redirect/eyJfcmFpbHMiOnsiZGF0YSI6MzY1MjQsInB1ciI6ImJsb2JfaWQifX0=--ab0ec809a9e919f20468b3638a52ce0440095b75/eyJfcmFpbHMiOnsiZGF0YSI6eyJmb3JtYXQiOiJqcGciLCJyZXNpemUiOiI1MTJ4NTEyXHUwMDNlIn0sInB1ciI6InZhcmlhdGlvbiJ9fQ==--0ba8b7f58340100b312280e63751a8a851d1f9fb/visit-lisboa-Anitta_2026_2.jpg,Music,,,From €60,approved,visitlisboa,en/events/anitta,https://www.visitlisboa.com/en/events,5a0401cf4569dfcdbe569c2831a8a574151bf62a
Millennium Estoril Open'26,2026-07-18,2026-07-26,,,Lisbon,https://www.visitlisboa.com/en/events,https://www.visitlisboa.com/rails/active_storage/representations/redirect/eyJfcmFpbHMiOnsiZGF0YSI6MjkxMDYsInB1ciI6ImJsb2JfaWQifX0=--0095a98aa01f03790862a66357f6ac796e571158/eyJfcmFpbHMiOnsiZGF0YSI6eyJmb3JtYXQiOiJqcGciLCJyZXNpemUiOiI1MTJ4NTEyXHUwMDNlIn0sInB1ciI6InZhcmlhdGlvbiJ9fQ==--0ba8b7f58340100b312280e63751a8a851d1f9fb/Millennium-Estoril-Open2025.jpg,Main Events,,,,approved,visitlisboa,en/events/millennium-estoril-open-1,https://www.visitlisboa.com/en/events,69fea25bd63c9f5287b6cac7e0c241d22ac05e93
Belle and Sebastian,2026-07-21,2026-07-21,,,Lisbon,https://www.visitlisboa.com/en/events,https://www.visitlisboa.com/rails/active_storage/representations/redirect/eyJfcmFpbHMiOnsiZGF0YSI6MzY1MTgsInB1ciI6ImJsb2JfaWQifX0=--507ff703cca69d1142bedafe03d2b28b6172b36e/eyJfcmFpbHMiOnsiZGF0YSI6eyJmb3JtYXQiOiJqcGciLCJyZXNpemUiOiI1MTJ4NTEyXHUwMDNlIn0sInB1ciI6InZhcmlhdGlvbiJ9fQ==--0ba8b7f58340100b312280e63751a8a851d1f9fb/visit-lisboa-belle-and-sebastian.jpg,Music,,,From €40,approved,visitlisboa,en/events/belle-and-sebastian,https://www.visitlisboa.com/en/events,114165239e99247ae66cddd1eefb13b7d7a9be73
Pat Metheny,2026-07-27,2026-07-27,,,Lisbon,https://www.visitlisboa.com/en/events,https://www.visitlisboa.com/rails/active_storage/representations/redirect/eyJfcmFpbHMiOnsiZGF0YSI6MzY1MTksInB1ciI6ImJsb2JfaWQifX0=--d585c8d23361e7c9982584b7ed443b3c48657401/eyJfcmFpbHMiOnsiZGF0YSI6eyJmb3JtYXQiOiJqcGciLCJyZXNpemUiOiI1MTJ4NTEyXHUwMDNlIn0sInB1ciI6InZhcmlhdGlvbiJ9fQ==--0ba8b7f58340100b312280e63751a8a851d1f9fb/visit-lisboa-pat-metheny.jpg,Music,,,From €40,approved,visitlisboa,en/events/pat-metheny,https://www.visitlisboa.com/en/events,885df576930ec21a61035b2dd1d0cdcb38cf8ffa
Alpha Blondy,2026-07-31,2026-07-31,,,Lisbon,https://www.visitlisboa.com/en/events,https://www.visitlisboa.com/rails/active_storage/representations/redirect/eyJfcmFpbHMiOnsiZGF0YSI6MzUxMTYsInB1ciI6ImJsb2JfaWQifX0=--08c537cfab591de0712c6258ad90d26ed63ad12b/eyJfcmFpbHMiOnsiZGF0YSI6eyJmb3JtYXQiOiJqcGciLCJyZXNpemUiOiI1MTJ4NTEyXHUwMDNlIn0sInB1ciI6InZhcmlhdGlvbiJ9fQ==--0ba8b7f58340100b312280e63751a8a851d1f9fb/alpha-blondy-visit-lisboa.jpg,Music,,,From €40 to €60,approved,visitlisboa,en/events/alpha-blondy,https://www.visitlisboa.com/en/events,1fcc5f6f4bf9132c2d1098cba0eb39691e8583be
Festas do Mar | Cascais,,,,,Lisbon,https://www.visitlisboa.com/en/events,https://www.visitlisboa.com/rails/active_storage/representations/redirect/eyJfcmFpbHMiOnsiZGF0YSI6MzE3NjIsInB1ciI6ImJsb2JfaWQifX0=--344ae5266db75d782ef98134a684d6b9e65c2ae9/eyJfcmFpbHMiOnsiZGF0YSI6eyJmb3JtYXQiOiJqcGciLCJyZXNpemUiOiI1MTJ4NTEyXHUwMDNlIn0sInB1ciI6InZhcmlhdGlvbiJ9fQ==--0ba8b7f58340100b312280e63751a8a851d1f9fb/cascais.jpg,Main Events,,,,approved,visitlisboa,en/events/festas-do-mar-cascais,https://www.visitlisboa.com/en/events,f577f2aee6166e6ecbc65655080c4393e0afd63c
Jazz em Agosto'26,,,,,Lisbon,https://www.visitlisboa.com/en/events,https://www.visitlisboa.com/rails/active_storage/representations/redirect/eyJfcmFpbHMiOnsiZGF0YSI6Mjk2MzcsInB1ciI6ImJsb2JfaWQifX0=--0db564057d420abae3fd278bd9501dc75e6e6db8/eyJfcmFpbHMiOnsiZGF0YSI6eyJmb3JtYXQiOiJqcGciLCJyZXNpemUiOiI1MTJ4NTEyXHUwMDNlIn0sInB1ciI6InZhcmlhdGlvbiJ9fQ==--0ba8b7f58340100b312280e63751a8a851d1f9fb/JEA-GEN25.jpg,Main Events,,,,approved,visitlisboa,en/events/jazz-em-agosto-2,https://www.visitlisboa.com/en/events,7accc1df6f9a4c245bf04a52702ca682daa5eec3
Festas do Barrete Verde e das Salinas'26,,,,,Lisbon,https://www.visitlisboa.com/en/events,https://www.visitlisboa.com/rails/active_storage/representations/redirect/eyJfcmFpbHMiOnsiZGF0YSI6MzE3MjcsInB1ciI6ImJsb2JfaWQifX0=--f7673b534325c5021ed3bd53298742a8f12921de/eyJfcmFpbHMiOnsiZGF0YSI6eyJmb3JtYXQiOiJqcGciLCJyZXNpemUiOiI1MTJ4NTEyXHUwMDNlIn0sInB1ciI6InZhcmlhdGlvbiJ9fQ==--0ba8b7f58340100b312280e63751a8a851d1f9fb/26-barrete-verde-and-salinas-festival.jpg,Festivals,,,Free Entry,approved,visitlisboa,en/events/festas-do-barrete-verde-e-das-salinas_,https://www.visitlisboa.com/en/events,6aeff9178e511bb17475962bd0a60f28c04a599b
Feira da Luz,,,,,Lisbon,https://www.visitlisboa.com/en/events,https://www.visitlisboa.com/rails/active_storage/representations/redirect/eyJfcmFpbHMiOnsiZGF0YSI6MzU2MjMsInB1ciI6ImJsb2JfaWQifX0=--c818eb952c67ca098a9af9561e14261c94641c0e/eyJfcmFpbHMiOnsiZGF0YSI6eyJmb3JtYXQiOiJqcGciLCJyZXNpemUiOiI1MTJ4NTEyXHUwMDNlIn0sInB1ciI6InZhcmlhdGlvbiJ9fQ==--0ba8b7f58340100b312280e63751a8a851d1f9fb/2026-Feira-da-luz.jpg,Fairs,,,Free Entry,approved,visitlisboa,en/events/feira-da-luz-2,https://www.visitlisboa.com/en/events,dfd63e7881bf5cb95bf89e636b369e2ab8d259d5
O Sol da Caparica'26,2026-08-13,2026-08-16,,,Lisbon,https://www.visitlisboa.com/en/events,https://www.visitlisboa.com/rails/active_storage/representations/redirect/eyJfcmFpbHMiOnsiZGF0YSI6MzE3NjMsInB1ciI6ImJsb2JfaWQifX0=--aadc99e3c123f1993dadf5966e7a52c320f7f094/eyJfcmFpbHMiOnsiZGF0YSI6eyJmb3JtYXQiOiJqcGciLCJyZXNpemUiOiI1MTJ4NTEyXHUwMDNlIn0sInB1ciI6InZhcmlhdGlvbiJ9fQ==--0ba8b7f58340100b312280e63751a8a851d1f9fb/SOL-DA-CAPARICA-GEN25_II.jpg,Main Events,,,,approved,visitlisboa,en/events/o-sol-da-caparica_,https://www.visitlisboa.com/en/events,f29fd5f93ff947275c4245ce97039bc9fd90256d
Meo Kalorama'26,2026-08-28,2026-08-30,,,Lisbon,https://www.visitlisboa.com/en/events,https://www.visitlisboa.com/rails/active_storage/representations/redirect/eyJfcmFpbHMiOnsiZGF0YSI6MzQ2NTAsInB1ciI6ImJsb2JfaWQifX0=--cde4ea7a88b79178b3eb5a044d425f9e0c42e5b5/eyJfcmFpbHMiOnsiZGF0YSI6eyJmb3JtYXQiOiJqcGciLCJyZXNpemUiOiI1MTJ4NTEyXHUwMDNlIn0sInB1ciI6InZhcmlhdGlvbiJ9fQ==--0ba8b7f58340100b312280e63751a8a851d1f9fb/MEO_KLR.jpg,Festivals,,,,approved,visitlisboa,en/events/meo-kalorama_,https://www.visitlisboa.com/en/events,12511385dfd68b4d38bd09331f7648663d7f21e1
X Market,,,,,Lisbon,https://www.visitlisboa.com/en/events,https://www.visitlisboa.com/rails/active_storage/representations/redirect/eyJfcmFpbHMiOnsiZGF0YSI6MzU2ODIsInB1ciI6ImJsb2JfaWQifX0=--716d30c35d3e75e54095aecf1954cdff0a442b2f/eyJfcmFpbHMiOnsiZGF0YSI6eyJmb3JtYXQiOiJqcGciLCJyZXNpemUiOiI1MTJ4NTEyXHUwMDNlIn0sInB1ciI6InZhcmlhdGlvbiJ9fQ==--0ba8b7f58340100b312280e63751a8a851d1f9fb/X-Market-visit-lisboa-xira-2026.jpg,Fairs,,,,approved,visitlisboa,en/events/x-market,https://www.visitlisboa.com/en/events,87c7d270eab3922490abb2a70e25d0fedd309b66
Lisbon Arab Film Festival (LAFF),,,,,Lisbon,https://www.visitlisboa.com/en/events,https://www.visitlisboa.com/rails/active_storage/representations/redirect/eyJfcmFpbHMiOnsiZGF0YSI6MzQwMTMsInB1ciI6ImJsb2JfaWQifX0=--d9ab8ee3a5981af89458b50090a945c6f31a9927/eyJfcmFpbHMiOnsiZGF0YSI6eyJmb3JtYXQiOiJqcGciLCJyZXNpemUiOiI1MTJ4NTEyXHUwMDNlIn0sInB1ciI6InZhcmlhdGlvbiJ9fQ==--0ba8b7f58340100b312280e63751a8a851d1f9fb/LAFF_GEN25_2.jpg,Cinema,,,,approved,visitlisboa,en/events/lisbon-arab-film-festival-laff_,https://www.visitlisboa.com/en/events,94ed6c30a52a078f325878120d5b1d4c45a00c27
MOTELx - Lisbon International Horror Film Festival,,,,,Lisbon,https://www.visitlisboa.com/en/events,https://www.visitlisboa.com/rails/active_storage/representations/redirect/eyJfcmFpbHMiOnsiZGF0YSI6MzU2MjUsInB1ciI6ImJsb2JfaWQifX0=--7eec66bdac820cad27a4a7c24662ce1898a7acf4/eyJfcmFpbHMiOnsiZGF0YSI6eyJmb3JtYXQiOiJqcGciLCJyZXNpemUiOiI1MTJ4NTEyXHUwMDNlIn0sInB1ciI6InZhcmlhdGlvbiJ9fQ==--0ba8b7f58340100b312280e63751a8a851d1f9fb/2026-visit-lisboa-MOTELx-Festival-de-Cinema-de-Terror.jpg,Main Events,,,,approved,visitlisboa,en/events/motelx-lisbon-international-horror-film-festival,https://www.visitlisboa.com/en/events,f439d08b85f16a3824c2d8775f917ad3206f8751
Sintra Bodyboard Pro Fest,2026-09-02,2026-09-06,,,Lisbon,https://www.visitlisboa.com/en/events,https://www.visitlisboa.com/rails/active_storage/representations/redirect/eyJfcmFpbHMiOnsiZGF0YSI6MjI4MjksInB1ciI6ImJsb2JfaWQifX0=--dbc6f51df5951a1e942b46de0426dca8e406bbac/eyJfcmFpbHMiOnsiZGF0YSI6eyJmb3JtYXQiOiJqcGciLCJyZXNpemUiOiI1MTJ4NTEyXHUwMDNlIn0sInB1ciI6InZhcmlhdGlvbiJ9fQ==--0ba8b7f58340100b312280e63751a8a851d1f9fb/SPF_GEN.jpg,Sports,,,Free Entry,approved,visitlisboa,en/events/sintra-bodyboard-pro-fest,https://www.visitlisboa.com/en/events,04e6c466a3f5cba2ce74d8811353b161f7515a28
Come From Away,2026-09-10,2026-10-04,,,Lisbon,https://www.visitlisboa.com/en/events,https://www.visitlisboa.com/rails/active_storage/representations/redirect/eyJfcmFpbHMiOnsiZGF0YSI6MzU5MzYsInB1ciI6ImJsb2JfaWQifX0=--6f4843ab6cbe06460e0d0985b0ba59621c28ab21/eyJfcmFpbHMiOnsiZGF0YSI6eyJmb3JtYXQiOiJqcGciLCJyZXNpemUiOiI1MTJ4NTEyXHUwMDNlIn0sInB1ciI6InZhcmlhdGlvbiJ9fQ==--0ba8b7f58340100b312280e63751a8a851d1f9fb/visit-lisboa-come-from-away.jpg,Theater Opera & Dance,,,From €25 to €35,approved,visitlisboa,en/events/come-from-away,https://www.visitlisboa.com/en/events,c480f0e1d3b1a894eb766f0a281fd5dd92c7d7c9
Iminente Festival'26,2026-09-17,2026-09-20,,,Lisbon,https://www.visitlisboa.com/en/events,https://www.visitlisboa.com/rails/active_storage/representations/redirect/eyJfcmFpbHMiOnsiZGF0YSI6MzI3MjMsInB1ciI6ImJsb2JfaWQifX0=--27894d75b5ae40c402d5011fd2d5a3f32ed62819/eyJfcmFpbHMiOnsiZGF0YSI6eyJmb3JtYXQiOiJqcGciLCJyZXNpemUiOiI1MTJ4NTEyXHUwMDNlIn0sInB1ciI6InZhcmlhdGlvbiJ9fQ==--0ba8b7f58340100b312280e63751a8a851d1f9fb/iminente2026.jpg,Festivals,,,,approved,visitlisboa,en/events/iminente-festival-,https://www.visitlisboa.com/en/events,65559cb01012f0019511bcaea6b20244f681fa8a
Gentleman,2026-09-18,2026-09-18,,,Lisbon,https://www.visitlisboa.com/en/events,https://www.visitlisboa.com/rails/active_storage/representations/redirect/eyJfcmFpbHMiOnsiZGF0YSI6MzUxMTcsInB1ciI6ImJsb2JfaWQifX0=--fc9c7fdd7850693c629ea14ab545d03b61102357/eyJfcmFpbHMiOnsiZGF0YSI6eyJmb3JtYXQiOiJqcGciLCJyZXNpemUiOiI1MTJ4NTEyXHUwMDNlIn0sInB1ciI6InZhcmlhdGlvbiJ9fQ==--0ba8b7f58340100b312280e63751a8a851d1f9fb/gentlemen.jpg,Music,,,From €30 to €40,approved,visitlisboa,en/events/gentleman-25,https://www.visitlisboa.com/en/events,f1c6b96e51d27ca78fbd7045b5393abefbb07922
QUEER LISBOA - International Queer Film Festival'26,2026-09-18,2026-09-26,,,Lisbon,https://www.visitlisboa.com/en/events,https://www.visitlisboa.com/rails/active_storage/representations/redirect/eyJfcmFpbHMiOnsiZGF0YSI6MzU2MjYsInB1ciI6ImJsb2JfaWQifX0=--353b5a9443c40d0ec8ed7e6e03f2275823dd9470/eyJfcmFpbHMiOnsiZGF0YSI6eyJmb3JtYXQiOiJqcGciLCJyZXNpemUiOiI1MTJ4NTEyXHUwMDNlIn0sInB1ciI6InZhcmlhdGlvbiJ9fQ==--0ba8b7f58340100b312280e63751a8a851d1f9fb/2026-visit-lisboa-QUEER-Lisboa.jpg,Main Events,,,,approved,visitlisboa,en/events/queer-lisboa-international-queer-film-festival_,https://www.visitlisboa.com/en/events,fde206c6f50ad37713d662de29ceae4ff85baf21
Fat Freddy’s Drop,2026-09-23,2026-09-23,,,Lisbon,https://www.visitlisboa.com/en/events,https://www.visitlisboa.com/rails/active_storage/representations/redirect/eyJfcmFpbHMiOnsiZGF0YSI6MzY0ODgsInB1ciI6ImJsb2JfaWQifX0=--c8531d33d780ea5974cb42e7f76580d7410bb7a7/eyJfcmFpbHMiOnsiZGF0YSI6eyJmb3JtYXQiOiJqcGciLCJyZXNpemUiOiI1MTJ4NTEyXHUwMDNlIn0sInB1ciI6InZhcmlhdGlvbiJ9fQ==--0ba8b7f58340100b312280e63751a8a851d1f9fb/ffd.jpg,Music,,,From €26,approved,visitlisboa,en/events/fat-freddy-s-drop,https://www.visitlisboa.com/en/events,c56eabd87575228314ea98459b1d91f9bf4678e5
Quinzena de Dança de Almada – International Dance Festival,2026-09-25,2026-10-11,,,Lisbon,https://www.visitlisboa.com/en/events,https://www.visitlisboa.com/rails/active_storage/representations/redirect/eyJfcmFpbHMiOnsiZGF0YSI6MzU2MjksInB1ciI6ImJsb2JfaWQifX0=--22edeb846ffc64798c2135992ee0e7a513184c6c/eyJfcmFpbHMiOnsiZGF0YSI6eyJmb3JtYXQiOiJqcGciLCJyZXNpemUiOiI1MTJ4NTEyXHUwMDNlIn0sInB1ciI6InZhcmlhdGlvbiJ9fQ==--0ba8b7f58340100b312280e63751a8a851d1f9fb/2026-visit-lisboa-Quinzena-de-Danca-de-Almada-International-Dance-Festival.jpg,Theater Opera & Dance,,,,approved,visitlisboa,en/events/quinzena-de-danca-de-almada-international-dance-festival-2,https://www.visitlisboa.com/en/events,79173f2a94c4641aea92dab28c7498b88783059c
Amadora International Comic Festival'26,,,,,Lisbon,https://www.visitlisboa.com/en/events,https://www.visitlisboa.com/rails/active_storage/representations/redirect/eyJfcmFpbHMiOnsiZGF0YSI6MzI5MTMsInB1ciI6ImJsb2JfaWQifX0=--7861a83c2af15c35c03586ef89690ec654960407/eyJfcmFpbHMiOnsiZGF0YSI6eyJmb3JtYXQiOiJqcGciLCJyZXNpemUiOiI1MTJ4NTEyXHUwMDNlIn0sInB1ciI6InZhcmlhdGlvbiJ9fQ==--0ba8b7f58340100b312280e63751a8a851d1f9fb/GEN-Festival-Amadora-BD.jpg,Festivals,,,,approved,visitlisboa,en/events/amadora-international-comic-festival-2,https://www.visitlisboa.com/en/events,68d0201217920afa57d48c9095275055a2ff4dff
French Film Festival'26,,,,,Lisbon,https://www.visitlisboa.com/en/events,https://www.visitlisboa.com/rails/active_storage/representations/redirect/eyJfcmFpbHMiOnsiZGF0YSI6MzI5ODIsInB1ciI6ImJsb2JfaWQifX0=--63809cbab7247fbe2974a8962e81b875d1ebbe21/eyJfcmFpbHMiOnsiZGF0YSI6eyJmb3JtYXQiOiJqcGciLCJyZXNpemUiOiI1MTJ4NTEyXHUwMDNlIn0sInB1ciI6InZhcmlhdGlvbiJ9fQ==--0ba8b7f58340100b312280e63751a8a851d1f9fb/GEN25-Festa-do-Cinema-Franc%C3%AAs_vl.jpg,Main Events,,,,approved,visitlisboa,en/events/french-film-festival-2,https://www.visitlisboa.com/en/events,cabbfebe03e642603924b04aa4a52171c585cdfa
ModaLisboa - Lisboa Fashion Week'26,,,,,Lisbon,https://www.visitlisboa.com/en/events,https://www.visitlisboa.com/rails/active_storage/representations/redirect/eyJfcmFpbHMiOnsiZGF0YSI6MzIzMjEsInB1ciI6ImJsb2JfaWQifX0=--f876a8b2fc62c9798ad12a4856c81e93b68d6347/eyJfcmFpbHMiOnsiZGF0YSI6eyJmb3JtYXQiOiJqcGciLCJyZXNpemUiOiI1MTJ4NTEyXHUwMDNlIn0sInB1ciI6InZhcmlhdGlvbiJ9fQ==--0ba8b7f58340100b312280e63751a8a851d1f9fb/GEN25-Moda-Lisboa-Lisboa-Fashion-Week.jpg,Main Events,,,Free Entry,approved,visitlisboa,en/events/modalisboa-lisboa-fashion-week-oct,https://www.visitlisboa.com/en/events,62cb053258f2a9c139934f08a226f62993e469e9
MIL - Lisbon International Music Network'26,,,,,Lisbon,https://www.visitlisboa.com/en/events,https://www.visitlisboa.com/rails/active_storage/representations/redirect/eyJfcmFpbHMiOnsiZGF0YSI6MzI5ODcsInB1ciI6ImJsb2JfaWQifX0=--2854d40a26ac9bfb97cfc2f51456b7704eb70caa/eyJfcmFpbHMiOnsiZGF0YSI6eyJmb3JtYXQiOiJqcGciLCJyZXNpemUiOiI1MTJ4NTEyXHUwMDNlIn0sInB1ciI6InZhcmlhdGlvbiJ9fQ==--0ba8b7f58340100b312280e63751a8a851d1f9fb/gen25-mil-LISBON-INTERNATIONAL-MUSIC-NETWORK.jpg,Music,,,,approved,visitlisboa,en/events/mil-lisbon-international-music-network23,https://www.visitlisboa.com/en/events,32f0d678cc8493949c108d96e46e2b2e5580fbc6
Out Fest,,,,,Lisbon,https://www.visitlisboa.com/en/events,https://www.visitlisboa.com/rails/active_storage/representations/redirect/eyJfcmFpbHMiOnsiZGF0YSI6MzI5MjQsInB1ciI6ImJsb2JfaWQifX0=--ea22e68d69cb1d0f7b9e072b97a696f8940e6ef6/eyJfcmFpbHMiOnsiZGF0YSI6eyJmb3JtYXQiOiJqcGciLCJyZXNpemUiOiI1MTJ4NTEyXHUwMDNlIn0sInB1ciI6InZhcmlhdGlvbiJ9fQ==--0ba8b7f58340100b312280e63751a8a851d1f9fb/outfest-vl.jpg,Festivals,,,,approved,visitlisboa,en/events/out-fest,https://www.visitlisboa.com/en/events,119101697a4d81fc5fe462b3735b860b5b930f83
Festival Big Bang'26,,,,,Lisbon,https://www.visitlisboa.com/en/events,https://www.visitlisboa.com/rails/active_storage/representations/redirect/eyJfcmFpbHMiOnsiZGF0YSI6NzIyMSwicHVyIjoiYmxvYl9pZCJ9fQ==--2e382d989b8f476bb80b2c9e951d7e917c0acba1/eyJfcmFpbHMiOnsiZGF0YSI6eyJmb3JtYXQiOiJqcGciLCJyZXNpemUiOiI1MTJ4NTEyXHUwMDNlIn0sInB1ciI6InZhcmlhdGlvbiJ9fQ==--0ba8b7f58340100b312280e63751a8a851d1f9fb/BIG-BANG-LX19_2.jpg,Main Events,,,From €2.5,approved,visitlisboa,en/events/festival-big-bang-I,https://www.visitlisboa.com/en/events,9b49bedcc93ef3271fe1d47e6f34ff901c04c104
Intercasa,2026-10-09,2026-10-13,,,Lisbon,https://www.visitlisboa.com/en/events,https://www.visitlisboa.com/rails/active_storage/representations/redirect/eyJfcmFpbHMiOnsiZGF0YSI6MzU2MzQsInB1ciI6ImJsb2JfaWQifX0=--7164a7d8d15ca78e01b976936e680b5f5b99f49f/eyJfcmFpbHMiOnsiZGF0YSI6eyJmb3JtYXQiOiJqcGciLCJyZXNpemUiOiI1MTJ4NTEyXHUwMDNlIn0sInB1ciI6InZhcmlhdGlvbiJ9fQ==--0ba8b7f58340100b312280e63751a8a851d1f9fb/2026-visit-lisboa-intercasa.jpg,Fairs,,,,approved,visitlisboa,en/events/intercasa,https://www.visitlisboa.com/en/events,05e8d73090deceeffa3260fdbadefc3c95a24493
EDP Lisbon Marathon'26,2026-10-10,2026-10-10,,,Lisbon,https://www.visitlisboa.com/en/events,https://www.visitlisboa.com/rails/active_storage/representations/redirect/eyJfcmFpbHMiOnsiZGF0YSI6Nzc4MywicHVyIjoiYmxvYl9pZCJ9fQ==--63fde333641e47d1ffd4263c6da04216a2dbc75f/eyJfcmFpbHMiOnsiZGF0YSI6eyJmb3JtYXQiOiJqcGciLCJyZXNpemUiOiI1MTJ4NTEyXHUwMDNlIn0sInB1ciI6InZhcmlhdGlvbiJ9fQ==--0ba8b7f58340100b312280e63751a8a851d1f9fb/Maratona-de-Lisboa-Edp.jpg,Main Events,,,,approved,visitlisboa,en/events/edp-lisbon-marathon,https://www.visitlisboa.com/en/events,22556f79e3a15640733932cb07493576c581e80f
doclisboa - International Film Festival'26,2026-10-15,2026-10-25,,,Lisbon,https://www.visitlisboa.com/en/events,https://www.visitlisboa.com/rails/active_storage/representations/redirect/eyJfcmFpbHMiOnsiZGF0YSI6MzI5MTYsInB1ciI6ImJsb2JfaWQifX0=--aa4856e81201b60c8f07ed3a3eca518006488971/eyJfcmFpbHMiOnsiZGF0YSI6eyJmb3JtYXQiOiJqcGciLCJyZXNpemUiOiI1MTJ4NTEyXHUwMDNlIn0sInB1ciI6InZhcmlhdGlvbiJ9fQ==--0ba8b7f58340100b312280e63751a8a851d1f9fb/gen25-Doc-Lisboa.jpg,Main Events,,,,approved,visitlisboa,en/events/doclisboa-international-film-festival,https://www.visitlisboa.com/en/events,d33f4376e5bf09f323cd04edd33f6a6bbe97d966
Alphaville,2026-10-16,2026-10-16,,,Lisbon,https://www.visitlisboa.com/en/events,https://www.visitlisboa.com/rails/active_storage/representations/redirect/eyJfcmFpbHMiOnsiZGF0YSI6MzY0ODksInB1ciI6ImJsb2JfaWQifX0=--a92eab997bee6071e3a810257af32bd807704fdf/eyJfcmFpbHMiOnsiZGF0YSI6eyJmb3JtYXQiOiJqcGciLCJyZXNpemUiOiI1MTJ4NTEyXHUwMDNlIn0sInB1ciI6InZhcmlhdGlvbiJ9fQ==--0ba8b7f58340100b312280e63751a8a851d1f9fb/alphav.jpg,Music,,,From €45,approved,visitlisboa,en/events/alphaville,https://www.visitlisboa.com/en/events,7c88f440946ed51cf0ac723df759d29cdaf765d5
IRONMAN Portugal,2026-10-17,2026-10-17,,,Lisbon,https://www.visitlisboa.com/en/events,https://www.visitlisboa.com/rails/active_storage/representations/redirect/eyJfcmFpbHMiOnsiZGF0YSI6MzU2MzcsInB1ciI6ImJsb2JfaWQifX0=--92d002a426f2f80acbe153a6ec25dbbbf9362180/eyJfcmFpbHMiOnsiZGF0YSI6eyJmb3JtYXQiOiJqcGciLCJyZXNpemUiOiI1MTJ4NTEyXHUwMDNlIn0sInB1ciI6InZhcmlhdGlvbiJ9fQ==--0ba8b7f58340100b312280e63751a8a851d1f9fb/2026-visit-lisboa-Ironman-cascais.jpg,Sports,,,,approved,visitlisboa,en/events/ironman-portugal,https://www.visitlisboa.com/en/events,9e761573daa9b683bff7246101f863929c6e7269
Drawing Room Lisboa'26,2026-10-22,2026-10-25,,,Lisbon,https://www.visitlisboa.com/en/events,https://www.visitlisboa.com/rails/active_storage/representations/redirect/eyJfcmFpbHMiOnsiZGF0YSI6MzIzMjMsInB1ciI6ImJsb2JfaWQifX0=--9fb62d6a2ffe52b8f5136bd0c20efbb370f0f70f/eyJfcmFpbHMiOnsiZGF0YSI6eyJmb3JtYXQiOiJqcGciLCJyZXNpemUiOiI1MTJ4NTEyXHUwMDNlIn0sInB1ciI6InZhcmlhdGlvbiJ9fQ==--0ba8b7f58340100b312280e63751a8a851d1f9fb/GEN25-Drawing-Room.jpg,Exhibitions,,,,approved,visitlisboa,en/events/drawing-room-lisboa,https://www.visitlisboa.com/en/events,e196b34bf28edeb4a7b5e38afedc226afe911e0b
Anastacia NTK Tour,2026-10-27,2026-10-27,,,Lisbon,https://www.visitlisboa.com/en/events,https://www.visitlisboa.com/rails/active_storage/representations/redirect/eyJfcmFpbHMiOnsiZGF0YSI6MzY0OTAsInB1ciI6ImJsb2JfaWQifX0=--69f10f9c3d161c120f65f3e9b062d976e15b150f/eyJfcmFpbHMiOnsiZGF0YSI6eyJmb3JtYXQiOiJqcGciLCJyZXNpemUiOiI1MTJ4NTEyXHUwMDNlIn0sInB1ciI6InZhcmlhdGlvbiJ9fQ==--0ba8b7f58340100b312280e63751a8a851d1f9fb/visit-lisboa-anastacia.jpg,Music,,,From €40,approved,visitlisboa,en/events/anastacia-ntk-tour,https://www.visitlisboa.com/en/events,7a74e3e0dd2240aa138a7c6d8cc4a01963c35961
"Novembro, Mês do Torricado e dos Sabores do Campo",2026-11-01,2026-11-30,,,Lisbon,https://www.visitlisboa.com/en/events,https://www.visitlisboa.com/rails/active_storage/representations/redirect/eyJfcmFpbHMiOnsiZGF0YSI6MzQwODIsInB1ciI6ImJsb2JfaWQifX0=--bccdfd1e2ee06ca0e946f3f944616242dd75532f/eyJfcmFpbHMiOnsiZGF0YSI6eyJmb3JtYXQiOiJqcGciLCJyZXNpemUiOiI1MTJ4NTEyXHUwMDNlIn0sInB1ciI6InZhcmlhdGlvbiJ9fQ==--0ba8b7f58340100b312280e63751a8a851d1f9fb/2025_gastronomia-vila-franca-de-xira.jpg,Others,,,,approved,visitlisboa,en/events/novembro-mes-do-torricado-e-dos-sabores-do-campo,https://www.visitlisboa.com/en/events,9fc731b3d8279c4812695b61404543df25faa67d
Misty Fest'26,,,,,Lisbon,https://www.visitlisboa.com/en/events,https://www.visitlisboa.com/rails/active_storage/representations/redirect/eyJfcmFpbHMiOnsiZGF0YSI6MzM5ODgsInB1ciI6ImJsb2JfaWQifX0=--b430372f9d66e53959fc9127210a9f78b3fa04be/eyJfcmFpbHMiOnsiZGF0YSI6eyJmb3JtYXQiOiJqcGciLCJyZXNpemUiOiI1MTJ4NTEyXHUwMDNlIn0sInB1ciI6InZhcmlhdGlvbiJ9fQ==--0ba8b7f58340100b312280e63751a8a851d1f9fb/misty_GEN25.jpg,Main Events,,,,approved,visitlisboa,en/events/misty-fest-2,https://www.visitlisboa.com/en/events,672d48b9f0816fb7f49144605573e84d7fe20a8a
APA's Autumn Fair - Art and Antiques,,,,,Lisbon,https://www.visitlisboa.com/en/events,https://www.visitlisboa.com/rails/active_storage/representations/redirect/eyJfcmFpbHMiOnsiZGF0YSI6MzM2NjgsInB1ciI6ImJsb2JfaWQifX0=--1794b78d548285c8ad3fe6ae24a0cfdde2d53e0d/eyJfcmFpbHMiOnsiZGF0YSI6eyJmb3JtYXQiOiJqcGciLCJyZXNpemUiOiI1MTJ4NTEyXHUwMDNlIn0sInB1ciI6InZhcmlhdGlvbiJ9fQ==--0ba8b7f58340100b312280e63751a8a851d1f9fb/GEN25_APA.jpg,Fairs,,,,approved,visitlisboa,en/events/apa-s-autumn-fair-art-and-antiques,https://www.visitlisboa.com/en/events,32ad945f5c2fa9dd5a694fb555b5cb7dc9260871
Alkantara Festival'26,,,,,Lisbon,https://www.visitlisboa.com/en/events,https://www.visitlisboa.com/rails/active_storage/representations/redirect/eyJfcmFpbHMiOnsiZGF0YSI6MzM5ODksInB1ciI6ImJsb2JfaWQifX0=--5fd970e5625219b8ebe721797d10431b12fd60ef/eyJfcmFpbHMiOnsiZGF0YSI6eyJmb3JtYXQiOiJqcGciLCJyZXNpemUiOiI1MTJ4NTEyXHUwMDNlIn0sInB1ciI6InZhcmlhdGlvbiJ9fQ==--0ba8b7f58340100b312280e63751a8a851d1f9fb/2025-alkantara-festival.jpg,Main Events,,,,approved,visitlisboa,en/events/alkantara-festival-2,https://www.visitlisboa.com/en/events,32ed8ec434ac552384720bc27ff350dde3c54585
Lisbon Art Weekend'26,2026-11-05,2026-11-08,,,Lisbon,https://www.visitlisboa.com/en/events,https://www.visitlisboa.com/rails/active_storage/representations/redirect/eyJfcmFpbHMiOnsiZGF0YSI6NzY3OCwicHVyIjoiYmxvYl9pZCJ9fQ==--98b0c9d45d573e65801e375c3fc97a661b592156/eyJfcmFpbHMiOnsiZGF0YSI6eyJmb3JtYXQiOiJqcGciLCJyZXNpemUiOiI1MTJ4NTEyXHUwMDNlIn0sInB1ciI6InZhcmlhdGlvbiJ9fQ==--0ba8b7f58340100b312280e63751a8a851d1f9fb/2019-Lisbon-Week-Art.jpg,Festivals,,,Free Entry,approved,visitlisboa,en/events/lisbon-art-weekend,https://www.visitlisboa.com/en/events,d1aa8dd672a893c2365fcf2b151d2ebf2f290c17
LEFFEST | Lisboa Film Festival'26,2026-11-06,2026-11-15,,,Lisbon,https://www.visitlisboa.com/en/events,https://www.visitlisboa.com/rails/active_storage/representations/redirect/eyJfcmFpbHMiOnsiZGF0YSI6MzU2NjIsInB1ciI6ImJsb2JfaWQifX0=--3b2b12395b91052bf193089d3f65c551b0055d77/eyJfcmFpbHMiOnsiZGF0YSI6eyJmb3JtYXQiOiJqcGciLCJyZXNpemUiOiI1MTJ4NTEyXHUwMDNlIn0sInB1ciI6InZhcmlhdGlvbiJ9fQ==--0ba8b7f58340100b312280e63751a8a851d1f9fb/2026-visit-lisboa-Lisbon-Film-Festival_2.jpg,Main Events,,,,approved,visitlisboa,en/events/leffest-lisboa-film-festival_,https://www.visitlisboa.com/en/events,624d37a809b0536a547f49935e33043d6758a736
Web Summit Lisboa'26,2026-11-09,2026-11-12,,,Lisbon,https://www.visitlisboa.com/en/events,https://www.visitlisboa.com/rails/active_storage/representations/redirect/eyJfcmFpbHMiOnsiZGF0YSI6MzU2NjYsInB1ciI6ImJsb2JfaWQifX0=--9208c20461931313dcc9bda422340c3187130ef3/eyJfcmFpbHMiOnsiZGF0YSI6eyJmb3JtYXQiOiJqcGciLCJyZXNpemUiOiI1MTJ4NTEyXHUwMDNlIn0sInB1ciI6InZhcmlhdGlvbiJ9fQ==--0ba8b7f58340100b312280e63751a8a851d1f9fb/Web-Summit-Lisboa.jpg,Main Events,,,,approved,visitlisboa,en/events/web-summit-lisboa,https://www.visitlisboa.com/en/events,8f356912f01bb3a3ce73e2288faa319d629a946a
Xira Wine Fest,2026-11-13,2026-11-15,,,Lisbon,https://www.visitlisboa.com/en/events,https://www.visitlisboa.com/rails/active_storage/representations/redirect/eyJfcmFpbHMiOnsiZGF0YSI6MjI4ODcsInB1ciI6ImJsb2JfaWQifX0=--01b9350b9a326ba51d64b466e157efa981b272b8/eyJfcmFpbHMiOnsiZGF0YSI6eyJmb3JtYXQiOiJqcGciLCJyZXNpemUiOiI1MTJ4NTEyXHUwMDNlIn0sInB1ciI6InZhcmlhdGlvbiJ9fQ==--0ba8b7f58340100b312280e63751a8a851d1f9fb/xira_wine_fest-semdata.jpg,Others,,,,approved,visitlisboa,en/events/xira-wine-fest,https://www.visitlisboa.com/en/events,57de56d18a5fa03013d276f851ee1e653bb1d5ef
InShadow - Lisbon ScreenDance Festival'26,2026-11-15,2026-12-15,,,Lisbon,https://www.visitlisboa.com/en/events,https://www.visitlisboa.com/rails/active_storage/representations/redirect/eyJfcmFpbHMiOnsiZGF0YSI6MzU2NDQsInB1ciI6ImJsb2JfaWQifX0=--639771c964a7a9178a1986ee30f5d5cbf21d398d/eyJfcmFpbHMiOnsiZGF0YSI6eyJmb3JtYXQiOiJqcGciLCJyZXNpemUiOiI1MTJ4NTEyXHUwMDNlIn0sInB1ciI6InZhcmlhdGlvbiJ9fQ==--0ba8b7f58340100b312280e63751a8a851d1f9fb/visit-lisboa-In-Shadow-Festival-2026.jpg,Festivals,,,,approved,visitlisboa,en/events/inshadow-lisbon-screendance-festival,https://www.visitlisboa.com/en/events,b1bfe6629ea5ebd8e9b5d2b026d5e6775ba5fd37
Lisboa Games Week'26,2026-11-19,2026-11-22,,,Lisbon,https://www.visitlisboa.com/en/events,https://www.visitlisboa.com/rails/active_storage/representations/redirect/eyJfcmFpbHMiOnsiZGF0YSI6MTU4MTAsInB1ciI6ImJsb2JfaWQifX0=--35d28e24baa629ff051da84125e5b857446e391f/eyJfcmFpbHMiOnsiZGF0YSI6eyJmb3JtYXQiOiJqcGciLCJyZXNpemUiOiI1MTJ4NTEyXHUwMDNlIn0sInB1ciI6InZhcmlhdGlvbiJ9fQ==--0ba8b7f58340100b312280e63751a8a851d1f9fb/Lisboa-Games-WeeK.jpg,Festivals,,,,approved,visitlisboa,en/events/lisboa-games-week_,https://www.visitlisboa.com/en/events,6fea59d255603e9ad284345f6b510ea7ca9a79e7
This is Michael,2026-11-20,2026-11-20,,,Lisbon,https://www.visitlisboa.com/en/events,https://www.visitlisboa.com/rails/active_storage/representations/redirect/eyJfcmFpbHMiOnsiZGF0YSI6MzY0OTUsInB1ciI6ImJsb2JfaWQifX0=--6d5ac35f3055e54517c434dc95f335fe22e3f8f6/eyJfcmFpbHMiOnsiZGF0YSI6eyJmb3JtYXQiOiJqcGciLCJyZXNpemUiOiI1MTJ4NTEyXHUwMDNlIn0sInB1ciI6InZhcmlhdGlvbiJ9fQ==--0ba8b7f58340100b312280e63751a8a851d1f9fb/visit-lisboa-this-is-michael.jpg,Music,,,From €27,approved,visitlisboa,en/events/this-is-michael,https://www.visitlisboa.com/en/events,0bc0cf11c5496309c542d913ef9ecc7e34c7ad3d
Monstra - Lisboa Animation Film Festival'27,,,,,Lisbon,https://www.visitlisboa.com/en/events,https://www.visitlisboa.com/rails/active_storage/representations/redirect/eyJfcmFpbHMiOnsiZGF0YSI6MTQyMjcsInB1ciI6ImJsb2JfaWQifX0=--a416a49f8b0cb17794c1c865d31bac76d6db25c1/eyJfcmFpbHMiOnsiZGF0YSI6eyJmb3JtYXQiOiJqcGciLCJyZXNpemUiOiI1MTJ4NTEyXHUwMDNlIn0sInB1ciI6InZhcmlhdGlvbiJ9fQ==--0ba8b7f58340100b312280e63751a8a851d1f9fb/monstra-festival-de-animacao-de-lisboa.jpg,Main Events,,,,approved,visitlisboa,en/events/monstra-lisboa-animation-film-festival_,https://www.visitlisboa.com/en/events,1dd00055e0d9d62536dd8e093d863bc6aaabfc43
Lisbon Half Marathon'27,,,,,Lisbon,https://www.visitlisboa.com/en/events,https://www.visitlisboa.com/rails/active_storage/representations/redirect/eyJfcmFpbHMiOnsiZGF0YSI6NDczNiwicHVyIjoiYmxvYl9pZCJ9fQ==--a568fbc8651711ac47cbb4f47b9197dd530acd88/eyJfcmFpbHMiOnsiZGF0YSI6eyJmb3JtYXQiOiJqcGciLCJyZXNpemUiOiI1MTJ4NTEyXHUwMDNlIn0sInB1ciI6InZhcmlhdGlvbiJ9fQ==--0ba8b7f58340100b312280e63751a8a851d1f9fb/lisbon-half-marathon-19-cover.jpg,Main Events,,,,approved,visitlisboa,en/events/lisbon-half-marathon-2,https://www.visitlisboa.com/en/events,879e0e38ee181b6e636a858662aa5497f8927fb5
Futurália,,,,,Lisbon,https://www.visitlisboa.com/en/events,https://www.visitlisboa.com/rails/active_storage/representations/redirect/eyJfcmFpbHMiOnsiZGF0YSI6MzY1NDcsInB1ciI6ImJsb2JfaWQifX0=--6103aba0cc4d2445a1fd69da15db5839ac00ecde/eyJfcmFpbHMiOnsiZGF0YSI6eyJmb3JtYXQiOiJqcGciLCJyZXNpemUiOiI1MTJ4NTEyXHUwMDNlIn0sInB1ciI6InZhcmlhdGlvbiJ9fQ==--0ba8b7f58340100b312280e63751a8a851d1f9fb/GEN-futuralia.jpg,Fairs,,,,approved,visitlisboa,en/events/futuralia-,https://www.visitlisboa.com/en/events,bdd4aca15faa6257a1e2209c39aee220593492c5
Italian Film Festival'27,,,,,Lisbon,https://www.visitlisboa.com/en/events,https://www.visitlisboa.com/rails/active_storage/representations/redirect/eyJfcmFpbHMiOnsiZGF0YSI6MzcxNTMsInB1ciI6ImJsb2JfaWQifX0=--c38fb142231e08cf59998a29a4fcf909a6e5a226/eyJfcmFpbHMiOnsiZGF0YSI6eyJmb3JtYXQiOiJqcGciLCJyZXNpemUiOiI1MTJ4NTEyXHUwMDNlIn0sInB1ciI6InZhcmlhdGlvbiJ9fQ==--0ba8b7f58340100b312280e63751a8a851d1f9fb/2026-festa-do-cinema-italiano.jpg,Main Events,,,,approved,visitlisboa,en/events/italian-film-festival_,https://www.visitlisboa.com/en/events,155896ab29f6818abb83f2f628c526b3c715806a
Banhos de Floresta,2026-03-14,2026-03-28,Parque Florestal de Monsanto - Centro de Interpretação de Monsanto,"Estrada do Barcal, Monte das Perdizes, 1500, Lisboa",Lisboa,https://www.agendalx.pt/wp-json/agendalx/v1/events,https://www.agendalx.pt/content/uploads/2024/04/banhos_de_floresta.webp,visitas guiadas,,,free,approved,agendalx,189919,https://www.agendalx.pt/wp-json/agendalx/v1/events,b2bc6ef128bc48f34a42b65cd937e5306c6b38e2
Teresa Couto Pinto,2026-03-14,2026-04-26,MUDE - Museu do Design,"Rua Augusta, 24, 1100-053, Lisboa",Lisboa,https://www.agendalx.pt/wp-json/agendalx/v1/events,https://www.agendalx.pt/content/uploads/2025/12/Variacoes-00294.jpg,artes,,,,approved,agendalx,225415,https://www.agendalx.pt/wp-json/agendalx/v1/events,c6617cf2b0e5a57e4ee26995f293d3281a7c61a3
Monte Santo: Uma viagem ao Parque Florestal de Monsanto,2026-03-14,2026-03-28,Parque Florestal de Monsanto - Centro de Interpretação de Monsanto,"Estrada do Barcal, Monte das Perdizes, 1500, Lisboa",Lisboa,https://www.agendalx.pt/wp-json/agendalx/v1/events,https://www.agendalx.pt/content/uploads/2026/01/janeiro_em_monsanto.webp,"cinema, visitas guiadas",,,free,approved,agendalx,228408,https://www.agendalx.pt/wp-json/agendalx/v1/events,bbe811c145c394147de4f96114abd2ce21c0aa30
Antes de ser independência foi luta de libertação,2026-03-14,2026-04-30,Museu do Aljube – Resistência e Liberdade,"Rua de Augusto Rosa, 42, 1100-532, Lisboa",Lisboa,https://www.agendalx.pt/wp-json/agendalx/v1/events,https://www.agendalx.pt/content/uploads/2026/01/Africa-em-Luta.jpg,ciências,,,,approved,agendalx,229417,https://www.agendalx.pt/wp-json/agendalx/v1/events,265cbb0ae10d0e181561f7b3e88f8816fcdcfe0c
Pedro Barateiro,2026-03-14,2026-03-14,Galeria Francisco Fino,"Rua Capitão Leitão 76, 1950-013, Lisboa",Lisboa,https://www.agendalx.pt/wp-json/agendalx/v1/events,https://www.agendalx.pt/content/uploads/2026/01/pedro.jpg,artes,,,,approved,agendalx,230085,https://www.agendalx.pt/wp-json/agendalx/v1/events,e0afa27d6727d2fc0e5f02f2012ad929fee1e912
Alberto Reguera,2026-03-14,2026-03-25,Galeria de São Mamede,"Rua da Escola Politécnica, 167, 1250-096, Lisboa",Lisboa,https://www.agendalx.pt/wp-json/agendalx/v1/events,https://www.agendalx.pt/content/uploads/2026/02/294-13-INSPIRACIONES-ORIENTALES.-Alberto-Reguera-2025.-132-x-160-cm.jpg,artes,,,,approved,agendalx,231264,https://www.agendalx.pt/wp-json/agendalx/v1/events,4b04e1e0ade08bd0464b72b7805c29675ea03e13
Pedro Jaime Vasconcelos,2026-03-14,2026-03-31,Museu Nacional de História Natural e da Ciência,"Rua da Escola Politécnica 56/58, 1250-096, Lisboa",Lisboa,https://www.agendalx.pt/wp-json/agendalx/v1/events,https://www.agendalx.pt/content/uploads/2026/02/Imagem1-16.jpg,artes,,,,approved,agendalx,231606,https://www.agendalx.pt/wp-json/agendalx/v1/events,54bdd602a83358d3d406bf5fa153038f4b035b44
Patel Rebelo,2026-03-14,2026-04-07,CNAP - Clube Nacional de Artes Plásticas,"Rua Professor Francisco Gentil 8 D/E, 1600-624, Lisboa",Lisboa,https://www.agendalx.pt/wp-json/agendalx/v1/events,https://www.agendalx.pt/content/uploads/2026/02/Imagem4.jpg,artes,,,,approved,agendalx,232046,https://www.agendalx.pt/wp-json/agendalx/v1/events,134c49a4923c2bacbfc823e16a9a974e962b0101
Fernando Calhau e Rui Chafes,2026-03-14,2026-06-14,Pavilhão Julião Sarmento,"Avenida da Índia, 172, 1400-027, Lisboa",Lisboa,https://www.agendalx.pt/wp-json/agendalx/v1/events,https://www.agendalx.pt/content/uploads/2026/03/ddd.jpg,artes,,,,approved,agendalx,232369,https://www.agendalx.pt/wp-json/agendalx/v1/events,aa83b2e3bb2baafd3cdb7e2e20a460efcde36f60
Eça de Queiroz e Sherlock Holmes no Museu da Farmácia,2026-03-14,2026-03-14,Museu da Farmácia,"Rua Marechal Saldanha, 1, 1249-069, Lisboa",Lisboa,https://www.agendalx.pt/wp-json/agendalx/v1/events,https://www.agendalx.pt/content/uploads/2024/05/VTLisboaEcaSherlockMaio2024.jpg,visitas guiadas,,,"a:2:{i:0;a:1:{s:5:""value"";s:1:""9"";}i:1;a:2:{s:5:""value"";s:1:""6"";s:11:""description"";s:10:""estudantes"";}}",approved,agendalx,191090,https://www.agendalx.pt/wp-json/agendalx/v1/events,e4711d9c597cb2e08932939f4001ab30ae5064b9
Lugar de Estar: O Legado Burle Marx,2026-03-14,2026-04-05,MAC/CCB,"Praça do Império (Centro Cultural de Belém), 1449-003, Lisboa",Lisboa,https://www.agendalx.pt/wp-json/agendalx/v1/events,https://www.agendalx.pt/content/uploads/2025/12/3BurleMarx_MACCCB_creditoFabio-Cunha-1.jpg,artes,,,,approved,agendalx,225817,https://www.agendalx.pt/wp-json/agendalx/v1/events,24fe0475d511d38d221c192a521b10f54f1a91a5
Visitas ao Museu Arqueológico do Carmo,2026-03-14,2026-03-28,Ruínas e Museu Arqueológico do Carmo,"Largo do Carmo, 1200-092, Lisboa",Lisboa,https://www.agendalx.pt/wp-json/agendalx/v1/events,https://www.agendalx.pt/content/uploads/2026/01/museu-carmo-7022.jpg,visitas guiadas,,,"a:1:{i:0;a:1:{s:5:""value"";s:1:""7"";}}",approved,agendalx,228619,https://www.agendalx.pt/wp-json/agendalx/v1/events,8c000ae2e0987213682f6bf14e6d3b2f74bb08ce
A Ordem Lógica,2026-03-14,2026-03-14,Belo Campo (Galeria Francisco Fino),"Rua Capitão Leitão, 76, 1950-052, Lisboa",Lisboa,https://www.agendalx.pt/wp-json/agendalx/v1/events,https://www.agendalx.pt/content/uploads/2026/01/dddd-4.jpg,artes,,,,approved,agendalx,230090,https://www.agendalx.pt/wp-json/agendalx/v1/events,c5a2366c188f924568c1c778373f0a7edb5e25e6
Dagmar van Weeghel,2026-03-14,2026-04-18,This is not a White Cube Art Gallery,"Rua da Emenda, 72, 1200-170 Lisboa, Lisboa",Lisboa,https://www.agendalx.pt/wp-json/agendalx/v1/events,https://www.agendalx.pt/content/uploads/2026/02/DW27_BLOOM-EmmaAndrea_DvanWeeghel_A4Adobe_print-scaled.jpg,artes,,,,approved,agendalx,230864,https://www.agendalx.pt/wp-json/agendalx/v1/events,7e00c17017294650eb7fbb2500ed61ae9608eca6
"Metanoia IV, Future Imperfect",2026-03-14,2026-04-11,Salto,"Calçada D. Gastão, 5 A, 1900-194, Lisboa",Lisboa,https://www.agendalx.pt/wp-json/agendalx/v1/events,https://www.agendalx.pt/content/uploads/2026/02/Imagem1-11.jpg,artes,,,,approved,agendalx,231273,https://www.agendalx.pt/wp-json/agendalx/v1/events,47ebddc61b7300a6f64de7b9ea56ba235ac9b60f
O ano em livro. O Almanaque de Santo António,2026-03-14,2026-05-31,Museu de Lisboa - Santo António,"Largo de Santo António da Sé, 22, 1100-171, Lisboa",Lisboa,https://www.agendalx.pt/wp-json/agendalx/v1/events,https://www.agendalx.pt/content/uploads/2026/02/ALMAnaque-st-ant.jpg,literatura,,,"a:1:{i:0;a:1:{s:5:""value"";s:1:""4"";}}",approved,agendalx,231607,https://www.agendalx.pt/wp-json/agendalx/v1/events,8bde1f7bab2c1e1855d1cdf33b37b674f72cc05b
Luzia Lage,2026-03-14,2026-03-26,MAC - Movimento de Arte Contemporânea,"Av. Álvares Cabral, 58-60, 1250-018, Lisboa",Lisboa,https://www.agendalx.pt/wp-json/agendalx/v1/events,https://www.agendalx.pt/content/uploads/2026/02/Luzia-Lage-Verddades-e-outros-Abismos-scaled.jpg,artes,,,free,approved,agendalx,232065,https://www.agendalx.pt/wp-json/agendalx/v1/events,3cf78590b56377b04ffb7b274b67291a173760c2
Câmara Escura,2026-03-14,2026-12-31,Castelo de São Jorge,"Rua de Santa Cruz do Castelo, 1100-129, Lisboa",Lisboa,https://www.agendalx.pt/wp-json/agendalx/v1/events,https://www.agendalx.pt/content/uploads/2018/07/camara.jpg,visitas guiadas,,,"a:1:{i:0;a:2:{s:5:""value"";s:1:""4"";s:11:""description"";s:31:""incluída no bilhete de entrada"";}}",approved,agendalx,2740,https://www.agendalx.pt/wp-json/agendalx/v1/events,9031fc6dc80a0451bae1661e5ad5e19ed1df3d76
Rafael dos Santos,2026-03-14,2026-03-20,,,Lisboa,https://www.agendalx.pt/wp-json/agendalx/v1/events,https://www.agendalx.pt/content/uploads/2026/01/Imagem_AgendaCulturalLisboa.png,artes,,,,approved,agendalx,228641,https://www.agendalx.pt/wp-json/agendalx/v1/events,c2bef16be28920990930224291b5d8f3724c9c73
Christine Enrègle,2026-03-14,2026-03-28,Galeria de Santa Maria Maior,"Rua da Madalena, 147, 1100-006 Lisboa, Lisboa",Lisboa,https://www.agendalx.pt/wp-json/agendalx/v1/events,https://www.agendalx.pt/content/uploads/2026/01/Christine-Enrègle_Oliveira-Linhas-de-vida-Lisboa-2025_BD-scaled.jpeg,artes,,,,approved,agendalx,229548,https://www.agendalx.pt/wp-json/agendalx/v1/events,cd5a611dfbad36566debe42bf207ac1d09850e63
Eduardo Malé,2026-03-14,2026-03-22,Estação Elevatória a Vapor dos Barbadinhos,"Rua do Alviela, 12, 1170-012, Lisboa",Lisboa,https://www.agendalx.pt/wp-json/agendalx/v1/events,https://www.agendalx.pt/content/uploads/2026/01/Imagem1-12.jpg,artes,,,,approved,agendalx,230135,https://www.agendalx.pt/wp-json/agendalx/v1/events,eb4d7dde675adeb13f20821eea9f0a1235480b62
Elaine Pessoa,2026-03-14,2026-03-29,Museu Nacional de História Natural e da Ciência,"Rua da Escola Politécnica 56/58, 1250-096, Lisboa",Lisboa,https://www.agendalx.pt/wp-json/agendalx/v1/events,https://www.agendalx.pt/content/uploads/2026/02/exploratorius_paisa_ia_gens__15_menor-2.jpg,artes,,,,approved,agendalx,230871,https://www.agendalx.pt/wp-json/agendalx/v1/events,912b4e5c8052b1d40341f8d6d0cffa5e634e63ef
ID,2026-03-14,2026-05-02,Pavilhão 31 - Hospital Júlio de Matos,"Avenida do Brasil, 53, 1749-002 Lisboa, Lisboa",Lisboa,https://www.agendalx.pt/wp-json/agendalx/v1/events,https://www.agendalx.pt/content/uploads/2026/02/P28_ID_c-José-Luís-Neto-scaled.jpg,artes,,,,approved,agendalx,231614,https://www.agendalx.pt/wp-json/agendalx/v1/events,732652a79bde7b3347d2391112850f5db481d02f
Detalhes em Cor,2026-03-14,2026-05-18,DoubleTree by Hilton Lisbon - Fontana Park,"Rua Engº Vieira da Silva, 2, 1050-105, Lisboa",Lisboa,https://www.agendalx.pt/wp-json/agendalx/v1/events,https://www.agendalx.pt/content/uploads/2026/03/Imagem1.jpg,artes,,,,approved,agendalx,232545,https://www.agendalx.pt/wp-json/agendalx/v1/events,535d9912ca5bc5ed73a3a43d11cfcdb5dcf44652
Passeios Agulha Magnética,2026-03-14,2026-12-19,Agulha Magnética,"Rua de São Bernardo, nº 70, 3º, 1200-826, Lisboa",Lisboa,https://www.agendalx.pt/wp-json/agendalx/v1/events,https://www.agendalx.pt/content/uploads/2018/07/jardins.jpg,visitas guiadas,,,,approved,agendalx,2819,https://www.agendalx.pt/wp-json/agendalx/v1/events,f76de42ba27023d4c5d7ba0f9e776505295ebbb8
Visitas ao Templo Radha Krishna,2026-03-14,2026-12-31,Comunidade Hindu de Portugal,"Alameda Mahatma Gandhi, 1600, Lisboa",Lisboa,https://www.agendalx.pt/wp-json/agendalx/v1/events,https://www.agendalx.pt/content/uploads/2024/08/templo_hindu_2.jpg,visitas guiadas,,,,approved,agendalx,197328,https://www.agendalx.pt/wp-json/agendalx/v1/events,d4e959e32cc08d24f6f83171777f80cd14104751
José Veloso de Castro,2026-03-14,2026-03-31,Museu Militar de Lisboa,"Largo do Museu da Artilharia, 1100-366, Lisboa",Lisboa,https://www.agendalx.pt/wp-json/agendalx/v1/events,https://www.agendalx.pt/content/uploads/2025/09/dddd-2.jpg,artes,,,,approved,agendalx,221023,https://www.agendalx.pt/wp-json/agendalx/v1/events,73484dac0db85d6fb2c6be55a46f86fa5b9dc421
Os Bichos de Lisboa,2026-03-14,2026-05-31,Museu do Dinheiro,"Largo de São Julião, Lisboa",Lisboa,https://www.agendalx.pt/wp-json/agendalx/v1/events,https://www.agendalx.pt/content/uploads/2025/11/Os-bichos.png,ciências,,,free,approved,agendalx,225872,https://www.agendalx.pt/wp-json/agendalx/v1/events,a8f85b8ab45620fc5de7dbd04748ad55808e946f
Ciclo de cinema Polo Cultural Gaivotas,2026-03-14,2026-12-12,Polo Cultural Gaivotas | Boavista,"Rua das Gaivotas, 8, 1200-012, Lisboa",Lisboa,https://www.agendalx.pt/wp-json/agendalx/v1/events,https://www.agendalx.pt/content/uploads/2019/06/O-Pais-das-Maravilhas.jpg,cinema,,,free,approved,agendalx,228798,https://www.agendalx.pt/wp-json/agendalx/v1/events,a7a5166ac56a4775da383735436dce3e020dec70
Notas de Rodapé,2026-03-14,2026-03-14,Jahn und Jahn,"Rua de São Bernardo, 15 - R/C, 1200-823, Lisboa",Lisboa,https://www.agendalx.pt/wp-json/agendalx/v1/events,https://www.agendalx.pt/content/uploads/2026/01/ssss-1-scaled.jpg,artes,,,,approved,agendalx,229562,https://www.agendalx.pt/wp-json/agendalx/v1/events,caafeb72c9de2df557a643b4157080883180a7fe
Cristina Robalo,2026-03-14,2026-05-09,Fundação Carmona e Costa,"Rua Soeiro Pereira Gomes 1, 1600-207, Lisboa",Lisboa,https://www.agendalx.pt/wp-json/agendalx/v1/events,https://www.agendalx.pt/content/uploads/2026/01/Imagem2.png,artes,,,,approved,agendalx,230146,https://www.agendalx.pt/wp-json/agendalx/v1/events,7a24f79b208265e89886cb754b69c4a0b5cde1e3
Ciclo Ingmar Bergman,2026-03-14,2026-03-18,Cinema Nimas,"Avenida 5 de Outubro 42B, 1050-053, Lisboa",Lisboa,https://www.agendalx.pt/wp-json/agendalx/v1/events,https://www.agendalx.pt/content/uploads/2023/04/tagv.pt-a-mascara-a-mascara-02.jpg,cinema,,,"a:1:{i:0;a:1:{s:5:""value"";s:1:""6"";}}",approved,agendalx,230872,https://www.agendalx.pt/wp-json/agendalx/v1/events,178f4cbfd84ba85512931a0fa786609ceaeb9e62
Os Reis como Pais,2026-03-14,2026-03-14,Museu do Tesouro Real,"Largo da Ajuda, 1349-021, Lisboa",Lisboa,https://www.agendalx.pt/wp-json/agendalx/v1/events,https://www.agendalx.pt/content/uploads/2026/02/36.png,visitas guiadas,,,,approved,agendalx,231757,https://www.agendalx.pt/wp-json/agendalx/v1/events,ca34c27391b2fff2cde095c092c7101202b14b2a
Minimercado de Arroios,2026-03-14,2026-04-25,Mercado de Arroios,"Rua Ângela Pinto, 40 D, 1900-221, Lisboa",Lisboa,https://www.agendalx.pt/wp-json/agendalx/v1/events,https://www.agendalx.pt/content/uploads/2026/03/Oficina-Teresa-Cortez_3_foto-Maria-Remédio-scaled.jpg,artes,,,free,approved,agendalx,232072,https://www.agendalx.pt/wp-json/agendalx/v1/events,60e00d64db2e8e5295474cb7fbb714827ced96bf
As estreias da semana,2026-03-14,2026-03-18,,,Lisboa,https://www.agendalx.pt/wp-json/agendalx/v1/events,https://www.agendalx.pt/content/uploads/2026/03/O-Estrangeiro-filme-de-Francois-Ozon.jpg,cinema,,,,approved,agendalx,232563,https://www.agendalx.pt/wp-json/agendalx/v1/events,e5d1c9e2f6d94d0540e58e513e16d3ded721705b
Avenida 211,2026-03-14,2026-04-05,MAC/CCB,"Praça do Império (Centro Cultural de Belém), 1449-003, Lisboa",Lisboa,https://www.agendalx.pt/wp-json/agendalx/v1/events,https://www.agendalx.pt/content/uploads/2025/09/Avenida211_kapputt_Catarina-Dias.jpg,artes,,,,approved,agendalx,221087,https://www.agendalx.pt/wp-json/agendalx/v1/events,576ba819123d86a1de5fd4baa8a89d231da7d9c1
Griet Baeyens,2026-03-14,2026-03-27,The Lisbon Club55,"Rua de Santa Catarina, 3, 1200-401, Lisboa",Lisboa,https://www.agendalx.pt/wp-json/agendalx/v1/events,https://www.agendalx.pt/content/uploads/2026/01/Griet-peace-e1768403053767.jpg,artes,,,,approved,agendalx,228840,https://www.agendalx.pt/wp-json/agendalx/v1/events,c2bb13eb8efde6c2484f1755c7f44d06ee7df005
João Paulo Feliciano,2026-03-14,2026-03-21,Cristina Guerra Contemporary Art,"Rua Santo António à Estrela 33, 1350-290, Lisboa",Lisboa,https://www.agendalx.pt/wp-json/agendalx/v1/events,https://www.agendalx.pt/content/uploads/2026/02/©-Vasco-Stocker-Vilhena-2.jpg,artes,,,,approved,agendalx,229570,https://www.agendalx.pt/wp-json/agendalx/v1/events,8a05b4d54b077e8947e75cf808230fd5f2f61440
Pedro Casqueiro,2026-03-14,2026-05-09,Fundação Carmona e Costa,"Rua Soeiro Pereira Gomes 1, 1600-207, Lisboa",Lisboa,https://www.agendalx.pt/wp-json/agendalx/v1/events,https://www.agendalx.pt/content/uploads/2026/01/Imagem3.jpg,artes,,,,approved,agendalx,230157,https://www.agendalx.pt/wp-json/agendalx/v1/events,84f2d2a77832aba8f21a34ce8445e3cb487fd0c1
Vítor Serrano,2026-03-14,2026-03-20,Andar de Baixo,"Rua Padre Sena de Freitas, 16A, 1170-283, Lisboa",Lisboa,https://www.agendalx.pt/wp-json/agendalx/v1/events,https://www.agendalx.pt/content/uploads/2026/02/andar-de-baixo-Vítor-Serrano-Ontem-já-era-tarde.jpeg,artes,,,,approved,agendalx,230883,https://www.agendalx.pt/wp-json/agendalx/v1/events,5114fb04f12c305b4c79f9aaad97d72443640a9e
Lisbon Drawing Club,2026-03-14,2026-07-20,Centro de Nossa Senhora dos Anjos,"Rua Andrade, 13 G, 1170-013, Lisboa",Lisboa,https://www.agendalx.pt/wp-json/agendalx/v1/events,https://www.agendalx.pt/content/uploads/2026/02/492810751_1045654814447378_457644199839501040_n.jpg,artes,,,,approved,agendalx,231798,https://www.agendalx.pt/wp-json/agendalx/v1/events,15b1178566f1435419095afcbad9c7cdf40e705e
Murmúrio das Formas,2026-03-14,2026-03-28,Rua das Gaivotas 6,"Rua das Gaivotas 6, 1200-109, Lisboa",Lisboa,https://www.agendalx.pt/wp-json/agendalx/v1/events,https://www.agendalx.pt/content/uploads/2026/02/Imagem1-21.jpg,artes,,,,approved,agendalx,232100,https://www.agendalx.pt/wp-json/agendalx/v1/events,d7341384e7e5ef23a1c3bc813b0670351b9d4264
Rui Ventura,2026-03-14,2026-04-12,Hotel Inspira Santos,"Avenida D. Carlos I, 59, 1200-647, Lisboa",Lisboa,https://www.agendalx.pt/wp-json/agendalx/v1/events,https://www.agendalx.pt/content/uploads/2026/03/Imagem1-1.jpg,artes,,,,approved,agendalx,232631,https://www.agendalx.pt/wp-json/agendalx/v1/events,580884dde8982444811969321c161ef6f26b30c2
Crimes de Lisboa,2026-03-14,2026-04-25,,,Lisboa,https://www.agendalx.pt/wp-json/agendalx/v1/events,https://www.agendalx.pt/content/uploads/2026/02/Misterio-em-Lisboa_imagem2.png,visitas guiadas,,,"a:1:{i:0;a:1:{s:5:""value"";s:2:""15"";}}",approved,agendalx,9226,https://www.agendalx.pt/wp-json/agendalx/v1/events,6da32ffa5be74b2d6a08a9bacd8076dd23063c5a
Bordalo entre o som e o gesto,2026-03-14,2026-05-09,Museu Bordalo Pinheiro,"Campo Grande, 382, 1700-097, Lisboa",Lisboa,https://www.agendalx.pt/wp-json/agendalx/v1/events,https://www.agendalx.pt/content/uploads/2023/03/DSC09456-e1679575896497.jpg,visitas guiadas,,,"a:1:{i:0;a:1:{s:5:""value"";s:1:""1"";}}",approved,agendalx,204014,https://www.agendalx.pt/wp-json/agendalx/v1/events,3578d0af056cb5ea0978cef844b6bb4771af614d
Isabel Cordovil,2026-03-14,2026-03-23,MACAM - Museu de Arte Contemporânea,"Rua da Junqueira, 66, 1300-343 Lisboa",Lisboa,https://www.agendalx.pt/wp-json/agendalx/v1/events,https://www.agendalx.pt/content/uploads/2025/10/MURMUR-2-©Isabel-Cordovil-scaled.jpg,artes,,,,approved,agendalx,222604,https://www.agendalx.pt/wp-json/agendalx/v1/events,3f504637e9cd72337f15b516f78be7ec5aefa1e5
Vasco Araújo,2026-03-14,2026-06-20,Fundação Leal Rios,"Rua do Centro Cultural, 17 B, 1700-106 Lisboa, Lisboa",Lisboa,https://www.agendalx.pt/wp-json/agendalx/v1/events,https://www.agendalx.pt/content/uploads/2026/01/Imagem2.jpg,artes,,,,approved,agendalx,228868,https://www.agendalx.pt/wp-json/agendalx/v1/events,1ff122c5542bcaadc8c9bf469a4ce28f1f4e8900
Dino D’Santiago,2026-03-14,2026-03-28,Galeria Underdogs,"Rua Fernando Palha, Armazém 56, 1950-130, Lisboa",Lisboa,https://www.agendalx.pt/wp-json/agendalx/v1/events,https://www.agendalx.pt/content/uploads/2026/01/Portal-do-retorno.jpg,artes,,,,approved,agendalx,229585,https://www.agendalx.pt/wp-json/agendalx/v1/events,8fefb2fee1442d9ecb7b99826a3b0eaa22850a8f
Monumental 0.2 = 40,2026-03-14,2026-05-09,Galeria Monumental,"Campo dos Mártires da Pátria, 101, 1150-227, Lisboa",Lisboa,https://www.agendalx.pt/wp-json/agendalx/v1/events,https://www.agendalx.pt/content/uploads/2026/02/Monumental-Alvaro-Rosendo-1-scaled.jpg,artes,,,,approved,agendalx,230169,https://www.agendalx.pt/wp-json/agendalx/v1/events,5666cff85245d5e35081a777431a7defc25bf21f
Filminhos Infantis à Solta Pelo País,2026-03-14,2026-03-29,Auditório da Biblioteca Orlando Ribeiro,"Antigo Solar da Nora, Estrada de Telheiras, 146, 1600-598, Lisboa",Lisboa,https://www.agendalx.pt/wp-json/agendalx/v1/events,https://www.agendalx.pt/content/uploads/2026/02/02-Tempo-de-Emagrecer.jpg,cinema,,,,approved,agendalx,231813,https://www.agendalx.pt/wp-json/agendalx/v1/events,7abcc81fa3bd848ab49306c80f44a798f59a98a7
De Cá Para Lá,2026-03-14,2026-03-28,Sociedade Nacional de Belas-Artes,"Rua Barata Salgueiro, 36, 1250-096, Lisboa",Lisboa,https://www.agendalx.pt/wp-json/agendalx/v1/events,https://www.agendalx.pt/content/uploads/2026/02/Imagem1-22.jpg,artes,,,,approved,agendalx,232117,https://www.agendalx.pt/wp-json/agendalx/v1/events,71da40e729a50504b828f303adae3648c36b609b
Cláudia Clemente,2026-03-14,2026-03-29,Galeria Arte Graça,"Rua da Graça, 27-29, 1170-166, Lisboa",Lisboa,https://www.agendalx.pt/wp-json/agendalx/v1/events,https://www.agendalx.pt/content/uploads/2026/03/Imagem1-7.jpg,artes,,,free,approved,agendalx,232756,https://www.agendalx.pt/wp-json/agendalx/v1/events,11347785b4716aecea1703311bb1c1d1f474e1e2
Visitas orientadas à Casa Fernando Pessoa,2026-03-14,2026-12-27,Casa Fernando Pessoa,"Rua Coelho da Rocha, 16-18, 1250-096, Lisboa",Lisboa,https://www.agendalx.pt/wp-json/agendalx/v1/events,https://www.agendalx.pt/content/uploads/2020/11/casa-fernando-pessoa-scaled.jpg,visitas guiadas,,,"a:1:{i:0;a:1:{s:5:""value"";s:1:""6"";}}",approved,agendalx,33415,https://www.agendalx.pt/wp-json/agendalx/v1/events,2399533c9413335125c6bd0e0f8b4438d987e8ed
Visitas à Igreja do Menino Deus,2026-03-14,2026-12-31,Igreja do Menino Deus,"Calçada do Menino Deus, 15-27; Largo do Menino Deus, Lisboa",Lisboa,https://www.agendalx.pt/wp-json/agendalx/v1/events,https://www.agendalx.pt/content/uploads/2025/01/Tecto-Igreja-Menino-Deus-Jose-Paulo-Ruas.jpg,visitas guiadas,,,"a:1:{i:0;a:1:{s:5:""value"";s:1:""5"";}}",approved,agendalx,206119,https://www.agendalx.pt/wp-json/agendalx/v1/events,b8c99bf48a55afb663354f947fd228d755ecc0f5
Carlos Bunga,2026-03-14,2026-03-30,Fundação Calouste Gulbenkian - Centro de Arte Moderna,"Rua Doutor Nicolau Bettencourt, 1050-078, Lisboa",Lisboa,https://www.agendalx.pt/wp-json/agendalx/v1/events,https://www.agendalx.pt/content/uploads/2025/10/2024_4_SaoPauloBiennial_venue_Luanda_Proceso-Imagem-principal-de-evento-1.jpg,artes,,,,approved,agendalx,223100,https://www.agendalx.pt/wp-json/agendalx/v1/events,bd1900654b9d4c8b0f9f1e0aafd479935423d93c
Luís Catita,2026-03-14,2026-03-20,Biblioteca Orlando Ribeiro,"Antigo Solar da Nora, Estrada de Telheiras 146, 1600-772 Lisboa",Lisboa,https://www.agendalx.pt/wp-json/agendalx/v1/events,https://www.agendalx.pt/content/uploads/2026/01/LC_V2021CR-087-copiar-3-scaled.jpg,artes,,,free,approved,agendalx,229032,https://www.agendalx.pt/wp-json/agendalx/v1/events,7929bb9b4654c5c00b74928a413500fe08f555d9
Rituais de Luz,2026-03-14,2026-05-31,Museu de Lisboa - Teatro Romano,"Rua de São Mamede, 3A, 1100-532, Lisboa",Lisboa,https://www.agendalx.pt/wp-json/agendalx/v1/events,https://www.agendalx.pt/content/uploads/2026/01/03-FEV_Mostra_Rituais-de-Luz_IMG_8609-2048x1365-1.jpg,ciências,,,,approved,agendalx,229598,https://www.agendalx.pt/wp-json/agendalx/v1/events,b4c5c9076aef51881bd1ef6052d4d701579d075c
Masterclass Narrativa 2025/2026,2026-03-14,2026-04-18,Narrativa,"Rua Dr. Gama Barros, 60, 1700-147, Lisboa",Lisboa,https://www.agendalx.pt/wp-json/agendalx/v1/events,https://www.agendalx.pt/content/uploads/2026/02/3_Denis-Graeff.jpg,artes,,,free,approved,agendalx,231881,https://www.agendalx.pt/wp-json/agendalx/v1/events,56d0095eb163fc1c4fd8df0fd0ff3c0eed0f4e7d
Gary Myatt,2026-03-14,2026-03-28,Espaço Exibicionista,"Rua Dona Estefânia 157C, 1000-239, Lisboa",Lisboa,https://www.agendalx.pt/wp-json/agendalx/v1/events,https://www.agendalx.pt/content/uploads/2026/02/THE-LORD-OF-MISRULE-.jpeg,artes,,,,approved,agendalx,232124,https://www.agendalx.pt/wp-json/agendalx/v1/events,0d86ad4d59b037ce9496dcd2a0537e0adcea9050
Timeless Experiences,2026-03-14,2026-12-31,,,Lisboa,https://www.agendalx.pt/wp-json/agendalx/v1/events,https://www.agendalx.pt/content/uploads/2023/09/timeless.jpg,visitas guiadas,,,,approved,agendalx,34995,https://www.agendalx.pt/wp-json/agendalx/v1/events,2ac9996decf9f11191745bc9b37b2cd123a765a0
Visitas à Fábrica da Eletricidade,2026-03-14,2026-12-31,"MAAT - Museu de Arte, Arquitetura e Tecnologia","Avenida de Brasília, Central Tejo, 1300-598, Lisboa",Lisboa,https://www.agendalx.pt/wp-json/agendalx/v1/events,https://www.agendalx.pt/content/uploads/2025/04/central_tejo_72.jpg,visitas guiadas,,,"a:1:{i:0;a:1:{s:11:""description"";s:70:""Visita gratuita mediante apresentação de bilhete de entrada no museu"";}}",approved,agendalx,212745,https://www.agendalx.pt/wp-json/agendalx/v1/events,86a98e0d5d251e05be26b3bb24ce769a66fb05d3
Pedro Casqueiro,2026-03-14,2026-04-06,"MAAT - Museu de Arte, Arquitetura e Tecnologia","Avenida de Brasília, Central Tejo, 1300-598, Lisboa",Lisboa,https://www.agendalx.pt/wp-json/agendalx/v1/events,https://www.agendalx.pt/content/uploads/2025/10/Pedro-Casqueiro.jpg,artes,,,,approved,agendalx,223145,https://www.agendalx.pt/wp-json/agendalx/v1/events,90889db5a4e7f72659e9e3cfc7f09e9641862464
Paula Prates e Rita Gaspar Vieira,2026-03-14,2026-03-15,Pavilhão Branco,"Campo Grande, 245, 1700-162, Lisboa",Lisboa,https://www.agendalx.pt/wp-json/agendalx/v1/events,https://www.agendalx.pt/content/uploads/2025/12/IMAGEM-Divulgacao_O-tempo-maior-que-o-tempo_Paula-Prates-Rita-Gaspar-Vieira.jpg,artes,,,free,approved,agendalx,226823,https://www.agendalx.pt/wp-json/agendalx/v1/events,1941adf083cd2b73d51e8ee104189f3e6ccf1984
Comunicar é Natural - A Botânica das Comunicações,2026-03-14,2026-11-29,Fundação Portuguesa das Comunicações – Museu das Comunicações,"Rua do Instituto Industrial, 16, 1200-109, Lisboa",Lisboa,https://www.agendalx.pt/wp-json/agendalx/v1/events,https://www.agendalx.pt/content/uploads/2026/01/Comunicar-e-Natural-2026-5-scaled.jpg,ciências,,,free,approved,agendalx,229072,https://www.agendalx.pt/wp-json/agendalx/v1/events,8083a69061a68bb1d8884632a25ee204c5cb0d20
José Pereira,2026-03-14,2026-03-28,Centro Cultural de Cabo Verde,"Rua de São Bento, 640, 1250-220, Lisboa",Lisboa,https://www.agendalx.pt/wp-json/agendalx/v1/events,https://www.agendalx.pt/content/uploads/2026/01/LUMNARA_Imagem-Cartaz@2x-100.jpg,artes,,,,approved,agendalx,229603,https://www.agendalx.pt/wp-json/agendalx/v1/events,5370c2aa6d2c7297bd0529ceff153adf2adf57f4
Chris Maestas aka 0009,2026-03-14,2026-04-04,Eterno Gallery,"Rua Maria José Nogueira Pinto, lote 2A, 1950-322, Lisboa",Lisboa,https://www.agendalx.pt/wp-json/agendalx/v1/events,https://www.agendalx.pt/content/uploads/2026/02/Imagem1-7-e1770998944279.jpg,artes,,,,approved,agendalx,230925,https://www.agendalx.pt/wp-json/agendalx/v1/events,36aa4b0bb49392b4320d160ec512c2cad671b447
Daniel Barroca,2026-03-14,2026-04-12,Museu Nacional de Arte Contemporânea do Chiado,"Rua Serpa Pinto, 4 | Rua Capelo, 13, 1200-444, Lisboa",Lisboa,https://www.agendalx.pt/wp-json/agendalx/v1/events,https://www.agendalx.pt/content/uploads/2026/02/Imagem1-13.jpg,artes,,,,approved,agendalx,231347,https://www.agendalx.pt/wp-json/agendalx/v1/events,6acf48017a57b64fcc8fa38e4671e69094a4aa2e
Sabaprodaktion,2026-03-14,2026-04-18,Zaratan - Arte Contemporânea,"Rua de São Bento, 432, 1250-221 Lisboa, Lisboa",Lisboa,https://www.agendalx.pt/wp-json/agendalx/v1/events,https://www.agendalx.pt/content/uploads/2026/02/Cardboaard-Noise-scaled.jpg,artes,,,free,approved,agendalx,231892,https://www.agendalx.pt/wp-json/agendalx/v1/events,616888c0178a82e2828999e400a4446c9c9589de
Works in Dialogue,2026-03-14,2026-03-21,Galeria Filomena Soares,"Rua da Manutenção 80, Lisboa",Lisboa,https://www.agendalx.pt/wp-json/agendalx/v1/events,https://www.agendalx.pt/content/uploads/2026/02/Christine-Streuli-Over-and-over-2019.jpg,artes,,,,approved,agendalx,232130,https://www.agendalx.pt/wp-json/agendalx/v1/events,8d46c29005633d27ab91ddfb432f0e1d8e7b3e88
Toma! 150 Anos de Zés Povinhos,2026-03-14,2026-09-06,Museu Bordalo Pinheiro,"Campo Grande, 382, 1700-097, Lisboa",Lisboa,https://www.agendalx.pt/wp-json/agendalx/v1/events,https://www.agendalx.pt/content/uploads/2026/03/Ze-povinho.jpg,artes,,,,approved,agendalx,232803,https://www.agendalx.pt/wp-json/agendalx/v1/events,7e61fa6e2be99cdca066465d4cd7fed4c74df13d
Peddy +,2026-03-14,2026-03-29,,,Lisboa,https://www.agendalx.pt/wp-json/agendalx/v1/events,https://www.agendalx.pt/content/uploads/2021/05/CRIMES-DE-LISBOA.jpg,visitas guiadas,,,,approved,agendalx,39755,https://www.agendalx.pt/wp-json/agendalx/v1/events,077f09bf054b81d0da40fa613cd438a222234103
Take 1,2026-03-14,2026-04-26,Pavilhão Julião Sarmento,"Avenida da Índia, 172, 1400-027, Lisboa",Lisboa,https://www.agendalx.pt/wp-json/agendalx/v1/events,https://www.agendalx.pt/content/uploads/2025/05/833-scaled.jpg,artes,,,free,approved,agendalx,214676,https://www.agendalx.pt/wp-json/agendalx/v1/events,656f653a26ca63b64598a3ccab161957f4856976
Superbichos!,2026-03-14,2026-09-30,Pavilhão do Conhecimento – Ciência Viva,"Largo José Mariano, Parque das Nações, 1990-221, Lisboa",Lisboa,https://www.agendalx.pt/wp-json/agendalx/v1/events,https://www.agendalx.pt/content/uploads/2026/01/bichos.jpg,ciências,,,"a:1:{i:0;a:2:{s:5:""value"";s:11:""10 € a 15"";s:11:""description"";s:59:""preço normal por faixa etária (ver descontos aplicáveis)"";}}",approved,agendalx,223157,https://www.agendalx.pt/wp-json/agendalx/v1/events,30bd293dbf77996168538d83e12f860ce4af3f06
Fernando Mello Brum,2026-03-14,2026-03-14,3+1 Arte Contemporânea,"Largo Hintze Ribeiro 2E-F, 1250-096, Lisboa",Lisboa,https://www.agendalx.pt/wp-json/agendalx/v1/events,https://www.agendalx.pt/content/uploads/2025/12/FMB019_a-1920x2406-1.jpg,artes,,,,approved,agendalx,227410,https://www.agendalx.pt/wp-json/agendalx/v1/events,f696060d135d22744f79d0a2d70545b955497606
Leonor Parda e Rosa Baptista,2026-03-14,2026-03-14,Buraco,"Calçada Moinho de Vento, 16, 1150-206, Lisboa",Lisboa,https://www.agendalx.pt/wp-json/agendalx/v1/events,https://www.agendalx.pt/content/uploads/2026/01/ffff-scaled.jpg,artes,,,,approved,agendalx,229624,https://www.agendalx.pt/wp-json/agendalx/v1/events,fb17a127fe228afc039481ca2cea5ce5e368b2c2
MONSTRA - Festival de Animação de Lisboa,2026-03-14,2026-03-22,Cinema City Alvalade,"Avenida de Roma, 100, 1700, Lisboa",Lisboa,https://www.agendalx.pt/wp-json/agendalx/v1/events,https://www.agendalx.pt/content/uploads/2026/02/wings-and-oars.jpeg,cinema,,,"a:2:{i:0;a:2:{s:5:""value"";s:1:""5"";s:11:""description"";s:41:""preço normal (ver descontos aplicáveis)"";}i:1;a:2:{s:5:""value"";s:4:""3,20"";s:11:""description"";s:35:""preço normal - sessões Cinemateca"";}}",approved,agendalx,231127,https://www.agendalx.pt/wp-json/agendalx/v1/events,2fdca44d7ac7445175c2568fc0054f9ef2644bf1
Terra Água Céu,2026-03-14,2026-04-30,Brisa Galeria,"Rua Vítor Cordon, 44, 1200-484 Lisboa, Lisboa",Lisboa,https://www.agendalx.pt/wp-json/agendalx/v1/events,https://www.agendalx.pt/content/uploads/2026/02/Brisa-Galeria-scaled.jpg,artes,,,,approved,agendalx,231904,https://www.agendalx.pt/wp-json/agendalx/v1/events,f35739cd27ccc279f34c7f5491412ba07951c8ca
André Romão,2026-03-14,2026-03-14,Galeria Vera Cortês,"Rua João Saraiva 16, 1º, 1700-111, Lisboa",Lisboa,https://www.agendalx.pt/wp-json/agendalx/v1/events,https://www.agendalx.pt/content/uploads/2026/02/Andre-Romao-23-2000x1334-1.jpg,artes,,,,approved,agendalx,232133,https://www.agendalx.pt/wp-json/agendalx/v1/events,ec9624db64f5b4833b624f019126c60077331dfd
Crónicas de uma Lisboa Desconhecida,2026-03-14,2026-06-14,Museu de Lisboa - Palácio Pimenta,"Campo Grande 245, 1700-162, Lisboa",Lisboa,https://www.agendalx.pt/wp-json/agendalx/v1/events,https://www.agendalx.pt/content/uploads/2025/05/MC.FOT_.0583.jpg,artes,,,"a:1:{i:0;a:2:{s:5:""value"";s:1:""3"";s:11:""description"";s:19:""Inclui todo o museu"";}}",approved,agendalx,215044,https://www.agendalx.pt/wp-json/agendalx/v1/events,aef091c0ed9afe25e8f4452e8eeb814f165367f0
O santo mais querido de Lisboa,2026-03-14,2026-03-14,Museu de Lisboa - Santo António,"Largo de Santo António da Sé, 22, 1100-171, Lisboa",Lisboa,https://www.agendalx.pt/wp-json/agendalx/v1/events,https://www.agendalx.pt/content/uploads/2025/12/O-santo-mais-querido-de-Lisboa-1.jpg,visitas guiadas,,,"a:1:{i:0;a:2:{s:5:""value"";s:1:""5"";s:11:""description"";s:6:""Bol.pt"";}}",approved,agendalx,227626,https://www.agendalx.pt/wp-json/agendalx/v1/events,5db97d63e1b8f4922ba283797c79ad313e889d78
João Motta Guedes,2026-03-14,2026-03-14,Galeria Francisco Fino,"Rua Capitão Leitão 76, 1950-013, Lisboa",Lisboa,https://www.agendalx.pt/wp-json/agendalx/v1/events,https://www.agendalx.pt/content/uploads/2026/01/ffff-1.jpg,artes,,,,approved,agendalx,229628,https://www.agendalx.pt/wp-json/agendalx/v1/events,7ce18c312ca3c390ada890e41d67ce0438e596a8
A Fábula do Pescador,2026-03-14,2026-03-28,Atelier Mestres 1A,"Calçada dos Mestres, 1A, 1070-175, Lisboa",Lisboa,https://www.agendalx.pt/wp-json/agendalx/v1/events,https://www.agendalx.pt/content/uploads/2026/01/dddd-5.jpg,artes,,,,approved,agendalx,230221,https://www.agendalx.pt/wp-json/agendalx/v1/events,4b417f6cac65a9e4b78122e1f56a4e0185b0ea01
Manuel Caldeira,2026-03-14,2026-03-21,Balcony,"Rua Coronel Bento Roma 12A, 1700-165, Lisboa",Lisboa,https://www.agendalx.pt/wp-json/agendalx/v1/events,https://www.agendalx.pt/content/uploads/2026/02/DSC0547-2048x1365-1.jpg,artes,,,,approved,agendalx,231152,https://www.agendalx.pt/wp-json/agendalx/v1/events,858a940dfd6dea9a4d2914a29d5a7b5ea26e6bfa
Slow Horror IV: Fantasmas da Intrusão,2026-03-14,2026-03-14,Prosa - Plataforma Cultural,"Rua Alves Torgo, 8, 1000-033 Lisboa",Lisboa,https://www.agendalx.pt/wp-json/agendalx/v1/events,https://www.agendalx.pt/content/uploads/2026/02/personal-shopper.jpg,cinema,,,"a:1:{i:0;a:1:{s:11:""description"";s:35:""Gratuito. Donativo sugerido de 3€"";}}",approved,agendalx,231467,https://www.agendalx.pt/wp-json/agendalx/v1/events,52b6b16b03392adfde9b560c5df749da9ffea2bd
A Casa,2026-03-14,2026-03-31,Cinemateca Portuguesa - Museu do Cinema,"Rua Barata Salgueiro 39, 1250-096, Lisboa",Lisboa,https://www.agendalx.pt/wp-json/agendalx/v1/events,https://www.agendalx.pt/content/uploads/2026/02/image-w1280.jpg,cinema,,,,approved,agendalx,231926,https://www.agendalx.pt/wp-json/agendalx/v1/events,65fc563596414870775130562a883da09ac6905b
Carlos Henrich,2026-03-14,2026-06-27,Ruínas e Museu Arqueológico do Carmo,"Largo do Carmo, 1200-092, Lisboa",Lisboa,https://www.agendalx.pt/wp-json/agendalx/v1/events,https://www.agendalx.pt/content/uploads/2026/02/ssss-1-scaled.jpg,artes,,,,approved,agendalx,232157,https://www.agendalx.pt/wp-json/agendalx/v1/events,e087c0f84a6875043db899d0fd2f6879b2e90904
Leonel Moura,2026-03-14,2026-05-29,Instituto Superior Técnico,"Avenida Rovisco Pais, 1, 1049-001, Lisboa",Lisboa,https://www.agendalx.pt/wp-json/agendalx/v1/events,https://www.agendalx.pt/content/uploads/2025/05/exposicao.jpeg,artes,,,free,approved,agendalx,215189,https://www.agendalx.pt/wp-json/agendalx/v1/events,b01ff316530ab99871daba5b1e5df87f39946856
The Garden of Earthly Delights,2026-03-14,2026-03-29,Estufa Fria de Lisboa,"Parque Eduardo VII, 1070-099, Lisboa",Lisboa,https://www.agendalx.pt/wp-json/agendalx/v1/events,https://www.agendalx.pt/content/uploads/2026/01/Banner.png,artes,,,,approved,agendalx,229157,https://www.agendalx.pt/wp-json/agendalx/v1/events,e4e97d0500b7505d33a7676cda288fc78ba03cb4
Sofia Arez,2026-03-14,2026-03-22,Museu Nacional de História Natural e da Ciência,"Rua da Escola Politécnica 56/58, 1250-096, Lisboa",Lisboa,https://www.agendalx.pt/wp-json/agendalx/v1/events,https://www.agendalx.pt/content/uploads/2026/01/Firmiana-Marsili-56-x-77-cm-watercolour-on-paper-2025-scaled.jpeg,artes,,,,approved,agendalx,230289,https://www.agendalx.pt/wp-json/agendalx/v1/events,c7cb06d03b6d44e1015d404f25a735ce4507e0b6
Territórios em Relação,2026-03-14,2026-04-04,Acervo Santa Maria Maior,"Rua Serpa Pinto, 2 B, 1200-444, Lisboa",Lisboa,https://www.agendalx.pt/wp-json/agendalx/v1/events,https://www.agendalx.pt/content/uploads/2026/02/Agenda-CML-Nova-Medida-16.png,artes,,,free,approved,agendalx,231193,https://www.agendalx.pt/wp-json/agendalx/v1/events,5998228e91c017ed4f15f1522a312285bad52672
Ana Cristina Dias e Raquel Serejo Martins,2026-03-14,2026-03-28,Biblioteca Palácio Galveias,"Campo Pequeno, Lisboa",Lisboa,https://www.agendalx.pt/wp-json/agendalx/v1/events,https://www.agendalx.pt/content/uploads/2026/02/InterioresELouvores-scaled.jpg,artes,,,free,approved,agendalx,231504,https://www.agendalx.pt/wp-json/agendalx/v1/events,d1599f264d80bd33b848fb39f53bceff54d62aae
O que quero ver,2026-03-14,2026-03-30,Cinemateca Portuguesa - Museu do Cinema,"Rua Barata Salgueiro 39, 1250-096, Lisboa",Lisboa,https://www.agendalx.pt/wp-json/agendalx/v1/events,https://www.agendalx.pt/content/uploads/2026/02/2046.webp,cinema,,,,approved,agendalx,231949,https://www.agendalx.pt/wp-json/agendalx/v1/events,38390fef32067a4894c7bab9d0c8c44d44bc1ba9
Maria Augusta Bordalo Pinheiro,2026-03-14,2026-05-02,Museu Nacional de Arte Contemporânea do Chiado,"Rua Serpa Pinto, 4 | Rua Capelo, 13, 1200-444, Lisboa",Lisboa,https://www.agendalx.pt/wp-json/agendalx/v1/events,https://www.agendalx.pt/content/uploads/2026/02/Imagem1-23.jpg,artes,,,,approved,agendalx,232162,https://www.agendalx.pt/wp-json/agendalx/v1/events,12dbfe05912f3f7c3800560311bed067147cf236
Filhos de Todos… Filhos de Quem? Os expostos da roda de Lisboa,2026-03-14,2026-05-03,Museu de São Roque,"Largo Trindade Coelho, 1200, Lisboa",Lisboa,https://www.agendalx.pt/wp-json/agendalx/v1/events,https://www.agendalx.pt/content/uploads/2025/11/expoFilhos.jpg,ciências,,,free,approved,agendalx,223439,https://www.agendalx.pt/wp-json/agendalx/v1/events,4f23203ee37102a131cf6af69c1757e62b27b2e4
Run Jiang Run,2026-03-14,2026-04-02,Braçoperna44,"Rua das Fontaínhas, 44, 1300-257, Lisboa",Lisboa,https://www.agendalx.pt/wp-json/agendalx/v1/events,https://www.agendalx.pt/content/uploads/2026/01/run_jiang-scaled.jpeg,artes,,,,approved,agendalx,230001,https://www.agendalx.pt/wp-json/agendalx/v1/events,69082d62eb90bc87f8c9570db951782a58c8b854
A Carpintaria da Central Tejo 1936-2013,2026-03-14,2026-09-21,"MAAT - Museu de Arte, Arquitetura e Tecnologia","Avenida de Brasília, Central Tejo, 1300-598, Lisboa",Lisboa,https://www.agendalx.pt/wp-json/agendalx/v1/events,https://www.agendalx.pt/content/uploads/2026/02/img36_p309.jpg,artes,,,,approved,agendalx,230360,https://www.agendalx.pt/wp-json/agendalx/v1/events,d7e3c37e47ada4f1655563ddeefc5d7467d030bc
Madeyoulook,2026-03-14,2026-05-23,Hangar - Centro de Investigação Artística,"Rua Damasceno Monteiro, 12, 1170-112, Lisboa",Lisboa,https://www.agendalx.pt/wp-json/agendalx/v1/events,https://www.agendalx.pt/content/uploads/2026/02/dddd-1.jpg,artes,,,free,approved,agendalx,231203,https://www.agendalx.pt/wp-json/agendalx/v1/events,9d182d9e11c3083adfdc744c44c1bb2e93835143
Dyna Lomeli,2026-03-14,2026-03-30,Biblioteca Palácio Galveias,"Campo Pequeno, Lisboa",Lisboa,https://www.agendalx.pt/wp-json/agendalx/v1/events,https://www.agendalx.pt/content/uploads/2026/02/Expo_EstoEsMexico_DynaLomeli.jpg,artes,,,free,approved,agendalx,231509,https://www.agendalx.pt/wp-json/agendalx/v1/events,c53fc1fd885b44bda27f081f6a091262fe188b4c
Graça Correia,2026-03-14,2026-03-28,Biblioteca de Alcântara - José Dias Coelho,"Rua José Dias Coelho, 29, 1300-327, Lisboa",Lisboa,https://www.agendalx.pt/wp-json/agendalx/v1/events,https://www.agendalx.pt/content/uploads/2026/02/Expo_Estorias.jpg,artes,,,free,approved,agendalx,231968,https://www.agendalx.pt/wp-json/agendalx/v1/events,e3096e1039cb17c34f0e0b9c14df0382f9dc6861
"Visitas guiadas ao B-MAD, Museu Berardo Arte Deco",2026-03-14,2026-12-31,"B-Mad, Berardo Museu Arte Deco","Rua Primeiro de Maio, 28, 1300-474, Lisboa",Lisboa,https://www.agendalx.pt/wp-json/agendalx/v1/events,https://www.agendalx.pt/content/uploads/2022/01/bmad.jpg,visitas guiadas,,,"a:2:{i:0;a:1:{s:5:""value"";s:1:""6"";}i:1;a:1:{s:11:""description"";s:45:""Gratuito para menores de 12 anos (inclusivé)"";}}",approved,agendalx,61761,https://www.agendalx.pt/wp-json/agendalx/v1/events,ed97112a12a6f7f66951453b7c78feeddbb75a90
O Eu como Múltiplo,2026-03-14,2026-05-04,MACAM - Museu de Arte Contemporânea,"Rua da Junqueira, 66, 1300-343 Lisboa",Lisboa,https://www.agendalx.pt/wp-json/agendalx/v1/events,https://www.agendalx.pt/content/uploads/2025/10/ana-vieira-dinis-santos-cortesia-centro-de-arte-oliva-_w1920-scaled.jpg,artes,,,,approved,agendalx,224512,https://www.agendalx.pt/wp-json/agendalx/v1/events,090eaafa06d2c30fff6b5ca0559a168e6220e3be
Júlio Pomar,2026-03-14,2026-06-13,CAMB - Centro de Arte Manuel de Brito,"Campo Grande, 113 A, 1700-089, Lisboa",Lisboa,https://www.agendalx.pt/wp-json/agendalx/v1/events,https://www.agendalx.pt/content/uploads/2025/12/Julio-Pomar-Mojiganga-segundo-Goya-1963-oleo-sobre-tela-162-x-130-cm-scaled.jpg,artes,,,free,approved,agendalx,227958,https://www.agendalx.pt/wp-json/agendalx/v1/events,302d9148a051ebacb512c1be7a9aadc614404764
André Príncipe,2026-03-14,2026-04-30,Galeria Malangatana - ISPA,"Rua Jardim do Tabaco, 34, 1149-041 Lisboa, Lisboa",Lisboa,https://www.agendalx.pt/wp-json/agendalx/v1/events,https://www.agendalx.pt/content/uploads/2026/01/Imagem1-10.jpg,artes,,,,approved,agendalx,230066,https://www.agendalx.pt/wp-json/agendalx/v1/events,4cdb85e44b3eb6d17e75255d83e4f145c08b1b23
Habitar Portugal,2026-03-14,2026-04-26,MAC/CCB,"Praça do Império (Centro Cultural de Belém), 1449-003, Lisboa",Lisboa,https://www.agendalx.pt/wp-json/agendalx/v1/events,https://www.agendalx.pt/content/uploads/2026/02/3_HabitarPortugal_©FabioCunhaMAC_CCB-1-scaled.jpg,artes,,,"a:1:{i:0;a:2:{s:5:""value"";s:2:""15"";s:11:""description"";s:66:""preço normal (ver descontos aplicáveis) - inclui acesso ao museu"";}}",approved,agendalx,230367,https://www.agendalx.pt/wp-json/agendalx/v1/events,132dc94cd2422726be2a0cd526b94da915b86d42
Willem de Rooij,2026-03-14,2026-05-17,Lumiar Cité,"Rua Tomás del Negro, 8A, 1750-105, Lisboa",Lisboa,https://www.agendalx.pt/wp-json/agendalx/v1/events,https://www.agendalx.pt/content/uploads/2026/02/dddd-2.jpg,artes,,,free,approved,agendalx,231218,https://www.agendalx.pt/wp-json/agendalx/v1/events,61afc33884349d99abee68116b1b060c680683ff
Francisco Leal,2026-03-14,2026-04-05,Novidade – Dona Ajuda,"Rua Alexandre Herculano, 64, 1250-096, Lisboa",Lisboa,https://www.agendalx.pt/wp-json/agendalx/v1/events,https://www.agendalx.pt/content/uploads/2026/02/Boom.png,artes,,,free,approved,agendalx,231529,https://www.agendalx.pt/wp-json/agendalx/v1/events,29de21c3b8cb2e317ba9819169ada1e6ffd47285
Mingyu Wu,2026-03-14,2026-04-26,Galeria da Boavista,"Rua da Boavista, 47-50, 1200-109 Lisboa, Lisboa",Lisboa,https://www.agendalx.pt/wp-json/agendalx/v1/events,https://www.agendalx.pt/content/uploads/2026/02/Mingyu-Wu-2-scaled.jpg,artes,,,,approved,agendalx,231988,https://www.agendalx.pt/wp-json/agendalx/v1/events,d8d37a8f50a649a7c177b2445a5276c428312d06
Lápis de Pintar Dias Cinzentos,2026-03-14,2026-04-06,"MAAT - Museu de Arte, Arquitetura e Tecnologia","Avenida de Brasília, Central Tejo, 1300-598, Lisboa",Lisboa,https://www.agendalx.pt/wp-json/agendalx/v1/events,https://www.agendalx.pt/content/uploads/2025/07/Lapis-de-pintar-dias-cinzentos.-MAAT.-Bruno-Lopes-1_0-1.jpg,artes,,,,approved,agendalx,218822,https://www.agendalx.pt/wp-json/agendalx/v1/events,2cb53184ebb70f903376d8a7e797405a9fec825f
Entre a Palavra e o Silêncio,2026-03-14,2026-06-01,MACAM - Museu de Arte Contemporânea,"Rua da Junqueira, 66, 1300-343 Lisboa",Lisboa,https://www.agendalx.pt/wp-json/agendalx/v1/events,https://www.agendalx.pt/content/uploads/2025/10/aj-00928-1_w1920.jpeg,artes,,,,approved,agendalx,224519,https://www.agendalx.pt/wp-json/agendalx/v1/events,c7ee6bd684c1fd88300a94f1f9b40d1bc8cce5e0
60 Anos de Animação de Marionetas da Letónia,2026-03-14,2026-04-19,Museu da Marioneta,"Rua da Esperança, 146, 1200-660 Lisboa, Lisboa",Lisboa,https://www.agendalx.pt/wp-json/agendalx/v1/events,https://www.agendalx.pt/content/uploads/2026/01/Henry-The-Great_Jānis-Cimmermanis-1.jpg,artes,,,,approved,agendalx,229303,https://www.agendalx.pt/wp-json/agendalx/v1/events,97d2ffee95f1817a8b51a728eca49a9115acf7f3
Bruno Zhu,2026-03-14,2026-07-27,Fundação Calouste Gulbenkian - Centro de Arte Moderna,"Rua Doutor Nicolau Bettencourt, 1050-078, Lisboa",Lisboa,https://www.agendalx.pt/wp-json/agendalx/v1/events,https://www.agendalx.pt/content/uploads/2026/01/brunozhu_imagem_principal-1.jpg,artes,,,,approved,agendalx,230070,https://www.agendalx.pt/wp-json/agendalx/v1/events,1f17a4037dc5c117f963c88cf72011cdc3d707bf
Helena Lapas,2026-03-14,2026-03-28,Monitor Lisbon,"Rua da Páscoa, 91, 1250-091, Lisboa",Lisboa,https://www.agendalx.pt/wp-json/agendalx/v1/events,https://www.agendalx.pt/content/uploads/2026/02/Helena-Lapas-8-scaled.jpg,artes,,,,approved,agendalx,230550,https://www.agendalx.pt/wp-json/agendalx/v1/events,b866b3bd3eb89e40e573b82520fb85111816c1d7
Camadas,2026-03-14,2026-03-21,UMA Galeria,"Rua Poiais de São Bento, 57, 1200-346, Lisboa",Lisboa,https://www.agendalx.pt/wp-json/agendalx/v1/events,https://www.agendalx.pt/content/uploads/2026/02/Camadas-Quadrado-2.jpg,artes,,,free,approved,agendalx,231224,https://www.agendalx.pt/wp-json/agendalx/v1/events,a3e5718c8d1a79fa4c5590e77ce26e3078edcfe1
Conferências da Primavera no CCC Macau,2026-03-14,2026-03-26,Centro Científico e Cultural de Macau,"Rua da Junqueira, 30, 1300-383, Lisboa",Lisboa,https://www.agendalx.pt/wp-json/agendalx/v1/events,https://www.agendalx.pt/content/uploads/2026/02/CCCMacau.png,ciências,,,free,approved,agendalx,231569,https://www.agendalx.pt/wp-json/agendalx/v1/events,7de229709f20a9ee4e939e1b2502544cc5d739fd
Júlia Pacheco e Mito Ferreira,2026-03-14,2026-04-11,Biblioteca/Espaço Cultural Cinema Europa,"Rua Francisco Metrass, 28, 1350-012, Lisboa",Lisboa,https://www.agendalx.pt/wp-json/agendalx/v1/events,https://www.agendalx.pt/content/uploads/2026/02/BECCE-Expo-mar26-Julia-Pacheco.jpg,artes,,,free,approved,agendalx,232016,https://www.agendalx.pt/wp-json/agendalx/v1/events,e2ff516985310cec6e33e8a91f05e10e95587294
Viver a Quinta,2026-03-14,2026-03-28,Quinta Pedagógica dos Olivais,"R. Cidade de Lobito, 1800-088, Lisboa",Lisboa,https://www.agendalx.pt/wp-json/agendalx/v1/events,https://www.agendalx.pt/content/uploads/2026/03/farmaciarural__2_.webp,ciências,,,free,approved,agendalx,232296,https://www.agendalx.pt/wp-json/agendalx/v1/events,c2c5459af4eb8d7fb418ae15e720d978bd0e3998
Percorrer Lisboa,2026-03-14,2026-05-10,Museu de Lisboa - Casa dos Bicos,"Rua dos Bacalhoeiros, 10, 1100-135, Lisboa",Lisboa,https://www.agendalx.pt/wp-json/agendalx/v1/events,https://www.agendalx.pt/content/uploads/2023/01/1_PracaComercio_7.jpg,visitas guiadas,,,,approved,agendalx,83988,https://www.agendalx.pt/wp-json/agendalx/v1/events,a5e636b0d093dc0aefcdf5005aa290c83562d149
Húmus,2026-03-14,2026-04-05,Atelier-Museu Júlio Pomar,"Rua do Vale, 7, 1200-109, Lisboa",Lisboa,https://www.agendalx.pt/wp-json/agendalx/v1/events,https://www.agendalx.pt/content/uploads/2025/11/Imagem1-8.jpg,artes,,,,approved,agendalx,225244,https://www.agendalx.pt/wp-json/agendalx/v1/events,2024c31028d457840331a7261ad0304357e7c290
Nadir Afonso,2026-03-14,2026-03-14,Sociedade Nacional de Belas-Artes,"Rua Barata Salgueiro, 36, 1250-096, Lisboa",Lisboa,https://www.agendalx.pt/wp-json/agendalx/v1/events,https://www.agendalx.pt/content/uploads/2026/01/4_Antrpomorfismos_2005_acrilico-s-tela_170x210cm.jpg,artes,,,,approved,agendalx,229306,https://www.agendalx.pt/wp-json/agendalx/v1/events,fbf8192a57cfb20ba8754f1578b7c61bbee4d4e6
Xavier Ovídio e João Timóteo,2026-03-14,2026-03-14,Brotéria,"Rua de S. Pedro de Alcântara, 3, 1250-237, Lisboa",Lisboa,https://www.agendalx.pt/wp-json/agendalx/v1/events,https://www.agendalx.pt/content/uploads/2026/01/CARTAZ_COMUNICACAO_MCC_banner-site.jpg,artes,,,,approved,agendalx,230074,https://www.agendalx.pt/wp-json/agendalx/v1/events,a743b092fe5c6112031929ad8aafa9eb964c8340
Babette de la Vega,2026-03-14,2026-03-25,ReQolle Gallery,"Rua Rodrigo da Fonseca, 107 B, 1070-239, Lisboa",Lisboa,https://www.agendalx.pt/wp-json/agendalx/v1/events,https://www.agendalx.pt/content/uploads/2026/02/IMG_9719-scaled.jpg,artes,,,,approved,agendalx,230595,https://www.agendalx.pt/wp-json/agendalx/v1/events,45e27590ca40e6c7335943593264b19c6e16818f
Viagens,2026-03-14,2026-03-21,GCK - Gabinete de Curiosidades Karnart,"Avenida da Índia 168, 1400-038, Lisboa",Lisboa,https://www.agendalx.pt/wp-json/agendalx/v1/events,https://www.agendalx.pt/content/uploads/2026/02/Viagens_Karnart.png,artes,,,"a:1:{i:0;a:2:{s:5:""value"";s:2:""12"";s:11:""description"";s:41:""preço normal (ver descontos aplicáveis)"";}}",approved,agendalx,231235,https://www.agendalx.pt/wp-json/agendalx/v1/events,aaf5688d2d742feac6bf7ccf68f024b4438b40e5
She is the One,2026-03-14,2026-03-31,Hotel The One Palácio da Anunciada,"Rua das Portas de Santo Antão, 112-134, 1150-268, Lisboa",Lisboa,https://www.agendalx.pt/wp-json/agendalx/v1/events,https://www.agendalx.pt/content/uploads/2026/02/Imagem1-14.jpg,artes,,,,approved,agendalx,231593,https://www.agendalx.pt/wp-json/agendalx/v1/events,585b879e9ad81a5317694374b7009855aea5c726
Edis One,2026-03-14,2026-03-31,Palácio Baldaya,"Estrada de Benfica 701A, 1500-266, Lisboa",Lisboa,https://www.agendalx.pt/wp-json/agendalx/v1/events,https://www.agendalx.pt/content/uploads/2026/02/DSC03999-scaled.jpg,artes,,,free,approved,agendalx,232028,https://www.agendalx.pt/wp-json/agendalx/v1/events,e70b263da97d3151386510543b8408a4d5d231ae
Maratona Óscares,2026-03-14,2026-03-15,Cinema Fernando Lopes,"Campo Grande, 376, 1749-024, Lisboa",Lisboa,https://www.agendalx.pt/wp-json/agendalx/v1/events,https://www.agendalx.pt/content/uploads/2025/09/batalha.jpg,cinema,,,"a:4:{i:0;a:2:{s:5:""value"";s:2:""12"";s:11:""description"";s:13:""Pack 3 filmes"";}i:1;a:2:{s:5:""value"";s:2:""15"";s:11:""description"";s:13:""Pack 5 filmes"";}i:2;a:2:{s:5:""value"";s:2:""27"";s:11:""description"";s:14:""Pack 10 filmes"";}i:3;a:2:{s:5:""value"";s:2:""30"";s:11:""description"";s:25:""Pack 12 filmes (integral)"";}}",approved,agendalx,232315,https://www.agendalx.pt/wp-json/agendalx/v1/events,47587a3ce71d6bc8beb475ef24020f28b425c0dd
À Descoberta do Castelo de São Jorge,2026-03-14,2026-12-31,Castelo de São Jorge,"Rua de Santa Cruz do Castelo, 1100-129, Lisboa",Lisboa,https://www.agendalx.pt/wp-json/agendalx/v1/events,https://www.agendalx.pt/content/uploads/2023/07/formacao_acessibilidade.jpg,visitas guiadas,,,"a:1:{i:0;a:2:{s:5:""value"";s:1:""4"";s:11:""description"";s:29:""Visitas incluídas no bilhete"";}}",approved,agendalx,174735,https://www.agendalx.pt/wp-json/agendalx/v1/events,d0341c864228d9f41e290392dbedbd8b39ae001b
Mário Dionísio,2026-03-14,2026-04-20,Casa da Achada – Centro Mário Dionísio,"Rua da Achada, 11, r/c, 1100-236, Lisboa",Lisboa,https://www.agendalx.pt/wp-json/agendalx/v1/events,https://www.agendalx.pt/content/uploads/2025/08/Monologo-a-muitas-vozes-j-scaled.jpg,artes,,,,approved,agendalx,219872,https://www.agendalx.pt/wp-json/agendalx/v1/events,f8b4d41852a8f936e769acf7ca810e2dcec7e717
José de Guimarães,2026-03-14,2026-03-15,Panteão Nacional,"Campo de Santa Clara, 1100, Lisboa",Lisboa,https://www.agendalx.pt/wp-json/agendalx/v1/events,https://www.agendalx.pt/content/uploads/2025/12/Imagem1-1.jpg,artes,,,,approved,agendalx,225295,https://www.agendalx.pt/wp-json/agendalx/v1/events,0b4dd5ef309f255188dd0f0ee8b9e06874c92366
Fernando Cardoso,2026-03-14,2026-03-30,AJA - Associação José Afonso,"Rua de São Bento, 170, 1200-821, Lisboa",Lisboa,https://www.agendalx.pt/wp-json/agendalx/v1/events,https://www.agendalx.pt/content/uploads/2025/12/BANA5-scaled.jpg,artes,,,,approved,agendalx,228176,https://www.agendalx.pt/wp-json/agendalx/v1/events,b48e90a1344a8f11c0a159dc4e09f2bf5ed3414e
Turn Around,2026-03-14,2027-01-25,"MAAT - Museu de Arte, Arquitetura e Tecnologia","Avenida de Brasília, Central Tejo, 1300-598, Lisboa",Lisboa,https://www.agendalx.pt/wp-json/agendalx/v1/events,https://www.agendalx.pt/content/uploads/2026/01/Imagem1-3.jpg,artes,,,,approved,agendalx,229309,https://www.agendalx.pt/wp-json/agendalx/v1/events,b502dc4e8a89f0426ce89f88521ef4e48bc7c296
The Tea Master,2026-03-14,2026-03-14,Rui Freire-Fine Art,"Rua Serpa Pinto, 1, 1200-442 Lisboa, Lisboa",Lisboa,https://www.agendalx.pt/wp-json/agendalx/v1/events,https://www.agendalx.pt/content/uploads/2026/01/Imagem1-11.jpg,artes,,,,approved,agendalx,230077,https://www.agendalx.pt/wp-json/agendalx/v1/events,df51c83e53642d87d3af55587472ca67fc91424e
Carlota Roque Martins,2026-03-14,2026-03-25,Galeria de São Mamede,"Rua da Escola Politécnica, 167, 1250-096, Lisboa",Lisboa,https://www.agendalx.pt/wp-json/agendalx/v1/events,https://www.agendalx.pt/content/uploads/2026/02/Carlota-Roque-Martins-Tudo-e-Deserto-2026-Galeria-Sao-Mamde-scaled.jpg,artes,,,,approved,agendalx,231261,https://www.agendalx.pt/wp-json/agendalx/v1/events,8bec987d7fc06f546ec3cc0d95cfbdaaf7f2580b
Rising Stars – Portas Abertas,2026-03-14,2026-03-15,Fundação Calouste Gulbenkian,"Avenida de Berna, 45A, 1050-078, Lisboa",Lisboa,https://www.agendalx.pt/wp-json/agendalx/v1/events,https://www.agendalx.pt/content/uploads/2026/02/Maat-Saxophone-Quartet.jpg,música,,,free,approved,agendalx,231596,https://www.agendalx.pt/wp-json/agendalx/v1/events,66e4147e97f6d4eda5f361956164f2b824ec5d2b
Natália Gromicho,2026-03-14,2026-04-03,Atelier Natália Gromicho,"Rua Nova da Trindade 5G, piso S/L, 1200-309, Lisboa",Lisboa,https://www.agendalx.pt/wp-json/agendalx/v1/events,https://www.agendalx.pt/content/uploads/2026/02/Imagem12.jpg,artes,,,,approved,agendalx,232042,https://www.agendalx.pt/wp-json/agendalx/v1/events,2081d2e829e0324a698d0411d466404bb13b7a3e
Looped Futures,2026-03-14,2026-04-25,Artemis Gallery,"Rua de Dona Estefânia, 21 A-B, 1000-153 Lisboa, Lisboa",Lisboa,https://www.agendalx.pt/wp-json/agendalx/v1/events,https://www.agendalx.pt/content/uploads/2026/03/AJS202602-GA1-D02-4087-E-Looped-Futures-L-Galeria-Artemis-scaled.jpg,artes,,,,approved,agendalx,232336,https://www.agendalx.pt/wp-json/agendalx/v1/events,8840ce47c459a9f6dc38ebc4c52819927c9e5265
A Cinemateca com a MONSTRA,2026-03-14,2026-03-21,Cinemateca Júnior,"Palácio Foz, Praça dos Restauradores, 1250-112, Lisboa",Lisboa,https://www.agendalx.pt/wp-json/agendalx/v1/events,https://www.agendalx.pt/content/uploads/2026/02/shaun-the-sheep-1.jpg,cinema,,,,approved,agendalx,231932,https://www.agendalx.pt/wp-json/agendalx/v1/events,eef35d590caec4f38b4c075bdfd568307e75110c
Hércules,2026-03-14,2026-04-26,Teatro Politeama,"Rua das Portas de Santo Antão, 109, 1150-265, Lisboa",Lisboa,https://www.agendalx.pt/wp-json/agendalx/v1/events,https://www.agendalx.pt/content/uploads/2025/09/Sem-Titulo-2.png,teatro,,,,approved,agendalx,221995,https://www.agendalx.pt/wp-json/agendalx/v1/events,55e767744f7979a362e6a24b3e9addcad11b5f74
Nós e a voz,2026-03-14,2026-03-15,Fundação Calouste Gulbenkian,"Avenida de Berna, 45A, 1050-078, Lisboa",Lisboa,https://www.agendalx.pt/wp-json/agendalx/v1/events,https://www.agendalx.pt/content/uploads/2026/03/nos-e-o-voz_16x9.jpg,música,,,free,approved,agendalx,232478,https://www.agendalx.pt/wp-json/agendalx/v1/events,dacf0097eeae68a43a5df1aba161b4a46daf779f
A Lagartinha Aventureira,2026-03-14,2026-03-28,Boutique da Cultura - Um Teatro em Cada Bairro,"Avenida Colégio Militar, 1500-187, Lisboa",Lisboa,https://www.agendalx.pt/wp-json/agendalx/v1/events,https://www.agendalx.pt/content/uploads/2023/11/lagartinha.png,teatro,,,"a:1:{i:0;a:1:{s:5:""value"";s:2:""15"";}}",approved,agendalx,177478,https://www.agendalx.pt/wp-json/agendalx/v1/events,849db139b9a2586a2c75c2da0bd15fd0dc4e2737
"Ah, Amália",2026-03-14,2027-05-01,8 Marvila,"Praça David Leandro da Silva, 8, 1950-064, Lisboa",Lisboa,https://www.agendalx.pt/wp-json/agendalx/v1/events,https://www.agendalx.pt/content/uploads/2024/05/AnjoMariana-4-of-45.jpg,artes,,,"a:1:{i:0;a:1:{s:5:""value"";s:11:""17 € a 20"";}}",approved,agendalx,190938,https://www.agendalx.pt/wp-json/agendalx/v1/events,1765ffadb0bf3340b83669f9873578c900fc9501
Há Música na Biblioteca!,2026-03-14,2026-03-14,Biblioteca Nacional de Portugal,"Campo Grande, 83, 1600, Lisboa",Lisboa,https://www.agendalx.pt/wp-json/agendalx/v1/events,https://www.agendalx.pt/content/uploads/2025/11/benjamim.png,música,,,free,approved,agendalx,224675,https://www.agendalx.pt/wp-json/agendalx/v1/events,a06ae8b34504b9deac5e44447331d19d9ecf76f4
Do minueto à macarena,2026-03-14,2026-03-14,All Portugal Space,"Rua 2 da Matinha 5D, 1950-326, Lisboa",Lisboa,https://www.agendalx.pt/wp-json/agendalx/v1/events,https://www.agendalx.pt/content/uploads/2026/03/transferir.png,música,,,,approved,agendalx,232738,https://www.agendalx.pt/wp-json/agendalx/v1/events,72fec0f2f66f5e9e0082904cca5c9c95071f3d42
Mamma Mia Baby!,2026-03-14,2026-03-29,Auditório Santa Joana Princesa,"Rua Lagares del' Rei, n.º 23, 1700- 268 Lisboa",Lisboa,https://www.agendalx.pt/wp-json/agendalx/v1/events,https://www.agendalx.pt/content/uploads/2025/10/DSC02224-2-scaled.jpg,teatro,,,"a:1:{i:0;a:1:{s:5:""value"";s:11:""10 € a 25"";}}",approved,agendalx,222530,https://www.agendalx.pt/wp-json/agendalx/v1/events,7117498a98c968795e09398a7fb7146658ad6ef2
A princesa e o sapo,2026-03-14,2026-03-28,Boutique da Cultura - Um Teatro em Cada Bairro,"Avenida Colégio Militar, 1500-187, Lisboa",Lisboa,https://www.agendalx.pt/wp-json/agendalx/v1/events,https://www.agendalx.pt/content/uploads/2024/08/Sem-Titulo.png,teatro,,,"a:1:{i:0;a:1:{s:5:""value"";s:2:""10"";}}",approved,agendalx,196807,https://www.agendalx.pt/wp-json/agendalx/v1/events,4aab831681785745796a67d8cbf09e8afd079933
Fevereiro e março nos Coruchéus,2026-03-14,2026-03-31,Coruchéus – Um Teatro em Cada Bairro,"Complexo Municipal dos Coruchéus - Rua Alberto de Oliveira, 1700-019, Lisboa",Lisboa,https://www.agendalx.pt/wp-json/agendalx/v1/events,https://www.agendalx.pt/content/uploads/2026/01/INSHADOW-Vultures-de-Lea-Siebrecht-Angela-Bismarck-@InShadow2025.jpg,,,,free,approved,agendalx,229478,https://www.agendalx.pt/wp-json/agendalx/v1/events,e8f6ea51d6c0010cf9abeb1a658f5f10f9003af0
"Mulheres, Lutas e Liberdades",2026-03-14,2026-03-15,Casa do Comum do Bairro Alto,"Rua da Rosa, 285, 1200-408, Lisboa",Lisboa,https://www.agendalx.pt/wp-json/agendalx/v1/events,https://www.agendalx.pt/content/uploads/2024/01/westwood_1.jpg,cinema,,,,approved,agendalx,231164,https://www.agendalx.pt/wp-json/agendalx/v1/events,72a944dc122c45bc9380fb2ec1f9d2166e527a16
A Serviço do Rei,2026-03-14,2026-05-23,Palácio Nacional da Ajuda,"Largo da Ajuda, 1300, Lisboa",Lisboa,https://www.agendalx.pt/wp-json/agendalx/v1/events,https://www.agendalx.pt/content/uploads/2025/10/08-A-servico-do-Rei_-14-janeiro_-Eco-Tours.jpg,visitas guiadas,,,,approved,agendalx,222744,https://www.agendalx.pt/wp-json/agendalx/v1/events,c1faa3d0ad6cc9a24de02969baf9c4decde22bba
Março na Quinta Alegre,2026-03-14,2026-03-31,Quinta Alegre - Um Teatro em Cada Bairro,"Campo das Amoreiras, 94, 1750-025, Lisboa",Lisboa,https://www.agendalx.pt/wp-json/agendalx/v1/events,https://www.agendalx.pt/content/uploads/2026/02/Oficina-Corta-e-Cria_Quinta-Alegre-1-rotated.jpg,,,,free,approved,agendalx,232145,https://www.agendalx.pt/wp-json/agendalx/v1/events,7824a9290aa5a9a0eb0b943bb0814bea7e28b1ee
Era uma vez...,2026-03-14,2026-06-07,Teatro Armando Cortez,"Estrada da Pontinha, 7, 1600-582, Lisboa",Lisboa,https://www.agendalx.pt/wp-json/agendalx/v1/events,https://www.agendalx.pt/content/uploads/2025/10/foto_promo_eraumavez_til_0459-scaled.jpg,teatro,,,,approved,agendalx,223163,https://www.agendalx.pt/wp-json/agendalx/v1/events,5fc40fef0de2f7fd5bf0963081b2ce8e4260095a
Festa do Cinema Romeno,2026-03-14,2026-03-29,Atmosfera M,"Rua Castilho, 5, 1250-096, Lisboa",Lisboa,https://www.agendalx.pt/wp-json/agendalx/v1/events,https://www.agendalx.pt/content/uploads/2026/02/MV5BMDBjZmFmNzAtMWYyZi00OTY2LTkyNGQtMWQwY2U5MzVjNTM3XkEyXkFqcGc@._V1_FMjpg_UX1920.jpeg,cinema,,,,approved,agendalx,231065,https://www.agendalx.pt/wp-json/agendalx/v1/events,a79ce9bf4afec2e9a609532f1a8216f29023e1b9
Monstrinha na Quinta Alegre,2026-03-14,2026-03-14,Quinta Alegre - Um Teatro em Cada Bairro,"Campo das Amoreiras, 94, 1750-025, Lisboa",Lisboa,https://www.agendalx.pt/wp-json/agendalx/v1/events,https://www.agendalx.pt/content/uploads/2026/03/Monstrinha_creditos-MONSTRA-Festival-de-Animacao-de-Lisboa-scaled.jpg,cinema,,,free,approved,agendalx,232486,https://www.agendalx.pt/wp-json/agendalx/v1/events,649d25a2c47105c0ccf198a158162914f8b9817c
Dia do Pai,2026-03-14,2026-03-14,Museu da Farmácia,"Rua Marechal Saldanha, 1, 1249-069, Lisboa",Lisboa,https://www.agendalx.pt/wp-json/agendalx/v1/events,https://www.agendalx.pt/content/uploads/2026/03/sabonete.png,ciências,,,"a:1:{i:0;a:2:{s:5:""value"";s:2:""12"";s:11:""description"";s:12:""participante"";}}",approved,agendalx,232614,https://www.agendalx.pt/wp-json/agendalx/v1/events,f881e2dd22ea42318f1789de40cfb075e7154ca4
A Verdadeira História do Lobo Mau,2026-03-14,2026-03-22,Teatro da Comuna,"Palácio Cor de Rosa, Praça de Espanha, 1050-024, Lisboa",Lisboa,https://www.agendalx.pt/wp-json/agendalx/v1/events,https://www.agendalx.pt/content/uploads/2026/02/Sem-Titulo-2.png,teatro,,,"a:1:{i:0;a:1:{s:5:""value"";s:2:""10"";}}",approved,agendalx,231853,https://www.agendalx.pt/wp-json/agendalx/v1/events,66eeb65a7b863ae22b3bc2defd234e21bd38b992
Corta & Cria: Personagens em Pop-Up,2026-03-14,2026-03-14,Quinta Alegre - Um Teatro em Cada Bairro,"Campo das Amoreiras, 94, 1750-025, Lisboa",Lisboa,https://www.agendalx.pt/wp-json/agendalx/v1/events,https://www.agendalx.pt/content/uploads/2026/03/Oficina-Corta-e-Cria_Quinta-Alegre-1-scaled.jpg,artes,,,free,approved,agendalx,232483,https://www.agendalx.pt/wp-json/agendalx/v1/events,418daea373f0e7e501e6e94de2fa0cabc40d0478
O Capuchinho Vermelho,2026-03-14,2026-03-14,Auditório da Biblioteca Orlando Ribeiro,"Antigo Solar da Nora, Estrada de Telheiras, 146, 1600-598, Lisboa",Lisboa,https://www.agendalx.pt/wp-json/agendalx/v1/events,https://www.agendalx.pt/content/uploads/2024/01/capucnhinho-foto-com-flores-1000x650-1.jpg,teatro,,,"a:1:{i:0;a:1:{s:5:""value"";s:1:""8"";}}",approved,agendalx,183568,https://www.agendalx.pt/wp-json/agendalx/v1/events,19b794b7e981c1b33b63746d91a1fc218e7c1852
Inês Gonçalves e Ana Paganini,2026-03-14,2026-03-28,Lumina Galeria,"Rua Actor Vale, 53 A, 1900-023, Lisboa",Lisboa,https://www.agendalx.pt/wp-json/agendalx/v1/events,https://www.agendalx.pt/content/uploads/2026/01/©Ines-Goncalves-e-©Ana-Paganini-scaled.jpg,artes,,,free,approved,agendalx,230296,https://www.agendalx.pt/wp-json/agendalx/v1/events,56c00da82d757d51059093d938ba565284431ab6
Uma outra Bela Adormecida,2026-03-14,2026-03-22,LU.CA - Teatro Luís de Camões,"Calçada da Ajuda, 80, 1300-015, Lisboa",Lisboa,https://www.agendalx.pt/wp-json/agendalx/v1/events,https://www.agendalx.pt/content/uploads/2023/03/umabelaadormecida-15-230111-1024x683-1.jpg,teatro,,,"a:1:{i:0;a:1:{s:5:""value"";s:9:""3 € e 7"";}}",approved,agendalx,231732,https://www.agendalx.pt/wp-json/agendalx/v1/events,f2989e178e3e9f0187229360ea43139321a27b86
Março na Casa do Jardim da Estrela,2026-03-14,2026-03-31,Casa do Jardim da Estrela - Um Teatro em Cada Bairro,"Jardim Guerra Junqueiro - Praça da Estrela, 12, 1200-694",Lisboa,https://www.agendalx.pt/wp-json/agendalx/v1/events,https://www.agendalx.pt/content/uploads/2026/02/Lituo_foto.jpg,,,,free,approved,agendalx,232047,https://www.agendalx.pt/wp-json/agendalx/v1/events,4b86da53fda1e971460fe9148d96973b9dd117e6
"Vamos, Obi!",2026-03-14,2026-03-22,Auditório Carlos Paredes,"Avenida Gomes Pereira 17, 1500-328, Lisboa",Lisboa,https://www.agendalx.pt/wp-json/agendalx/v1/events,https://www.agendalx.pt/content/uploads/2026/02/vamosObi_headerSite_2.jpg,teatro,,,,approved,agendalx,230590,https://www.agendalx.pt/wp-json/agendalx/v1/events,b306e2c70625d9a4fd7a0397e5e393a9c8fb045e
May I help you? Posso Ajudar?,2026-03-14,2026-12-30,MAC/CCB,"Praça do Império (Centro Cultural de Belém), 1449-003, Lisboa",Lisboa,https://www.agendalx.pt/wp-json/agendalx/v1/events,https://www.agendalx.pt/content/uploads/2026/02/jeff.jpg,artes,,,"a:1:{i:0;a:2:{s:5:""value"";s:2:""15"";s:11:""description"";s:105:""inclui acesso a todas as exposições de arte contemporânea e de arquitetura (ver descontos aplicáveis)"";}}",approved,agendalx,231679,https://www.agendalx.pt/wp-json/agendalx/v1/events,67cf670be97b444ca95cebf4a01109daa6a8ba00
"Desconstruir o Colonialismo, Descolonizar o Imaginário",2026-03-14,2026-03-29,Museu Nacional de Etnologia,"Avenida Ilha da Madeira, 1400, Lisboa",Lisboa,https://www.agendalx.pt/wp-json/agendalx/v1/events,https://www.agendalx.pt/content/uploads/2024/10/Etnologia.jpg,"artes, ciências",,,"a:1:{i:0;a:2:{s:5:""value"";s:1:""5"";s:11:""description"";s:55:""acesso normal (ver descontos aplicáveis), inclui museu"";}}",approved,agendalx,201456,https://www.agendalx.pt/wp-json/agendalx/v1/events,bb3335b7858dfcf24b0536cb7ff85e4229da8b1c
Dona Flor e seus dois maridos,2026-03-14,2026-03-22,Casino Lisboa,"Alameda dos Oceanos 45, 1990-204, Lisboa",Lisboa,https://www.agendalx.pt/wp-json/agendalx/v1/events,https://www.agendalx.pt/content/uploads/2025/12/dona-flor.jpg,teatro,,,"a:1:{i:0;a:1:{s:5:""value"";s:11:""23 € a 25"";}}",approved,agendalx,227744,https://www.agendalx.pt/wp-json/agendalx/v1/events,0343d1e48ce90a06075c16964254870827fd36a0
Um Quinteto de Morte,2026-03-14,2026-03-29,Teatro Armando Cortez,"Estrada da Pontinha, 7, 1600-582, Lisboa",Lisboa,https://www.agendalx.pt/wp-json/agendalx/v1/events,https://www.agendalx.pt/content/uploads/2025/09/quinteto.jpg,teatro,,,"a:1:{i:0;a:1:{s:5:""value"";s:2:""24"";}}",approved,agendalx,221656,https://www.agendalx.pt/wp-json/agendalx/v1/events,d005c179a26416a2e1341e27ec74dd76540f9379
O Algoritmo,2026-03-14,2026-03-21,Beato Innovation District,"Rua da Manutenção, 71, 1900-500, Lisboa",Lisboa,https://www.agendalx.pt/wp-json/agendalx/v1/events,https://www.agendalx.pt/content/uploads/2026/01/O_ALGORITMO_CARTAZ.jpg,teatro,,,"a:1:{i:0;a:1:{s:5:""value"";s:11:""10 € a 22"";}}",approved,agendalx,228762,https://www.agendalx.pt/wp-json/agendalx/v1/events,2a6da226d3f40ecf383348a6a2adac6b9197b251
Elas tiveram medo e foram,2026-03-14,2027-01-31,Museu do Aljube – Resistência e Liberdade,"Rua de Augusto Rosa, 42, 1100-532, Lisboa",Lisboa,https://www.agendalx.pt/wp-json/agendalx/v1/events,https://www.agendalx.pt/content/uploads/2026/03/aljube.jpg,ciências,,,"a:1:{i:0;a:2:{s:5:""value"";s:1:""4"";s:11:""description"";s:66:""preço normal (ver descontos aplicáveis) - inclui acesso ao museu"";}}",approved,agendalx,232743,https://www.agendalx.pt/wp-json/agendalx/v1/events,246fbb48aa88fc57ee612402910c8d975402014c
Alexandre Conefrey,2026-03-14,2026-04-11,Galeria 111,"Rua Dr. João Soares, 5 B, 1600-060 Lisboa, Lisboa",Lisboa,https://www.agendalx.pt/wp-json/agendalx/v1/events,https://www.agendalx.pt/content/uploads/2026/02/Sem-titulo-2025-oleo-sobre-papel-1005x705-cm-scaled.jpg,artes,,,,approved,agendalx,231764,https://www.agendalx.pt/wp-json/agendalx/v1/events,9b80a3b64fc913b1ecc31a21dde31b94bfdf648d
"Xerazade, a Interminável Coleção do CAM",2026-03-14,2027-09-20,Fundação Calouste Gulbenkian - Centro de Arte Moderna,"Rua Doutor Nicolau Bettencourt, 1050-078, Lisboa",Lisboa,https://www.agendalx.pt/wp-json/agendalx/v1/events,https://www.agendalx.pt/content/uploads/2025/08/23620_amadeo_86P26-Xerazade-Imagem-principal-de-evento.jpg,artes,,,,approved,agendalx,220196,https://www.agendalx.pt/wp-json/agendalx/v1/events,b96f2ba443e07ec5926b9b417c3a097328ba8a83
Uma cenógrafa e um dramaturgo entram num palco I,2026-03-14,2026-03-15,São Luiz Teatro Municipal,"Rua António Maria Cardoso, 38, 1200-026, Lisboa",Lisboa,https://www.agendalx.pt/wp-json/agendalx/v1/events,https://www.agendalx.pt/content/uploads/2025/12/campanula-de-vidro-cjoao-gambino-1333x2000-1.jpg,teatro,,,"a:1:{i:0;a:2:{s:5:""value"";s:2:""12"";s:11:""description"";s:41:""preço normal (ver descontos aplicáveis)"";}}",approved,agendalx,227907,https://www.agendalx.pt/wp-json/agendalx/v1/events,2b153ee73e632d4f388df57f1081660a76a2084e
Artur Pizarro,2026-03-14,2026-03-14,Teatro Tivoli BBVA,"Avenida da Liberdade, 182 A, 1250-146, Lisboa",Lisboa,https://www.agendalx.pt/wp-json/agendalx/v1/events,https://www.agendalx.pt/content/uploads/2026/02/artur-pizarro.png,música,,,"a:1:{i:0;a:1:{s:5:""value"";s:11:""15 € a 35"";}}",approved,agendalx,230450,https://www.agendalx.pt/wp-json/agendalx/v1/events,e95dc5a215992ae35396e432907f3766f414f0f4
O Rinoceronte,2026-03-14,2026-03-22,Teatro Taborda,"Costa do Castelo, 75, 1100-178 Lisboa, 1100-129, Lisboa",Lisboa,https://www.agendalx.pt/wp-json/agendalx/v1/events,https://www.agendalx.pt/content/uploads/2026/03/o-rinoceronte-scaled.jpg,teatro,,,"a:1:{i:0;a:1:{s:5:""value"";s:10:""6 € a 12"";}}",approved,agendalx,232303,https://www.agendalx.pt/wp-json/agendalx/v1/events,5f51ade048379e0b81aff7910ee518ad3f62a0c3
Brokeback Mountain,2026-03-14,2026-04-05,Teatro da Trindade INATEL,"Rua Nova da Trindade, 9, 1200-301, Lisboa",Lisboa,https://www.agendalx.pt/wp-json/agendalx/v1/events,https://www.agendalx.pt/content/uploads/2026/02/BrokebackMt.jpg,teatro,,,"a:1:{i:0;a:1:{s:5:""value"";s:11:""10 € a 14"";}}",approved,agendalx,217132,https://www.agendalx.pt/wp-json/agendalx/v1/events,5fa9cc48190391cab8aba2920c6dc537535cc58d
Mariana Mizarela,2026-03-14,2026-03-29,LU.CA - Teatro Luís de Camões,"Calçada da Ajuda, 80, 1300-015, Lisboa",Lisboa,https://www.agendalx.pt/wp-json/agendalx/v1/events,https://www.agendalx.pt/content/uploads/2025/12/felicidade-1024x719-1.jpg,artes,,,free,approved,agendalx,228116,https://www.agendalx.pt/wp-json/agendalx/v1/events,d164f33fbbbc9e0c91fc4a4f2ea7aa3a97db8eac
Os Jugoslavos,2026-03-14,2026-03-28,Teatro Paulo Claro,"Rua do Açúcar, 37, 1950-006, Lisboa",Lisboa,https://www.agendalx.pt/wp-json/agendalx/v1/events,https://www.agendalx.pt/content/uploads/2026/01/Os-jugoslavos.jpg,teatro,,,"a:1:{i:0;a:2:{s:5:""value"";s:2:""12"";s:11:""description"";s:41:""preço normal (ver descontos aplicáveis)"";}}",approved,agendalx,228543,https://www.agendalx.pt/wp-json/agendalx/v1/events,790423e6758c3533ea2cac0c682a6f1d7f45e10b
"Sebastião, o Caranguejo Fora do Mar",2026-03-14,2026-03-29,Boutique da Cultura - Um Teatro em Cada Bairro,"Avenida Colégio Militar, 1500-187, Lisboa",Lisboa,https://www.agendalx.pt/wp-json/agendalx/v1/events,https://www.agendalx.pt/content/uploads/2025/01/sebastiao.png,teatro,,,,approved,agendalx,205352,https://www.agendalx.pt/wp-json/agendalx/v1/events,13bb6d7b342f0fdabb8ceac22f95c6ba99cc8324
Uma cenógrafa e um dramaturgo entram num palco II,2026-03-14,2026-03-15,São Luiz Teatro Municipal,"Rua António Maria Cardoso, 38, 1200-026, Lisboa",Lisboa,https://www.agendalx.pt/wp-json/agendalx/v1/events,https://www.agendalx.pt/content/uploads/2025/12/tudo-sobre-a-emma-cmarta-carreiras-2000x1413-1.jpg,teatro,,,"a:1:{i:0;a:2:{s:5:""value"";s:2:""12"";s:11:""description"";s:41:""preço normal (ver descontos aplicáveis)"";}}",approved,agendalx,227910,https://www.agendalx.pt/wp-json/agendalx/v1/events,a90b096fa7a19b34e5952b275b2391546fceade3
Um Inimigo do Povo,2026-03-14,2026-03-15,Centro Cultural de Belém,"Praça do Império, 1449-003, Lisboa",Lisboa,https://www.agendalx.pt/wp-json/agendalx/v1/events,https://www.agendalx.pt/content/uploads/2025/10/inimigopovo_promo_MM_17.jpeg,teatro,,,,approved,agendalx,224284,https://www.agendalx.pt/wp-json/agendalx/v1/events,0590e9bcb21b52bb1961a74c9a8fb46e4d810a14
A Gaivota,2026-03-14,2026-04-05,Teatro da Trindade INATEL,"Rua Nova da Trindade, 9, 1200-301, Lisboa",Lisboa,https://www.agendalx.pt/wp-json/agendalx/v1/events,https://www.agendalx.pt/content/uploads/2026/01/A-Gaivota_MRL4855-e1769630086161.jpg,teatro,,,"a:1:{i:0;a:1:{s:5:""value"";s:11:""10 € a 22"";}}",approved,agendalx,217128,https://www.agendalx.pt/wp-json/agendalx/v1/events,ec9f6cfdb2578cea99dac9ad121ed0bd4560b64e
Mães,2026-03-14,2026-05-03,Teatro Villaret,"Avenida Fontes Pereira de Melo 30 A, 1050-010, Lisboa",Lisboa,https://www.agendalx.pt/wp-json/agendalx/v1/events,https://www.agendalx.pt/content/uploads/2024/03/Maes_2.jpg,teatro,,,"a:1:{i:0;a:1:{s:5:""value"";s:2:""22"";}}",approved,agendalx,218383,https://www.agendalx.pt/wp-json/agendalx/v1/events,615d3693330745360e4af2d412ec57665748081b
Hairspray,2026-03-14,2026-03-15,Teatro Variedades,"Parque Mayer, 1250-096, Lisboa",Lisboa,https://www.agendalx.pt/wp-json/agendalx/v1/events,https://www.agendalx.pt/content/uploads/2025/11/Hairspray-e1773173703981.jpg,teatro,,,"a:1:{i:0;a:2:{s:5:""value"";s:11:""10 € a 15"";s:11:""description"";s:41:""preço normal (ver descontos aplicáveis)"";}}",approved,agendalx,224171,https://www.agendalx.pt/wp-json/agendalx/v1/events,7b7c3011e9a70b925c3ac6d715b95e8ae6905095
Carmen Miranda,2026-03-14,2026-03-29,Teatro Politeama,"Rua das Portas de Santo Antão, 109, 1150-265, Lisboa",Lisboa,https://www.agendalx.pt/wp-json/agendalx/v1/events,https://www.agendalx.pt/content/uploads/2025/11/Carmen-Miranda_la-Feria.jpg,teatro,,,"a:1:{i:0;a:1:{s:5:""value"";s:11:""10 € a 45"";}}",approved,agendalx,225970,https://www.agendalx.pt/wp-json/agendalx/v1/events,08df3cdeeb1da3f6acda101ce51ac2e6edc16ba4
Holly Hood,2026-03-14,2026-03-14,Coliseu dos Recreios,"Rua das Portas de Santo Antão, 96, 1150-269 Lisboa, Lisboa",Lisboa,https://www.agendalx.pt/wp-json/agendalx/v1/events,https://www.agendalx.pt/content/uploads/2026/01/holly-hood.jpeg,música,,,"a:1:{i:0;a:1:{s:5:""value"";s:2:""27"";}}",approved,agendalx,229734,https://www.agendalx.pt/wp-json/agendalx/v1/events,7943770f3a2f89cb16e20121e7e7b3a13215e12c
Ensemble Darcos,2026-03-14,2026-03-14,Convento de São Pedro de Alcântara,"Rua Luísa Todi, 1, 1250-096, Lisboa",Lisboa,https://www.agendalx.pt/wp-json/agendalx/v1/events,https://www.agendalx.pt/content/uploads/2026/02/temporada-darcos.jpg,música,,,,approved,agendalx,230404,https://www.agendalx.pt/wp-json/agendalx/v1/events,af675cd67fe69c017deacd58c2fe14d7fe17e493
"Ana, Carolina e Adelaide: ainda estamos aqui",2026-03-14,2026-03-15,Clube Estefânia,"Rua Alexandre Braga, 24A, 1000-232, Lisboa",Lisboa,https://www.agendalx.pt/wp-json/agendalx/v1/events,https://www.agendalx.pt/content/uploads/2026/02/Ana-Carolina-Adelaide-Ainda-Estamos-Aqui-Teatro-1920x1080-ATO-LIVRE.jpg,teatro,,,,approved,agendalx,230566,https://www.agendalx.pt/wp-json/agendalx/v1/events,24584f7082a318f44b06ccaf8cb88d94abe6f8c0
Eurydice,2026-03-14,2026-03-22,Escola do Largo,"Largo do Chiado, 15, 1200-108, Lisboa",Lisboa,https://www.agendalx.pt/wp-json/agendalx/v1/events,https://www.agendalx.pt/content/uploads/2026/02/Eurydice.jpg,teatro,,,"a:1:{i:0;a:2:{s:5:""value"";s:2:""14"";s:11:""description"";s:41:""preço normal (ver descontos aplicáveis)"";}}",approved,agendalx,231163,https://www.agendalx.pt/wp-json/agendalx/v1/events,d4570631b01d8a9275befc9c6c0a7ae49277adb7
Gianni Schicchi,2026-03-14,2026-03-14,Escola Secundária Marquês de Pombal,"R. Alexandre de Sá Pinto 85, Lisboa",Lisboa,https://www.agendalx.pt/wp-json/agendalx/v1/events,https://www.agendalx.pt/content/uploads/2026/02/Família-Donati.jpg,música,,,"a:1:{i:0;a:2:{s:5:""value"";s:1:""5"";s:11:""description"";s:16:""entrada/donativo"";}}",approved,agendalx,231360,https://www.agendalx.pt/wp-json/agendalx/v1/events,2edf69a840991d81345bd6492f6898f7ecd27b65
Expresso Transatlântico,2026-03-14,2026-03-14,Capitólio,"Parque Mayer, 1250-096, Lisboa",Lisboa,https://www.agendalx.pt/wp-json/agendalx/v1/events,https://www.agendalx.pt/content/uploads/2026/01/expresso-transatlantico.png,música,,,"a:1:{i:0;a:1:{s:5:""value"";s:2:""15"";}}",approved,agendalx,229509,https://www.agendalx.pt/wp-json/agendalx/v1/events,09e15f2b351967bb739dfbcbbc6a17915552a46b
Rodrigo Alarcon,2026-03-14,2026-03-14,Casa Capitão,"Rua do Grilo, 119, 1950-144, Lisboa",Lisboa,https://www.agendalx.pt/wp-json/agendalx/v1/events,https://www.agendalx.pt/content/uploads/2026/01/FEED-B.png,música,,,"a:1:{i:0;a:1:{s:5:""value"";s:5:""22,02"";}}",approved,agendalx,229729,https://www.agendalx.pt/wp-json/agendalx/v1/events,9dc942de4cd86fbfbca169e8fa589e39bc9e0449
Combate de Negro e de Cães,2026-03-14,2026-03-15,Teatro do Bairro,"Rua Luz Soriano, 63, 1200-109, Lisboa",Lisboa,https://www.agendalx.pt/wp-json/agendalx/v1/events,https://www.agendalx.pt/content/uploads/2026/03/Combate-de-negro-e-de-cães_TeatroGRIOT_©Marlene-Nobre_5.jpg,teatro,,,"a:1:{i:0;a:2:{s:5:""value"";s:5:""12,50"";s:11:""description"";s:41:""preço normal (ver descontos aplicáveis)"";}}",approved,agendalx,230098,https://www.agendalx.pt/wp-json/agendalx/v1/events,f0a01a577644c026db36d6946a779cd768b0b2b8
T2 em Benfica por 600 euros,2026-03-14,2026-04-19,Turim - Um Teatro em Cada Bairro,"Estrada de Benfica, nº 723 A, 1500-088 Lisboa, 1500-109, Lisboa",Lisboa,https://www.agendalx.pt/wp-json/agendalx/v1/events,https://www.agendalx.pt/content/uploads/2026/03/T2-EM-BENFICA-POR-600-EUROSestreia-dia-12-de-Marco-as-21-30h-no-Cine-Teatro-Turim-Texto-e-Encen.jpg,teatro,,,"a:1:{i:0;a:1:{s:5:""value"";s:2:""15"";}}",approved,agendalx,232400,https://www.agendalx.pt/wp-json/agendalx/v1/events,c38f9104ac998fd10bdd23e72710511aefd1429d
Para que servem as coisas?,2026-03-14,2026-10-31,MUDE - Museu do Design,"Rua Augusta, 24, 1100-053, Lisboa",Lisboa,https://www.agendalx.pt/wp-json/agendalx/v1/events,https://www.agendalx.pt/content/uploads/2024/10/MUDE_estirador_horizontal-1-scaled.jpg,artes,,,"a:1:{i:0;a:2:{s:5:""value"";s:2:""11"";s:11:""description"";s:55:""Acesso normal (ver descontos aplicáveis), inclui museu"";}}",approved,agendalx,200414,https://www.agendalx.pt/wp-json/agendalx/v1/events,e43245a83a5f780d0f12b6b57928417f16f74caf
Vivó Valdi!,2026-03-14,2026-03-22,Casa do Coreto,"R. Neves Costa, 45, 1600-532, Lisboa",Lisboa,https://www.agendalx.pt/wp-json/agendalx/v1/events,https://www.agendalx.pt/content/uploads/2026/01/e.jpg,"música, teatro",,,,approved,agendalx,229652,https://www.agendalx.pt/wp-json/agendalx/v1/events,0184894a238c8490c7606d9b0d6eb3ea0119e6fe
Passeios Bike a Wish,2026-03-14,2026-12-31,Bike a Wish,"Rua das Fontaínhas a S. Lourenço, 29, 1100-246, Lisboa",Lisboa,https://www.agendalx.pt/wp-json/agendalx/v1/events,https://www.agendalx.pt/content/uploads/2018/07/bikeawish.jpg,visitas guiadas,,,,approved,agendalx,2970,https://www.agendalx.pt/wp-json/agendalx/v1/events,88b086225abe4b958e21fadfa7b42134aca69892
Visitas ao Palácio Alverca | Casa do Alentejo,2026-03-14,2026-12-31,Casa do Alentejo,"Rua das Portas de Santo Antão, 58, 1150-265, Lisboa",Lisboa,https://www.agendalx.pt/wp-json/agendalx/v1/events,https://www.agendalx.pt/content/uploads/2024/10/patio-arabe-scaled.jpg,visitas guiadas,,,"a:2:{i:0;a:1:{s:5:""value"";s:1:""5"";}i:1;a:2:{s:5:""value"";s:1:""3"";s:11:""description"";s:20:""residentes nacionais"";}}",approved,agendalx,17817,https://www.agendalx.pt/wp-json/agendalx/v1/events,05b3c8a070a4e90a57249cfb58777d4a706d3e99
A Princesa da Neve,2026-03-14,2026-03-28,Academia de Santo Amaro,"Rua da Academia de Santo Amaro, nº 9, 1300-001, Lisboa",Lisboa,https://www.agendalx.pt/wp-json/agendalx/v1/events,https://www.agendalx.pt/content/uploads/2025/10/Sem-Titulo-2.png,teatro,,,,approved,agendalx,221908,https://www.agendalx.pt/wp-json/agendalx/v1/events,68945fd647a5bb2111d3e339fb5e090caba120d9
Festival Criasons,2026-03-14,2026-03-28,Biblioteca Camões,"Largo do Calhariz, 17 -1º Esq, 1200-086, Lisboa",Lisboa,https://www.agendalx.pt/wp-json/agendalx/v1/events,https://www.agendalx.pt/content/uploads/2025/12/Foto-de-Patricia-Santos-Pinto-I-1-1600x1067-1.jpg,"literatura, música",,,free,approved,agendalx,227522,https://www.agendalx.pt/wp-json/agendalx/v1/events,d88b2412fa44f913e4942ab44f26bf32646eb11e
Tasting Fado,2026-03-14,2026-12-19,Teatro Tivoli BBVA,"Avenida da Liberdade, 182 A, 1250-146, Lisboa",Lisboa,https://www.agendalx.pt/wp-json/agendalx/v1/events,https://www.agendalx.pt/content/uploads/2018/12/fotos-tasting-400x400-10.jpg,visitas guiadas,,,"a:1:{i:0;a:1:{s:5:""value"";s:2:""22"";}}",approved,agendalx,9303,https://www.agendalx.pt/wp-json/agendalx/v1/events,8171ea0ef1931fe78d6c6e35c630a20c50a9dd66
Eustache & Garrel – Os inclassificáveis do cinema francês,2026-03-14,2026-03-18,Cinema Nimas,"Avenida 5 de Outubro 42B, 1050-053, Lisboa",Lisboa,https://www.agendalx.pt/wp-json/agendalx/v1/events,https://www.agendalx.pt/content/uploads/2026/02/ciclo-copy-2.jpg,cinema,,,,approved,agendalx,230607,https://www.agendalx.pt/wp-json/agendalx/v1/events,4554c28443174f1c25f4eb0dd467908809acd02b
Cinepop,2026-03-15,2026-04-12,Fórum Lisboa - Casa da Cidadania,"Avenida de Roma, 14L, 1000-143, Lisboa",Lisboa,https://www.agendalx.pt/wp-json/agendalx/v1/events,https://www.agendalx.pt/content/uploads/2026/03/TT0102685_PGM_A.jpg,cinema,,,,approved,agendalx,221344,https://www.agendalx.pt/wp-json/agendalx/v1/events,8d45690af5d20268e93642c2433a0b5ce8f25c79
Os Direitos Humanos e a Constituição,2026-03-15,2026-03-15,,,Lisboa,https://www.agendalx.pt/wp-json/agendalx/v1/events,https://www.agendalx.pt/content/uploads/2026/02/Imagem1-10.jpg,,,,free,approved,agendalx,231270,https://www.agendalx.pt/wp-json/agendalx/v1/events,069b36601ee5d53145cee6543f963047c644ed3a
Live Sessions by indiemusic.pt,2026-03-15,2026-04-26,Pensão Amor,"Rua do Alecrim, 19, 1200-292 Lisboa, 1200-052, Lisboa",Lisboa,https://www.agendalx.pt/wp-json/agendalx/v1/events,https://www.agendalx.pt/content/uploads/2025/11/Foto-Marco-Oliveira.jpeg,música,,,,approved,agendalx,231528,https://www.agendalx.pt/wp-json/agendalx/v1/events,163537f025d442f75632d39953fb959aa188a621
Uma Lisboa de múltiplas confissões,2026-03-15,2026-03-15,Museu de Lisboa - Palácio Pimenta,"Campo Grande 245, 1700-162, Lisboa",Lisboa,https://www.agendalx.pt/wp-json/agendalx/v1/events,https://www.agendalx.pt/content/uploads/2026/02/Uma-Lisboa-de-multiplas-confissoes-2-@-EGEAC-Jose-Frade.jpg,visitas guiadas,,,"a:1:{i:0;a:1:{s:5:""value"";s:1:""5"";}}",approved,agendalx,231733,https://www.agendalx.pt/wp-json/agendalx/v1/events,5834c670758d91b67271b3779bec56703c489749
A Ordem Notável do Dia do Pai,2026-03-15,2026-03-15,Museu do Tesouro Real,"Largo da Ajuda, 1349-021, Lisboa",Lisboa,https://www.agendalx.pt/wp-json/agendalx/v1/events,https://www.agendalx.pt/content/uploads/2026/02/37.png,visitas guiadas,,,"a:3:{i:0;a:2:{s:5:""value"";s:5:""24,50"";s:11:""description"";s:17:""adulto e criança"";}i:1;a:2:{s:5:""value"";s:2:""11"";s:11:""description"";s:12:""adulto extra"";}i:2;a:2:{s:5:""value"";s:4:""7,50"";s:11:""description"";s:14:""criança extra"";}}",approved,agendalx,231760,https://www.agendalx.pt/wp-json/agendalx/v1/events,b5d1ebf1ad5aa7ca0778e67ca1624601191f4134
AperiFestas 2026,2026-03-15,2026-04-04,Casa Capitão,"Rua do Grilo, 119, 1950-144, Lisboa",Lisboa,https://www.agendalx.pt/wp-json/agendalx/v1/events,https://www.agendalx.pt/content/uploads/2026/03/aperi.webp,"cinema, feiras, música",,,,approved,agendalx,232368,https://www.agendalx.pt/wp-json/agendalx/v1/events,bd6e0c390895337ea50ee7fc867a8e18d8869953
Visita ao Parque Botânico do Monteiro-Mor,2026-03-15,2026-03-15,Parque Botânico do Monteiro-Mor,"Largo Júlio Castilho, 1600-483, Lisboa",Lisboa,https://www.agendalx.pt/wp-json/agendalx/v1/events,https://www.agendalx.pt/content/uploads/2021/08/01BotanicoMonteiro-1.jpg,visitas guiadas,,,,approved,agendalx,232518,https://www.agendalx.pt/wp-json/agendalx/v1/events,3f65a13ec8e32257cd3ff97bf3626f9b20e30943
A mala das viagens imaginárias,2026-03-15,2026-03-15,Prosa - Plataforma Cultural,"Rua Alves Torgo, 8, 1000-033 Lisboa",Lisboa,https://www.agendalx.pt/wp-json/agendalx/v1/events,https://www.agendalx.pt/content/uploads/2026/03/Flux_Dev_cinematic_keyframe13_anime_keyframe12_A_mysterious_ol_2.webp,literatura,,,,approved,agendalx,232611,https://www.agendalx.pt/wp-json/agendalx/v1/events,9b70c8190cba1b9d7b07307d617d13157abd08ee
Tapetes em Flor,2026-03-15,2026-03-15,Palácio Nacional da Ajuda,"Largo da Ajuda, 1300, Lisboa",Lisboa,https://www.agendalx.pt/wp-json/agendalx/v1/events,https://www.agendalx.pt/content/uploads/2026/03/Tapetes-em-Flor-Tecelagem-Manual.jpg,artes,,,,approved,agendalx,232606,https://www.agendalx.pt/wp-json/agendalx/v1/events,3a73ce1ba3956ee7418deb28bf219eeb839853b4
'Le Parc' de Angelin Preljocaj/ Ópera de Paris,2026-03-15,2026-03-15,Cinema City - Campo Pequeno,"Centro Comercial, Campo Pequeno, 1000-082, Lisboa",Lisboa,https://www.agendalx.pt/wp-json/agendalx/v1/events,https://www.agendalx.pt/content/uploads/2026/02/le-parc.jpg,dança,,,,approved,agendalx,231767,https://www.agendalx.pt/wp-json/agendalx/v1/events,be4a23b087d5d1042f2388ecd8e22ee810f40ee9
Cabeça Coletiva,2026-03-15,2026-06-30,Escola das Artes - Universidade Autónoma de Lisboa,"Rua Fernando Assis Pacheco, 207, 1350-300, Lisboa",Lisboa,https://www.agendalx.pt/wp-json/agendalx/v1/events,https://www.agendalx.pt/content/uploads/2026/03/cc_foto.jpg,artes,,,,approved,agendalx,232645,https://www.agendalx.pt/wp-json/agendalx/v1/events,5a13efb93d385329430244c63a9fea88634bc8fb
Leia Mulheres Lisboa,2026-03-15,2026-03-15,Museu do Aljube – Resistência e Liberdade,"Rua de Augusto Rosa, 42, 1100-532, Lisboa",Lisboa,https://www.agendalx.pt/wp-json/agendalx/v1/events,https://www.agendalx.pt/content/uploads/2026/03/Agustina.jpg,literatura,,,free,approved,agendalx,232552,https://www.agendalx.pt/wp-json/agendalx/v1/events,c601d2a2215a3011588f68f1e247f0a302dc8872
A Casinha de Chocolate,2026-03-15,2026-03-29,Boutique da Cultura - Um Teatro em Cada Bairro,"Avenida Colégio Militar, 1500-187, Lisboa",Lisboa,https://www.agendalx.pt/wp-json/agendalx/v1/events,https://www.agendalx.pt/content/uploads/2026/02/casinha-02_orig.jpg,teatro,,,,approved,agendalx,231863,https://www.agendalx.pt/wp-json/agendalx/v1/events,0a1efe38e34ac646db727e9c91c602a2c45f1d3c
"Folha em branco, tela cheia",2026-03-15,2026-03-15,Casa da Achada – Centro Mário Dionísio,"Rua da Achada, 11, r/c, 1100-236, Lisboa",Lisboa,https://www.agendalx.pt/wp-json/agendalx/v1/events,https://www.agendalx.pt/content/uploads/2026/03/Mario-Dionisio.jpg,"artes, literatura",,,free,approved,agendalx,232829,https://www.agendalx.pt/wp-json/agendalx/v1/events,a142e42c056786ef56526496239f7700c34fac55
Pum Pum Dá! Dá!,2026-03-15,2026-03-29,Boutique da Cultura - Um Teatro em Cada Bairro,"Avenida Colégio Militar, 1500-187, Lisboa",Lisboa,https://www.agendalx.pt/wp-json/agendalx/v1/events,https://www.agendalx.pt/content/uploads/2025/04/Sem-Titulo-2.png,teatro,,,,approved,agendalx,212539,https://www.agendalx.pt/wp-json/agendalx/v1/events,0ccc9d7d631575d374256f3ddc18bb447b224c74
Có Có Ró Có Có,2026-03-15,2026-03-29,Boutique da Cultura - Um Teatro em Cada Bairro,"Avenida Colégio Militar, 1500-187, Lisboa",Lisboa,https://www.agendalx.pt/wp-json/agendalx/v1/events,https://www.agendalx.pt/content/uploads/2025/04/ai-generated-9462150_1280.webp,teatro,,,,approved,agendalx,212546,https://www.agendalx.pt/wp-json/agendalx/v1/events,661d219d4df98ff4b3795cbc63681dcffb4f7dcf
'City Lights' de C. Chaplin,2026-03-15,2026-03-15,Teatro Camões,"Parque das Nações, Passeio de Neptuno, 1990, Lisboa",Lisboa,https://www.agendalx.pt/wp-json/agendalx/v1/events,https://www.agendalx.pt/content/uploads/2026/02/city-lights.png,"cinema, música",,,"a:1:{i:0;a:1:{s:5:""value"";s:11:""20 € a 30"";}}",approved,agendalx,230454,https://www.agendalx.pt/wp-json/agendalx/v1/events,de3c6881be637e8f1c9db845eac13a5b6a741937
Postcards - CANCELADO!,2026-03-15,2026-03-15,Casa Capitão,"Rua do Grilo, 119, 1950-144, Lisboa",Lisboa,https://www.agendalx.pt/wp-json/agendalx/v1/events,https://www.agendalx.pt/content/uploads/2026/02/postcards.jpg,música,,,"a:1:{i:0;a:1:{s:5:""value"";s:2:""13"";}}",approved,agendalx,231071,https://www.agendalx.pt/wp-json/agendalx/v1/events,15a728545c4cc720d8a16599007929ff2dcf745c
Akai e Koku,2026-03-15,2026-03-15,Casa do Coreto,"R. Neves Costa, 45, 1600-532, Lisboa",Lisboa,https://www.agendalx.pt/wp-json/agendalx/v1/events,https://www.agendalx.pt/content/uploads/2026/01/E1.jpg,teatro,,,"a:3:{i:0;a:2:{s:5:""value"";s:2:""15"";s:11:""description"";s:19:""adulto + 1 criança"";}i:1;a:2:{s:5:""value"";s:4:""9,50"";s:11:""description"";s:6:""adulto"";}i:2;a:2:{s:5:""value"";s:3:""7,5"";s:11:""description"";s:8:""criança"";}}",approved,agendalx,229647,https://www.agendalx.pt/wp-json/agendalx/v1/events,e6a62d6a95ba21eee9331649db0247a828dbb8bf
Mário Soares. Portugal: Que Revolução?,2026-03-16,2026-05-29,Fundação Mário Soares e Maria Barroso,"Rua de São Bento, 176, 1200-821 Lisboa, 1200-816, Lisboa",Lisboa,https://www.agendalx.pt/wp-json/agendalx/v1/events,https://www.agendalx.pt/content/uploads/2025/11/mario.png,ciências,,,free,approved,agendalx,225869,https://www.agendalx.pt/wp-json/agendalx/v1/events,548c8ccf27010a6e3eaf76e4acc160d1c9311704
Teresa Cortez e Inês Melo,2026-03-16,2026-04-30,Edifício Central do Município,"Campo Grande, 25, 1600-922, Lisboa",Lisboa,https://www.agendalx.pt/wp-json/agendalx/v1/events,https://www.agendalx.pt/content/uploads/2026/02/Imagem1-17.jpg,artes,,,free,approved,agendalx,231812,https://www.agendalx.pt/wp-json/agendalx/v1/events,d273b563b43a48c7ba25a40354947a0c0e03f06b
A Nordeste do Nordeste,2026-03-16,2026-04-10,Casa da América Latina,"Casa das Galeotas, Avenida da Índia, 110, 1300-300, Lisboa",Lisboa,https://www.agendalx.pt/wp-json/agendalx/v1/events,https://www.agendalx.pt/content/uploads/2026/01/WhatsApp-Image-2026-01-05-at-17.21.45.jpeg,artes,,,free,approved,agendalx,228789,https://www.agendalx.pt/wp-json/agendalx/v1/events,8ed53c59ac6ac57d742aa050aae4854851017f42
Maria Caroço,2026-03-16,2026-04-10,Casa da Cidadania de São Domingos de Benfica,"Estrada de Benfica, 417 A, 1500-078 Lisboa, Lisboa",Lisboa,https://www.agendalx.pt/wp-json/agendalx/v1/events,https://www.agendalx.pt/content/uploads/2026/02/Img-Maria-Caroco.jpg,artes,,,,approved,agendalx,231914,https://www.agendalx.pt/wp-json/agendalx/v1/events,13168d2db613e7354fbb0f87f5329dfead16602c
My Mind is Not a Cage,2026-03-16,2026-04-10,Nave,"Travessa do Noronha, 11 B, 1250-168 Lisboa, Lisboa",Lisboa,https://www.agendalx.pt/wp-json/agendalx/v1/events,https://www.agendalx.pt/content/uploads/2026/01/Katherinne-Fiedler_En-algun-lugar.jpg,artes,,,,approved,agendalx,228895,https://www.agendalx.pt/wp-json/agendalx/v1/events,a3d41eeb69cd088c97834b350eec52cf427c130b
André Semblano,2026-03-16,2026-03-27,Fórum Grandela,"Estrada de Benfica, 419, 1500-078 Lisboa, Lisboa",Lisboa,https://www.agendalx.pt/wp-json/agendalx/v1/events,https://www.agendalx.pt/content/uploads/2026/02/Andre-Semblano-1.jpg,artes,,,,approved,agendalx,231917,https://www.agendalx.pt/wp-json/agendalx/v1/events,7b0da29d0da91fc31d5aec0eaf0a2a870180e482
Estelle Valente,2026-03-16,2026-05-08,Estúdios Victor Córdon,"R. Vítor Cordon 20, 1200-442",Lisboa,https://www.agendalx.pt/wp-json/agendalx/v1/events,https://www.agendalx.pt/content/uploads/2026/01/REMANENCE.jpg,artes,,,free,approved,agendalx,228921,https://www.agendalx.pt/wp-json/agendalx/v1/events,6b89b7588c82a7730d6937360b057e0423f26237
Mário Gomes,2026-03-16,2026-09-30,Loja de Cidadão do Saldanha,"Mercado 31 de Janeiro, Rua Eng. Vieira da Silva, 1º Piso, 1050-094, Lisboa",Lisboa,https://www.agendalx.pt/wp-json/agendalx/v1/events,https://www.agendalx.pt/content/uploads/2026/02/Imagem1-18.jpg,artes,,,free,approved,agendalx,231993,https://www.agendalx.pt/wp-json/agendalx/v1/events,9f3c608ffc90472a8cddca603ee8448d0c71940e
Cecília Costa e José Loureiro,2026-03-16,2026-03-27,Galeria da Imprensa Nacional,"Rua da Escola Politécnica, 135, 1250-100, Lisboa",Lisboa,https://www.agendalx.pt/wp-json/agendalx/v1/events,https://www.agendalx.pt/content/uploads/2026/01/Cecilia-Costa_TS4_2025_300dpi-Copia.jpg,artes,,,free,approved,agendalx,229581,https://www.agendalx.pt/wp-json/agendalx/v1/events,1cf13ed0d4cd6dab3acc9b371dc7e9f6c7e2d4a5
João Fazenda,2026-03-16,2026-04-24,Casa da Imprensa,"Rua da Horta Seca, 20, 1200-170, Lisboa",Lisboa,https://www.agendalx.pt/wp-json/agendalx/v1/events,https://www.agendalx.pt/content/uploads/2026/03/Joao-Fazenda.png,artes,,,free,approved,agendalx,232548,https://www.agendalx.pt/wp-json/agendalx/v1/events,a82c62c2dad3c459e594af5fad0226c462d80790
Homenagem à Obra Artística de Magalhães Filho,2026-03-16,2026-04-30,SPGL - Sindicato dos Professores da Grande Lisboa,"Espaço António Borges Coelho, Rua Fialho de Almeida, 3, 1070-095 Lisboa, Lisboa",Lisboa,https://www.agendalx.pt/wp-json/agendalx/v1/events,https://www.agendalx.pt/content/uploads/2026/01/IMG_4278-2-scaled-e1769780152506.jpg,artes,,,free,approved,agendalx,230205,https://www.agendalx.pt/wp-json/agendalx/v1/events,c42a6a9b6f26014582458fe4c637588cf471431f
Semana da Primavera,2026-03-16,2026-03-21,Parque Florestal de Monsanto - Centro de Interpretação de Monsanto,"Estrada do Barcal, Monte das Perdizes, 1500, Lisboa",Lisboa,https://www.agendalx.pt/wp-json/agendalx/v1/events,https://www.agendalx.pt/content/uploads/2026/03/Semana_Primavera_mar26.webp,"artes, ciências, dança, visitas guiadas",,,free,approved,agendalx,232686,https://www.agendalx.pt/wp-json/agendalx/v1/events,c82c48d153eb59881b2dcc65d4cad0013fff6f5b
Tiny Monsters por MCD,2026-03-16,2026-03-31,Kirerah – Galeria de Arte,"Avenida Luís Bivar, 40C, 1050-145, Lisboa",Lisboa,https://www.agendalx.pt/wp-json/agendalx/v1/events,https://www.agendalx.pt/content/uploads/2026/01/Divulgacao-01.jpeg,artes,,,,approved,agendalx,230293,https://www.agendalx.pt/wp-json/agendalx/v1/events,41113a1497fe1698079127aec7ed049a5345f9d3
Sessões de cinema no Turim,2026-03-16,2026-03-16,Turim - Um Teatro em Cada Bairro,"Estrada de Benfica, nº 723 A, 1500-088 Lisboa, 1500-109, Lisboa",Lisboa,https://www.agendalx.pt/wp-json/agendalx/v1/events,https://www.agendalx.pt/content/uploads/2026/02/4238_D005_00229_R-scaled.jpg,cinema,,,,approved,agendalx,231026,https://www.agendalx.pt/wp-json/agendalx/v1/events,83422304e83739c52ca3b80f2bb73120285f1a04
Vasco Olino,2026-03-16,2026-05-29,Escola das Artes - Universidade Autónoma de Lisboa,"Rua Fernando Assis Pacheco, 207, 1350-300, Lisboa",Lisboa,https://www.agendalx.pt/wp-json/agendalx/v1/events,https://www.agendalx.pt/content/uploads/2026/02/dddd.jpg,artes,,,free,approved,agendalx,231172,https://www.agendalx.pt/wp-json/agendalx/v1/events,ef898bf6e64fa69764a5ef83551388e7b79cd2ff
Conceição Abreu,2026-03-16,2026-03-27,Biblioteca Camões,"Largo do Calhariz, 17 -1º Esq, 1200-086, Lisboa",Lisboa,https://www.agendalx.pt/wp-json/agendalx/v1/events,https://www.agendalx.pt/content/uploads/2026/02/PlanosDaPaisagem_ConceicaoAbreu-scaled.jpg,artes,,,free,approved,agendalx,231514,https://www.agendalx.pt/wp-json/agendalx/v1/events,fcbea659eea748528e9b84b1cbb3230ec4dc2c93
Alunos da ETIC,2026-03-16,2026-03-27,Biblioteca dos Coruchéus,"Rua Alberto Oliveira, 1700-019, Lisboa",Lisboa,https://www.agendalx.pt/wp-json/agendalx/v1/events,https://www.agendalx.pt/content/uploads/2026/02/imagem_LisboaSemIdade-scaled.jpg,artes,,,free,approved,agendalx,231518,https://www.agendalx.pt/wp-json/agendalx/v1/events,f9dd4fd429fbd2118af952742c05874cc73ddc3c
Itinerários de Lisboa,2026-03-16,2026-04-28,Divisão de Promoção e Comunicação Cultural,"Rua da Boavista, 9, 1200-066, Lisboa",Lisboa,https://www.agendalx.pt/wp-json/agendalx/v1/events,https://www.agendalx.pt/content/uploads/2018/09/itinerarios.jpg,visitas guiadas,,,"a:3:{i:0;a:2:{s:5:""value"";s:4:""4,35"";s:11:""description"";s:26:""Bilhete simples (1 visita)"";}i:1;a:2:{s:5:""value"";s:4:""7,24"";s:11:""description"";s:41:""Bilhete duplo (2 visitas ou duas pessoas)"";}i:2;a:2:{s:5:""value"";s:5:""29,20"";s:11:""description"";s:23:""Voucher 10 Itinerários"";}}",approved,agendalx,5922,https://www.agendalx.pt/wp-json/agendalx/v1/events,00bd61c1a872c7306e626e6e728b6e506eeb5ab7
Tanisha Raj,2026-03-16,2026-03-24,28Art Gallery,"Rua Madre Teresa de Calcutá, 9, 1950-127, Lisboa",Lisboa,https://www.agendalx.pt/wp-json/agendalx/v1/events,https://www.agendalx.pt/content/uploads/2026/02/Imagem1-15.jpg,artes,,,free,approved,agendalx,231603,https://www.agendalx.pt/wp-json/agendalx/v1/events,46be56487b5365808fbd0a628c47f93d10ea46b3
Visitas Comentadas,2026-03-16,2026-04-30,Divisão de Promoção e Comunicação Cultural,"Rua da Boavista, 9, 1200-066, Lisboa",Lisboa,https://www.agendalx.pt/wp-json/agendalx/v1/events,https://www.agendalx.pt/content/uploads/2018/09/visitas.jpg,visitas guiadas,,,free,approved,agendalx,5941,https://www.agendalx.pt/wp-json/agendalx/v1/events,145240c26b81aa61b47ebfa04573fdf9a8c8131b
Quando a Terra Voltou a ser Mar,2026-03-16,2026-03-23,Espaço Santa Catarina,"Largo Doutor António de Sousa Macedo, 7, 1200-109, Lisboa",Lisboa,https://www.agendalx.pt/wp-json/agendalx/v1/events,https://www.agendalx.pt/content/uploads/2026/02/1000215119.jpg,artes,,,,approved,agendalx,231623,https://www.agendalx.pt/wp-json/agendalx/v1/events,69f062dcbe21fafaed80ebc2b34d489496cdf1fe
Rita GT,2026-03-16,2026-06-02,ZET Galeria de Arte,"Rua da Prata, 176, 1100-619, Lisboa",Lisboa,https://www.agendalx.pt/wp-json/agendalx/v1/events,https://www.agendalx.pt/content/uploads/2026/02/PAULO-MENDES-ARCHIVE-STUDIO-_-EDITORIA-_-RITA-GT_-23_CF096748.jpeg,artes,,,free,approved,agendalx,231804,https://www.agendalx.pt/wp-json/agendalx/v1/events,4c77d901e764007faecc3d9d5a3465940872b6ec
Visitas guiadas ao Tribunal Constitucional,2026-03-16,2026-12-28,Tribunal Constitucional | Palácio Ratton,"Rua de O Século, 111, 1249-117, Lisboa",Lisboa,https://www.agendalx.pt/wp-json/agendalx/v1/events,https://www.agendalx.pt/content/uploads/2023/01/Tribunal-Constitucional4_Creditos-ClaudiaTeixeira-e-Hugo-Silva-scaled.jpg,visitas guiadas,,,,approved,agendalx,83962,https://www.agendalx.pt/wp-json/agendalx/v1/events,afcb3cf82403e59b77b01267638727bc7e3bb58e
Pilar Megias,2026-03-16,2026-03-19,Galeria Beltrão Coelho,"Rua Sarmento Beires, 3A, 1900-221, Lisboa",Lisboa,https://www.agendalx.pt/wp-json/agendalx/v1/events,https://www.agendalx.pt/content/uploads/2026/02/168.png,artes,,,,approved,agendalx,231808,https://www.agendalx.pt/wp-json/agendalx/v1/events,ef3ca5155594afedabc63e5d37418e326a6e27e4
"Jean Renoir, le patron",2026-03-16,2026-03-16,Cinema Nimas,"Avenida 5 de Outubro 42B, 1050-053, Lisboa",Lisboa,https://www.agendalx.pt/wp-json/agendalx/v1/events,https://www.agendalx.pt/content/uploads/2026/02/o-crime-do-sr-lange.jpg,cinema,,,"a:1:{i:0;a:2:{s:5:""value"";s:1:""8"";s:11:""description"";s:41:""preço normal (ver descontos aplicáveis)"";}}",approved,agendalx,230876,https://www.agendalx.pt/wp-json/agendalx/v1/events,764bfafb6c16719080c0f4bcbbab48cc5d1aeaf0
Março no Avenidas,2026-03-16,2026-03-31,Avenidas - Um Teatro em Cada Bairro,"Rua Alberto de Sousa, 10 A, 1600-002, Lisboa",Lisboa,https://www.agendalx.pt/wp-json/agendalx/v1/events,https://www.agendalx.pt/content/uploads/2026/02/Avenidas.jpg,,,,free,approved,agendalx,232136,https://www.agendalx.pt/wp-json/agendalx/v1/events,920fb8838ef703e7109bbbddc076a24e840e577b
As Três Tauromaquias: Arte e Tragédia,2026-03-16,2026-04-30,Instituto Cervantes,"Rua de Santa Marta, 43 F, 1169-119, Lisboa",Lisboa,https://www.agendalx.pt/wp-json/agendalx/v1/events,https://www.agendalx.pt/content/uploads/2026/01/despues_de_dali_f_fdez_banner.jpg,artes,,,,approved,agendalx,230009,https://www.agendalx.pt/wp-json/agendalx/v1/events,aaa18cfbf34111abb17228350268954dced4bff1
In memoriam Glória de Matos,2026-03-16,2026-03-17,Cinemateca Portuguesa - Museu do Cinema,"Rua Barata Salgueiro 39, 1250-096, Lisboa",Lisboa,https://www.agendalx.pt/wp-json/agendalx/v1/events,https://www.agendalx.pt/content/uploads/2026/02/benilde-grande.jpg,cinema,,,,approved,agendalx,231944,https://www.agendalx.pt/wp-json/agendalx/v1/events,4c05e7ac63979233e48344825616182fbdb0db4d
Inatel Frequência 440,2026-03-16,2026-03-17,Teatro da Trindade INATEL,"Rua Nova da Trindade, 9, 1200-301, Lisboa",Lisboa,https://www.agendalx.pt/wp-json/agendalx/v1/events,https://www.agendalx.pt/content/uploads/2026/02/Inatel-Freq-440.jpg,música,,,"a:1:{i:0;a:1:{s:5:""value"";s:11:""10 € a 15"";}}",approved,agendalx,231197,https://www.agendalx.pt/wp-json/agendalx/v1/events,d02a64bd26e8753253461a05bce3bc0a2bea9d09
A alegria do mundo toda inteirinha numa tela,2026-03-16,2026-03-30,Casa da Achada – Centro Mário Dionísio,"Rua da Achada, 11, r/c, 1100-236, Lisboa",Lisboa,https://www.agendalx.pt/wp-json/agendalx/v1/events,https://www.agendalx.pt/content/uploads/2026/02/lustforlife1.jpg,cinema,,,free,approved,agendalx,230965,https://www.agendalx.pt/wp-json/agendalx/v1/events,7571432ab18c5746b465075c23987648eb4325bc
Dona Margarida,2026-03-16,2026-03-24,Boutique da Cultura - Um Teatro em Cada Bairro,"Avenida Colégio Militar, 1500-187, Lisboa",Lisboa,https://www.agendalx.pt/wp-json/agendalx/v1/events,https://www.agendalx.pt/content/uploads/2026/01/Dona-Margarida.png,teatro,,,"a:1:{i:0;a:1:{s:5:""value"";s:2:""10"";}}",approved,agendalx,228320,https://www.agendalx.pt/wp-json/agendalx/v1/events,ff990afd592aa4a15ae40064fd6c226607763ced
"Lisboa, Capital da Intriga Internacional",2026-03-16,2026-03-31,Casa do Comum do Bairro Alto,"Rua da Rosa, 285, 1200-408, Lisboa",Lisboa,https://www.agendalx.pt/wp-json/agendalx/v1/events,https://www.agendalx.pt/content/uploads/2026/02/lisbon.jpg,"ciências, cinema, visitas guiadas",,,"a:1:{i:0;a:2:{s:5:""value"";s:4:""3,20"";s:11:""description"";s:66:""preço normal (sessões na Cinemateca - ver descontos aplicáveis)"";}}",approved,agendalx,231361,https://www.agendalx.pt/wp-json/agendalx/v1/events,b78f937ab6d504378e917777f60630e2ffe8ce91
Manuel Chavajay,2026-03-17,2026-04-01,Galeria Pedro Cera,"Rua do Patrocínio 67E, 1350-229, Lisboa",Lisboa,https://www.agendalx.pt/wp-json/agendalx/v1/events,https://www.agendalx.pt/content/uploads/2026/01/dddd-3.jpg,artes,,,,approved,agendalx,230057,https://www.agendalx.pt/wp-json/agendalx/v1/events,482acd055dcdc511cef9e5d69cbc9e5df7394c62
Make Ceramic Great Again,2026-03-17,2026-05-14,Cabana Mad,"Rua da Misericórdia, 66 - 1º Dto., 1200-273, Lisboa",Lisboa,https://www.agendalx.pt/wp-json/agendalx/v1/events,https://www.agendalx.pt/content/uploads/2026/02/dddd-4-scaled.jpg,artes,,,,approved,agendalx,231500,https://www.agendalx.pt/wp-json/agendalx/v1/events,7b60e173e915ab3d2a91f1fb15b2746b62410d8d
Portuguese and play,2026-03-17,2026-03-31,Amora Estúdio,"Rua Paio Peres Correia, 27B, 1900-191, Lisboa",Lisboa,https://www.agendalx.pt/wp-json/agendalx/v1/events,https://www.agendalx.pt/content/uploads/2026/02/Early-bird-tips.png,artes,,,"a:1:{i:0;a:1:{s:5:""value"";s:2:""10"";}}",approved,agendalx,231899,https://www.agendalx.pt/wp-json/agendalx/v1/events,008d0239fc5b2da64c0fe966d710af3ba427d6ba
Visita à Biblioteca São Lázaro,2026-03-17,2026-03-17,Biblioteca São Lázaro,"Rua do Saco, 1, 1150-199, Lisboa",Lisboa,https://www.agendalx.pt/wp-json/agendalx/v1/events,https://www.agendalx.pt/content/uploads/2024/03/DSC04263-1-1536x864-1.jpg,visitas guiadas,,,free,approved,agendalx,188113,https://www.agendalx.pt/wp-json/agendalx/v1/events,ce16e5c6af7058f24729e79ed56dc977c13d2706
Visitas temáticas à Casa Ásia-Coleção Francisco Capelo,2026-03-17,2026-03-31,Casa Ásia - Coleção Francisco Capelo,"Largo Trindade Coelho, 22, 1200-265, Lisboa",Lisboa,https://www.agendalx.pt/wp-json/agendalx/v1/events,https://www.agendalx.pt/content/uploads/2024/09/Visitas-guiadas-Casa-Asia-Colecao-Francisco-Capelo-scaled.jpg,visitas guiadas,,,"a:1:{i:0;a:1:{s:5:""value"";s:2:""12"";}}",approved,agendalx,199051,https://www.agendalx.pt/wp-json/agendalx/v1/events,7104ced4770552fbef654309e1e53c9e661ec0fa
À descoberta da Biblioteca Palácio Galveias,2026-03-17,2026-07-28,Biblioteca Palácio Galveias,"Campo Pequeno, Lisboa",Lisboa,https://www.agendalx.pt/wp-json/agendalx/v1/events,https://www.agendalx.pt/content/uploads/2025/12/biblioteca-galveias__ALA9342.jpg,visitas guiadas,,,free,approved,agendalx,227640,https://www.agendalx.pt/wp-json/agendalx/v1/events,1bed03cbfa625e08b88b97e4931f1069d1776380
Lá,2026-03-17,2026-03-25,Boutique da Cultura - Um Teatro em Cada Bairro,"Avenida Colégio Militar, 1500-187, Lisboa",Lisboa,https://www.agendalx.pt/wp-json/agendalx/v1/events,https://www.agendalx.pt/content/uploads/2026/01/la.jpg,teatro,,,"a:1:{i:0;a:1:{s:5:""value"";s:2:""10"";}}",approved,agendalx,228323,https://www.agendalx.pt/wp-json/agendalx/v1/events,9ed6523b77d2ee5bc5e61735b84385ee2d9bfc1e
Concerto delle donne,2026-03-17,2026-03-17,Academia das Ciências de Lisboa,"Rua da Academia das Ciências, 19, 1249-122, Lisboa",Lisboa,https://www.agendalx.pt/wp-json/agendalx/v1/events,https://www.agendalx.pt/content/uploads/2024/10/Academia-das-Ciencias.jpg,música,,,"a:1:{i:0;a:1:{s:5:""value"";s:12:""7,5 € a 15"";}}",approved,agendalx,230466,https://www.agendalx.pt/wp-json/agendalx/v1/events,083a99279c3df2691881075ff727c497c234d6ab
No melhor chá cai a mosca,2026-03-17,2026-04-01,Culturgest,"Rua Arco do Cego, 50, 1000-020, Lisboa",Lisboa,https://www.agendalx.pt/wp-json/agendalx/v1/events,https://www.agendalx.pt/content/uploads/2026/02/culturgest.jpg,"ciências, literatura",,,free,approved,agendalx,232029,https://www.agendalx.pt/wp-json/agendalx/v1/events,98a3d30634dcb226b85209d76ca8ef11cf0e1595
Reservas visitáveis do Museu Nacional de Etnologia,2026-03-17,2026-12-31,Museu Nacional de Etnologia,"Avenida Ilha da Madeira, 1400, Lisboa",Lisboa,https://www.agendalx.pt/wp-json/agendalx/v1/events,https://www.agendalx.pt/content/uploads/2021/04/amazonia.jpg,"ciências, visitas guiadas",,,,approved,agendalx,82524,https://www.agendalx.pt/wp-json/agendalx/v1/events,67be4ecc273b5950c27f690d41df45a93167a802
Shortcutz Lisboa,2026-03-17,2026-07-28,Sociedade de Instrução Guilherme Cossoul,"Rua Nova da Piedade, 66, 1200-299 Lisboa, Lisboa",Lisboa,https://www.agendalx.pt/wp-json/agendalx/v1/events,https://www.agendalx.pt/content/uploads/2022/03/shortcutz.jpg,cinema,,,free,approved,agendalx,25707,https://www.agendalx.pt/wp-json/agendalx/v1/events,48b10a50e423b680531fe88bcaa8e7275267bee7
Ciclo de Cinema Ambiental II,2026-03-18,2026-09-02,Hub Criativo da Mouraria,"Travessa dos Lagares 1, 1100-495, Lisboa",Lisboa,https://www.agendalx.pt/wp-json/agendalx/v1/events,https://www.agendalx.pt/content/uploads/2025/11/estacoes1.jpg,cinema,,,free,approved,agendalx,227131,https://www.agendalx.pt/wp-json/agendalx/v1/events,5fe1bc1ea377e6076f336c1b8c1dcc5df733689b
Kino Wunderbar,2026-03-18,2026-12-16,Goethe-Institut,"Campo Mártires da Pátria, 37, 1150-225, Lisboa",Lisboa,https://www.agendalx.pt/wp-json/agendalx/v1/events,https://www.agendalx.pt/content/uploads/2026/03/edukadores_.jpg,cinema,,,,approved,agendalx,229764,https://www.agendalx.pt/wp-json/agendalx/v1/events,fb9c306f3720b0bc0823e115da6afec7a5a7ead7
Cinema Invisível,2026-03-18,2026-03-26,Fábrica Braço de Prata,"Rua da Fábrica do Material de Guerra, 1, 1950-128, Lisboa",Lisboa,https://www.agendalx.pt/wp-json/agendalx/v1/events,https://www.agendalx.pt/content/uploads/2026/03/Searching-For-Tirfas-5.png,cinema,,,"a:1:{i:0;a:1:{s:5:""value"";s:1:""4"";}}",approved,agendalx,232585,https://www.agendalx.pt/wp-json/agendalx/v1/events,8fe7c961800680d96da08e8ab65f596290aca633
A ilha da grande solidão,2026-03-18,2026-03-26,Boutique da Cultura - Um Teatro em Cada Bairro,"Avenida Colégio Militar, 1500-187, Lisboa",Lisboa,https://www.agendalx.pt/wp-json/agendalx/v1/events,https://www.agendalx.pt/content/uploads/2026/01/MONOLOGOS.jpg,teatro,,,"a:1:{i:0;a:1:{s:5:""value"";s:2:""10"";}}",approved,agendalx,228326,https://www.agendalx.pt/wp-json/agendalx/v1/events,6834f7c5f86ac2b2596368d7b094e131a126fef7
"Arte, Alimentação e Ambiente",2026-03-18,2026-03-18,MUDE - Museu do Design,"Rua Augusta, 24, 1100-053, Lisboa",Lisboa,https://www.agendalx.pt/wp-json/agendalx/v1/events,https://www.agendalx.pt/content/uploads/2026/02/ALimentacao.jpg,"artes, ciências",,,free,approved,agendalx,231654,https://www.agendalx.pt/wp-json/agendalx/v1/events,1a50956d80b69e6f0f8f423ce33629593cb55861
"Movie Experiments, Los Angeles",2026-03-18,2026-04-01,Pavilhão Julião Sarmento,"Avenida da Índia, 172, 1400-027, Lisboa",Lisboa,https://www.agendalx.pt/wp-json/agendalx/v1/events,https://www.agendalx.pt/content/uploads/2026/02/pasadena-freeways-stills-beydler.png,cinema,,,free,approved,agendalx,231181,https://www.agendalx.pt/wp-json/agendalx/v1/events,068275234fb8aba37d884bc8e744d38172dbaa08
Habitar o Mundo: Agora,2026-03-18,2026-03-18,Espaço 100,"Rua da Escola Politécnica, 100, 1250-026, Lisboa",Lisboa,https://www.agendalx.pt/wp-json/agendalx/v1/events,https://www.agendalx.pt/content/uploads/2026/03/LACC-HABITAR-MUNDO-01.jpg,ciências,,,free,approved,agendalx,232234,https://www.agendalx.pt/wp-json/agendalx/v1/events,5e042098a2059bf8d727fd755d36352a98538141
Todos Pássaros,2026-03-18,2026-03-29,São Luiz Teatro Municipal,"Rua António Maria Cardoso, 38, 1200-026, Lisboa",Lisboa,https://www.agendalx.pt/wp-json/agendalx/v1/events,https://www.agendalx.pt/content/uploads/2025/12/todos-passaros-vitorino_coragem.jpeg,teatro,,,"a:1:{i:0;a:2:{s:5:""value"";s:11:""12 € e 15"";s:11:""description"";s:41:""preço normal (ver descontos aplicáveis)"";}}",approved,agendalx,227913,https://www.agendalx.pt/wp-json/agendalx/v1/events,a799ef795131cb389ae09d420ba9a86513a7db2f
Concentus Musicus Wien,2026-03-18,2026-03-18,Centro Cultural de Belém,"Praça do Império, 1449-003, Lisboa",Lisboa,https://www.agendalx.pt/wp-json/agendalx/v1/events,https://www.agendalx.pt/content/uploads/2026/02/Concentus_5127creditolukasbeck.jpg,música,,,"a:1:{i:0;a:1:{s:5:""value"";s:10:""8 € a 40"";}}",approved,agendalx,231137,https://www.agendalx.pt/wp-json/agendalx/v1/events,3277152145215f46a90286215b3516f82b449afe
Chico César,2026-03-18,2026-03-18,Teatro Tivoli BBVA,"Avenida da Liberdade, 182 A, 1250-146, Lisboa",Lisboa,https://www.agendalx.pt/wp-json/agendalx/v1/events,https://www.agendalx.pt/content/uploads/2026/01/©-Ana-Lefaux-3.jpeg,música,,,"a:1:{i:0;a:1:{s:5:""value"";s:11:""25 € a 35"";}}",approved,agendalx,230058,https://www.agendalx.pt/wp-json/agendalx/v1/events,618db0915bce7135170a244d16313842f5058e4f
Ai que nervos!,2026-03-18,2026-04-29,Academia de Santo Amaro,"Rua da Academia de Santo Amaro, nº 9, 1300-001, Lisboa",Lisboa,https://www.agendalx.pt/wp-json/agendalx/v1/events,https://www.agendalx.pt/content/uploads/2026/03/Ai-que-nervos.jpg,teatro,,,"a:1:{i:0;a:1:{s:5:""value"";s:14:""10 € a 12,50"";}}",approved,agendalx,232257,https://www.agendalx.pt/wp-json/agendalx/v1/events,1bb33750cf35efcb3cacb1372863559c2deb52c2
'10 jovens artistas portugueses...',2026-03-19,2026-03-19,Fundação PLMJ,"Av. Fontes Pereira de Melo, 43, 1050-250, Lisboa",Lisboa,https://www.agendalx.pt/wp-json/agendalx/v1/events,https://www.agendalx.pt/content/uploads/2026/03/frame-do-video_hubspot.webp,cinema,,,,approved,agendalx,232597,https://www.agendalx.pt/wp-json/agendalx/v1/events,79edd79c6999f4e91d4ad786e5aa042b02edd9fd
Entre o Rio e o Mar,2026-03-19,2026-04-10,Galeria Ratton,"Rua Academia das Ciências, 2C, 1200-433, Lisboa",Lisboa,https://www.agendalx.pt/wp-json/agendalx/v1/events,https://www.agendalx.pt/content/uploads/2026/03/ddd-1-scaled.jpg,artes,,,,approved,agendalx,232701,https://www.agendalx.pt/wp-json/agendalx/v1/events,5403601f3e006362ada81b0b413d43efef4c388f
Valério Marques,2026-03-19,2026-03-21,Art Room,"Pátio do Tijolo, 1, 1250-096 Lisboa, Lisboa",Lisboa,https://www.agendalx.pt/wp-json/agendalx/v1/events,https://www.agendalx.pt/content/uploads/2026/03/Imagem1-4.jpg,artes,,,free,approved,agendalx,232708,https://www.agendalx.pt/wp-json/agendalx/v1/events,1338faff473fd5a4e64fb42280d7597f17e3dded
Celebrações do Dia Mundial da Poesia,2026-03-19,2026-03-22,Auditório da Biblioteca Orlando Ribeiro,"Antigo Solar da Nora, Estrada de Telheiras, 146, 1600-598, Lisboa",Lisboa,https://www.agendalx.pt/wp-json/agendalx/v1/events,https://www.agendalx.pt/content/uploads/2026/02/Feira-Livro-poesia-05.jpeg,literatura,,,free,approved,agendalx,231615,https://www.agendalx.pt/wp-json/agendalx/v1/events,f407ded9674b47b9e0e04d590e8b831163525d41
In memoriam João Canijo,2026-03-19,2026-03-19,Cinemateca Portuguesa - Museu do Cinema,"Rua Barata Salgueiro 39, 1250-096, Lisboa",Lisboa,https://www.agendalx.pt/wp-json/agendalx/v1/events,https://www.agendalx.pt/content/uploads/2026/02/Thumbnail.jpg,cinema,,,,approved,agendalx,231941,https://www.agendalx.pt/wp-json/agendalx/v1/events,70003f343035fd784e3d339c1691b8759fce6b87
Cisco Merel,2026-03-19,2026-05-30,Kunsthalle Lissabon,"Rua José Sobral Cid, 9E, 1900-312, Lisboa",Lisboa,https://www.agendalx.pt/wp-json/agendalx/v1/events,https://www.agendalx.pt/content/uploads/2026/02/La_Puerta_del_Sol-scaled.jpg,artes,,,,approved,agendalx,232058,https://www.agendalx.pt/wp-json/agendalx/v1/events,196e5eb5fe734c14ca647a6cd3f909fd2442b529
"Saúde Mental, Trabalho e Género",2026-03-19,2026-03-31,Avenidas - Um Teatro em Cada Bairro,"Rua Alberto de Sousa, 10 A, 1600-002, Lisboa",Lisboa,https://www.agendalx.pt/wp-json/agendalx/v1/events,https://www.agendalx.pt/content/uploads/2025/03/falling.jpg,cinema,,,free,approved,agendalx,232143,https://www.agendalx.pt/wp-json/agendalx/v1/events,95c59d0dc0f54a9efa4fdd00a4593408c190a2e8
Aging and the American Road,2026-03-19,2026-05-28,Faculdade de Ciências Sociais e Humanas da Universidade Nova de Lisboa,"Avenida de Berna 26C, 1069-061, Lisboa",Lisboa,https://www.agendalx.pt/wp-json/agendalx/v1/events,https://www.agendalx.pt/content/uploads/2021/04/01Nomadland-scaled.jpg,cinema,,,free,approved,agendalx,232146,https://www.agendalx.pt/wp-json/agendalx/v1/events,3ef1750f13facb6fe1c9c48c2c87c74c466b8b86
Quintas-feiras no Palácio,2026-03-19,2026-06-25,Palácio Nacional da Ajuda,"Largo da Ajuda, 1300, Lisboa",Lisboa,https://www.agendalx.pt/wp-json/agendalx/v1/events,https://www.agendalx.pt/content/uploads/2026/01/IMG_7301.jpg,visitas guiadas,,,,approved,agendalx,229642,https://www.agendalx.pt/wp-json/agendalx/v1/events,5e7bc28694a7a6b429bdf054a0396a378a3eb0f8
Os Rostos da Capela de São João Batista,2026-03-19,2026-03-19,Museu de São Roque,"Largo Trindade Coelho, 1200, Lisboa",Lisboa,https://www.agendalx.pt/wp-json/agendalx/v1/events,https://www.agendalx.pt/content/uploads/2026/02/os-rostos-da-csjb-ludovice.jpg,visitas guiadas,,,free,approved,agendalx,231714,https://www.agendalx.pt/wp-json/agendalx/v1/events,914e7383fcd7581b302a01d97668d5e4fecad323
A Valentina e a Valeria não estão mortas,2026-03-19,2026-03-29,Centro Cultural de Belém,"Praça do Império, 1449-003, Lisboa",Lisboa,https://www.agendalx.pt/wp-json/agendalx/v1/events,https://www.agendalx.pt/content/uploads/2025/11/valentina.jpg,teatro,,,"a:1:{i:0;a:2:{s:5:""value"";s:2:""15"";s:11:""description"";s:41:""preço normal (ver descontos aplicáveis)"";}}",approved,agendalx,225214,https://www.agendalx.pt/wp-json/agendalx/v1/events,df637917ed4352bb09e7aaa52f639f1113ca1799
Veneno,2026-03-19,2026-05-03,Teatro Aberto,"R. Armando Cortez, 1050-107, Lisboa",Lisboa,https://www.agendalx.pt/wp-json/agendalx/v1/events,https://www.agendalx.pt/content/uploads/2026/02/Veneno.jpg,teatro,,,"a:2:{i:0;a:2:{s:5:""value"";s:2:""17"";s:11:""description"";s:41:""preço normal (ver descontos aplicáveis)"";}i:1;a:2:{s:5:""value"";s:5:""11,90"";s:11:""description"";s:42:""dia do espectador (quarta) - preço único"";}}",approved,agendalx,231000,https://www.agendalx.pt/wp-json/agendalx/v1/events,3c738fcc3633260fa9a292ac70e36f1fe9e6de81
Rita Marhaug,2026-03-19,2026-03-19,Pavilhão 31 - Hospital Júlio de Matos,"Avenida do Brasil, 53, 1749-002 Lisboa, Lisboa",Lisboa,https://www.agendalx.pt/wp-json/agendalx/v1/events,https://www.agendalx.pt/content/uploads/2026/02/Rita-Marhaug_perf-3-t_INBOUND_Belfast_2010_Foto-Bbeyond_IMG_3161-scaled-1.jpg,artes,,,,approved,agendalx,231618,https://www.agendalx.pt/wp-json/agendalx/v1/events,204f9ad1e817a7446520211c2ac53639e1e2d76c
Mercado Gourmet da Ladra,2026-03-19,2026-12-31,Mercado de Santa Clara,"Campo de Santa Clara, 1100-472 Lisboa, Lisboa",Lisboa,https://www.agendalx.pt/wp-json/agendalx/v1/events,https://www.agendalx.pt/content/uploads/2026/01/mercado-gourmet-da-ladra-_-4.jpg,feiras,,,free,approved,agendalx,230080,https://www.agendalx.pt/wp-json/agendalx/v1/events,e3f31cc68a25d44d89cf2117a25dacba8982f447
Gostava de vir a ser,2026-03-19,2026-03-22,Teatro Ibérico,"Rua de Xabregas, 54, 1900-439, Lisboa",Lisboa,https://www.agendalx.pt/wp-json/agendalx/v1/events,https://www.agendalx.pt/content/uploads/2026/03/gostava.jpg,teatro,,,"a:1:{i:0;a:2:{s:5:""value"";s:2:""10"";s:11:""description"";s:41:""preço normal (ver descontos aplicáveis)"";}}",approved,agendalx,232669,https://www.agendalx.pt/wp-json/agendalx/v1/events,f4a35a1838ffc309db389a57dda3f5e56225455a
Uma ideia genial,2026-03-19,2026-04-19,Teatro Maria Matos,"Avenida Frei Miguel Contreiras, 52, 1700-081, Lisboa",Lisboa,https://www.agendalx.pt/wp-json/agendalx/v1/events,https://www.agendalx.pt/content/uploads/2025/12/uma-ideia.jpg,teatro,,,"a:1:{i:0;a:1:{s:5:""value"";s:11:""20 € a 22"";}}",approved,agendalx,227726,https://www.agendalx.pt/wp-json/agendalx/v1/events,e199e1699a67977839062dc6d4130150748647b5
Poesia e qualquer coisa mais…,2026-03-19,2026-03-19,Atmosfera M,"Rua Castilho, 5, 1250-096, Lisboa",Lisboa,https://www.agendalx.pt/wp-json/agendalx/v1/events,https://www.agendalx.pt/content/uploads/2021/11/marco-oliveira.png,"literatura, música",,,free,approved,agendalx,231027,https://www.agendalx.pt/wp-json/agendalx/v1/events,3a5331305872776b686c7303cdc7b0959f92a503
Concerto para Piano n.º 2 de Brahms,2026-03-19,2026-03-20,Fundação Calouste Gulbenkian,"Avenida de Berna, 45A, 1050-078, Lisboa",Lisboa,https://www.agendalx.pt/wp-json/agendalx/v1/events,https://www.agendalx.pt/content/uploads/2026/02/Alessio-Bax-Credit-Marco-Borggreve.jpg,música,,,"a:1:{i:0;a:1:{s:5:""value"";s:11:""27 € a 55"";}}",approved,agendalx,231629,https://www.agendalx.pt/wp-json/agendalx/v1/events,a40b55bf6cf996e31a402591d0cf1df85f62f67e
Shawn James,2026-03-19,2026-03-19,Lisboa ao Vivo,"Av. Marechal Gomes da Costa, nº 29 B1, 1800-255, Lisboa",Lisboa,https://www.agendalx.pt/wp-json/agendalx/v1/events,https://www.agendalx.pt/content/uploads/2026/01/ARGENTINA-SJ-6000x4000-1.jpg,música,,,"a:1:{i:0;a:1:{s:5:""value"";s:2:""25"";}}",approved,agendalx,229767,https://www.agendalx.pt/wp-json/agendalx/v1/events,ad9a6fd152f41ae20da906f3ad03b0e95d0548a5
Yerai Cortés,2026-03-19,2026-03-19,Aula Magna,"Alameda da Universidade, Lisboa",Lisboa,https://www.agendalx.pt/wp-json/agendalx/v1/events,https://www.agendalx.pt/content/uploads/2026/01/yerai-cortes.jpg,música,,,"a:1:{i:0;a:1:{s:5:""value"";s:11:""40 € a 55"";}}",approved,agendalx,230117,https://www.agendalx.pt/wp-json/agendalx/v1/events,2d163a003d198b6000a364999f9c0482396c8afa
Manga Limão,2026-03-19,2026-03-19,Casa Capitão,"Rua do Grilo, 119, 1950-144, Lisboa",Lisboa,https://www.agendalx.pt/wp-json/agendalx/v1/events,https://www.agendalx.pt/content/uploads/2026/02/manga-limao.jpg,música,,,"a:1:{i:0;a:1:{s:5:""value"";s:2:""10"";}}",approved,agendalx,231297,https://www.agendalx.pt/wp-json/agendalx/v1/events,ca336e9765bec060d42a1e8f6340f2fe51290ff6
Iñigo Quintero,2026-03-19,2026-03-19,Lisboa ao Vivo,"Av. Marechal Gomes da Costa, nº 29 B1, 1800-255, Lisboa",Lisboa,https://www.agendalx.pt/wp-json/agendalx/v1/events,https://www.agendalx.pt/content/uploads/2026/01/inigo-quintero.jpg,música,,,"a:1:{i:0;a:1:{s:5:""value"";s:2:""30"";}}",approved,agendalx,230136,https://www.agendalx.pt/wp-json/agendalx/v1/events,219da9b3c98b7d0e427b0be7ef37d30d94518ab1
Visitas ao Palácio de Santos,2026-03-19,2026-12-24,Palácio de Santos,"R. Santos-O-Velho, 5, 1249-079, Lisboa",Lisboa,https://www.agendalx.pt/wp-json/agendalx/v1/events,https://www.agendalx.pt/content/uploads/2021/12/Palacio-de-santos.png,visitas guiadas,,,"a:1:{i:0;a:1:{s:11:""description"";s:40:""Bilhetes disponíveis em: patrimonium.pt"";}}",approved,agendalx,38721,https://www.agendalx.pt/wp-json/agendalx/v1/events,258093da6332a82ce061e8e1b0c5f8c671d36e35
Visitas guiadas à Igreja e Museu de São Roque,2026-03-20,2026-03-20,Museu de São Roque,"Largo Trindade Coelho, 1200, Lisboa",Lisboa,https://www.agendalx.pt/wp-json/agendalx/v1/events,https://www.agendalx.pt/content/uploads/2025/11/Visita-guiada-ao-Museu-e-Igreja-de-Sao-Roque.jpg,visitas guiadas,,,,approved,agendalx,226361,https://www.agendalx.pt/wp-json/agendalx/v1/events,1d0dddcd91b235918b61a00671660ca738c21215
Últimas Aquisições (Parte I),2026-03-20,2026-05-29,PACA,"Rua Coronel Bento Roma, 10, 1700-165, Lisboa",Lisboa,https://www.agendalx.pt/wp-json/agendalx/v1/events,https://www.agendalx.pt/content/uploads/2025/12/DSC3566.jpg,artes,,,,approved,agendalx,227483,https://www.agendalx.pt/wp-json/agendalx/v1/events,47c94dd6cb8919d53c6a6891513e030f9d169ef6
Os Rituais do Cinema III,2026-03-20,2026-03-21,Prosa - Plataforma Cultural,"Rua Alves Torgo, 8, 1000-033 Lisboa",Lisboa,https://www.agendalx.pt/wp-json/agendalx/v1/events,https://www.agendalx.pt/content/uploads/2022/12/HOLY-MOTORS-Still-2-scaled.jpg,cinema,,,"a:1:{i:0;a:1:{s:11:""description"";s:32:""Gratuito. Donativo sugerido 3€"";}}",approved,agendalx,231472,https://www.agendalx.pt/wp-json/agendalx/v1/events,0259dc809384ec0c2de63e91a957a667b6278362
Budismo – Escolas e Práticas na Ásia,2026-03-20,2026-03-20,Casa Ásia - Coleção Francisco Capelo,"Largo Trindade Coelho, 22, 1200-265, Lisboa",Lisboa,https://www.agendalx.pt/wp-json/agendalx/v1/events,https://www.agendalx.pt/content/uploads/2026/02/visita-tematica-budismo.jpg,visitas guiadas,,,"a:1:{i:0;a:1:{s:5:""value"";s:2:""12"";}}",approved,agendalx,231701,https://www.agendalx.pt/wp-json/agendalx/v1/events,47110d601afd325a8e6f55e004f8048f520fe4ad
Sound Field,2026-03-20,2026-05-09,3+1 Arte Contemporânea,"Largo Hintze Ribeiro 2E-F, 1250-096, Lisboa",Lisboa,https://www.agendalx.pt/wp-json/agendalx/v1/events,https://www.agendalx.pt/content/uploads/2026/02/4-1920x1536-1.jpg,artes,,,,approved,agendalx,231772,https://www.agendalx.pt/wp-json/agendalx/v1/events,4f620fab2229021efe7878a56b90883380c52dae
Olhares Sobre o Abismo: Mostra Essencial Werner Herzog,2026-03-20,2026-04-05,Cinema Fernando Lopes,"Campo Grande, 376, 1749-024, Lisboa",Lisboa,https://www.agendalx.pt/wp-json/agendalx/v1/events,https://www.agendalx.pt/content/uploads/2023/07/15267574.jpeg,cinema,,,"a:3:{i:0;a:2:{s:5:""value"";s:1:""8"";s:11:""description"";s:15:""Pack 2 bilhetes"";}i:1;a:2:{s:5:""value"";s:2:""12"";s:11:""description"";s:15:""Pack 4 bilhetes"";}i:2;a:2:{s:5:""value"";s:2:""15"";s:11:""description"";s:26:""Pack 6 bilhetes (integral)"";}}",approved,agendalx,232364,https://www.agendalx.pt/wp-json/agendalx/v1/events,e337177abdb931104c3ea42a6c1106e87d685150
'C’est Pas La Vie En Rose' de Leonor B.Loureiro,2026-03-20,2026-03-20,Auditório Camões,"Rua Almirante Barroso, 25 A, 1000 - 012, Lisboa",Lisboa,https://www.agendalx.pt/wp-json/agendalx/v1/events,https://www.agendalx.pt/content/uploads/2026/03/image-w1280.webp,cinema,,,"a:1:{i:0;a:1:{s:5:""value"";s:1:""8"";}}",approved,agendalx,232591,https://www.agendalx.pt/wp-json/agendalx/v1/events,6935ad45a53203a99db32e5cbfff5599f688ecb8
Kreator,2026-03-20,2026-03-20,MEO Arena,"Rossio dos Olivais - Parque das Nações, 1990-231, Lisboa",Lisboa,https://www.agendalx.pt/wp-json/agendalx/v1/events,https://www.agendalx.pt/content/uploads/2026/01/kreator.png,música,,,"a:1:{i:0;a:1:{s:5:""value"";s:10:""45 €, 50"";}}",approved,agendalx,229755,https://www.agendalx.pt/wp-json/agendalx/v1/events,1c6b75769a6dbe5fbce1fcb59374fa5fd077686e
Suede,2026-03-20,2026-03-20,Sagres Campo Pequeno,"Centro de Lazer Campo Pequeno, Torreão Sul, 1050-026, Lisboa",Lisboa,https://www.agendalx.pt/wp-json/agendalx/v1/events,https://www.agendalx.pt/content/uploads/2026/01/Suede.png,música,,,"a:1:{i:0;a:1:{s:5:""value"";s:11:""32 € a 50"";}}",approved,agendalx,229514,https://www.agendalx.pt/wp-json/agendalx/v1/events,a91b5d4248b3b56b0d2a59b479acd112fe553551
"Poesia, Música… e Vinho Tinto",2026-03-20,2026-03-27,Boutique da Cultura - Um Teatro em Cada Bairro,"Avenida Colégio Militar, 1500-187, Lisboa",Lisboa,https://www.agendalx.pt/wp-json/agendalx/v1/events,https://www.agendalx.pt/content/uploads/2026/03/poesia-musica-e-vinho.jpg,teatro,,,"a:1:{i:0;a:1:{s:5:""value"";s:2:""10"";}}",approved,agendalx,232288,https://www.agendalx.pt/wp-json/agendalx/v1/events,b174fecac67ba93e7e98c02047ab002dd04ca550
Trovante,2026-03-20,2026-03-21,MEO Arena,"Rossio dos Olivais - Parque das Nações, 1990-231, Lisboa",Lisboa,https://www.agendalx.pt/wp-json/agendalx/v1/events,https://www.agendalx.pt/content/uploads/2026/01/trovante.png,música,,,"a:1:{i:0;a:1:{s:5:""value"";s:11:""30 € a 80"";}}",approved,agendalx,229431,https://www.agendalx.pt/wp-json/agendalx/v1/events,587cf48eafabebc9450f91b0810e60bbe33dda04
Avalanche,2026-03-20,2026-03-20,Casa Capitão,"Rua do Grilo, 119, 1950-144, Lisboa",Lisboa,https://www.agendalx.pt/wp-json/agendalx/v1/events,https://www.agendalx.pt/content/uploads/2026/03/Foto_01-Creditos_-Guilherme-Cabral-@gigocabral.jpg,música,,,,approved,agendalx,232822,https://www.agendalx.pt/wp-json/agendalx/v1/events,9ce97cc29ee10cc71be210b8962b144762e5ed30
Papillon,2026-03-20,2026-03-20,Coliseu dos Recreios,"Rua das Portas de Santo Antão, 96, 1150-269 Lisboa, Lisboa",Lisboa,https://www.agendalx.pt/wp-json/agendalx/v1/events,https://www.agendalx.pt/content/uploads/2026/01/papillon.jpg,música,,,"a:1:{i:0;a:1:{s:5:""value"";s:11:""20 € a 37"";}}",approved,agendalx,229750,https://www.agendalx.pt/wp-json/agendalx/v1/events,954f9a4239c6da7c97b083742e3c825f62d761a5
Nils Hoffmann,2026-03-20,2026-03-20,Casa Capitão,"Rua do Grilo, 119, 1950-144, Lisboa",Lisboa,https://www.agendalx.pt/wp-json/agendalx/v1/events,https://www.agendalx.pt/content/uploads/2024/10/NillsHoffmann.jpg,música,,,"a:1:{i:0;a:1:{s:5:""value"";s:2:""20"";}}",approved,agendalx,230128,https://www.agendalx.pt/wp-json/agendalx/v1/events,5359d33a7e7ebe53d6d5319531ffb8c5c8ba7c8d
Mindfulness No Museu,2026-03-21,2026-03-21,Museu do Oriente,"Avenida Brasília, Doca de Alcântara, 1350-279, Lisboa",Lisboa,https://www.agendalx.pt/wp-json/agendalx/v1/events,https://www.agendalx.pt/content/uploads/2026/02/cartaz143769_grande.jpg,visitas guiadas,,,"a:1:{i:0;a:1:{s:5:""value"";s:2:""20"";}}",approved,agendalx,231748,https://www.agendalx.pt/wp-json/agendalx/v1/events,097a87769092f915e0257c5a7e13c70b48653b9d
Designing Sustainable Futures,2026-03-21,2026-07-31,Pavilhão de Portugal,"Cais Português - Parque das Nações, 1990-221 Lisboa",Lisboa,https://www.agendalx.pt/wp-json/agendalx/v1/events,https://www.agendalx.pt/content/uploads/2026/02/Designing-Sustainable-Future.png,ciências,,,free,approved,agendalx,231983,https://www.agendalx.pt/wp-json/agendalx/v1/events,a2aa1266336bc132988988b593f8e9c43c9eb3c0
120 anos do Jardim Botânico Tropical,2026-03-21,2026-03-21,Jardim Botânico de Lisboa,"R. da Escola Politécnica, 56/58, 1250-102, Lisboa",Lisboa,https://www.agendalx.pt/wp-json/agendalx/v1/events,https://www.agendalx.pt/content/uploads/2026/03/11154-7eb27be851558f8ce3c2fcdabed6e1f2.jpg,"ciências, visitas guiadas",,,free,approved,agendalx,232734,https://www.agendalx.pt/wp-json/agendalx/v1/events,da6b7724c034f7da1ccd5624e727a412f0b29366
Agatha Christie no Museu da Farmácia,2026-03-21,2026-03-21,Museu da Farmácia,"Rua Marechal Saldanha, 1, 1249-069, Lisboa",Lisboa,https://www.agendalx.pt/wp-json/agendalx/v1/events,https://www.agendalx.pt/content/uploads/2020/09/agathachristie.jpg,"literatura, visitas guiadas",,,"a:2:{i:0;a:2:{s:5:""value"";s:1:""9"";s:11:""description"";s:14:""bilhete normal"";}i:1;a:2:{s:5:""value"";s:1:""6"";s:11:""description"";s:10:""estudantes"";}}",approved,agendalx,30820,https://www.agendalx.pt/wp-json/agendalx/v1/events,ada93ffa5f6ad272fbed4d03323add4465ad5a32
Visitas guiadas à Brotéria,2026-03-21,2026-03-21,Brotéria,"Rua de S. Pedro de Alcântara, 3, 1250-237, Lisboa",Lisboa,https://www.agendalx.pt/wp-json/agendalx/v1/events,https://www.agendalx.pt/content/uploads/2025/03/broteria.jpg,visitas guiadas,,,free,approved,agendalx,33396,https://www.agendalx.pt/wp-json/agendalx/v1/events,da8f3676c5dae3fe9915c1b96997e4436fffe4ea
Visitas à Casa de São Mamede,2026-03-21,2026-03-21,Luiza Andaluz Centro de Conhecimento,"Rua da Escola Politécnica, 100, 1250-236, Lisboa",Lisboa,https://www.agendalx.pt/wp-json/agendalx/v1/events,https://www.agendalx.pt/content/uploads/2024/10/casa_de_sao_mamede.jpg,visitas guiadas,,,,approved,agendalx,199418,https://www.agendalx.pt/wp-json/agendalx/v1/events,eb8d55085072306dd5dc763e9ae9137e6d494b84
Descubra o Espaço da Biodiversidade,2026-03-21,2026-03-21,Parque Florestal de Monsanto - Centro de Interpretação de Monsanto,"Estrada do Barcal, Monte das Perdizes, 1500, Lisboa",Lisboa,https://www.agendalx.pt/wp-json/agendalx/v1/events,https://www.agendalx.pt/content/uploads/2025/01/csm_Biodiversidade__Santuario.webp,visitas guiadas,,,,approved,agendalx,206918,https://www.agendalx.pt/wp-json/agendalx/v1/events,b3e40b4f120a111cd78c7312b4ea26704167523a
Dia aberto no LxCRAS,2026-03-21,2026-03-21,Parque Florestal de Monsanto - Centro de Interpretação de Monsanto,"Estrada do Barcal, Monte das Perdizes, 1500, Lisboa",Lisboa,https://www.agendalx.pt/wp-json/agendalx/v1/events,https://www.agendalx.pt/content/uploads/2023/10/202105-MonsantoEtarporAlineMacedo-8.jpg,visitas guiadas,,,free,approved,agendalx,224777,https://www.agendalx.pt/wp-json/agendalx/v1/events,bea8ef579b529b7af125efd39bad076ef55ac854
Uchuu Matsuri,2026-03-21,2026-03-22,Escola Secundária Marquês de Pombal,"R. Alexandre de Sá Pinto 85, Lisboa",Lisboa,https://www.agendalx.pt/wp-json/agendalx/v1/events,https://www.agendalx.pt/content/uploads/2026/01/manga.png,feiras,,,,approved,agendalx,229848,https://www.agendalx.pt/wp-json/agendalx/v1/events,4c3ec99a264130a925a979ce3abedc009d0df396
Sessões especiais À pala de Walsh,2026-03-21,2026-07-25,Cinema Fernando Lopes,"Campo Grande, 376, 1749-024, Lisboa",Lisboa,https://www.agendalx.pt/wp-json/agendalx/v1/events,https://www.agendalx.pt/content/uploads/2026/02/azul.webp,cinema,,,"a:1:{i:0;a:1:{s:5:""value"";s:1:""6"";}}",approved,agendalx,229976,https://www.agendalx.pt/wp-json/agendalx/v1/events,2d42a82893b66e0360b4ae67c9ad183a6f68fd0b
'Entre Homens',2026-03-21,2026-03-21,Quinta Alegre - Um Teatro em Cada Bairro,"Campo das Amoreiras, 94, 1750-025, Lisboa",Lisboa,https://www.agendalx.pt/wp-json/agendalx/v1/events,https://www.agendalx.pt/content/uploads/2026/02/se-homem.jpg,cinema,,,free,approved,agendalx,230974,https://www.agendalx.pt/wp-json/agendalx/v1/events,04078356c9c329a8634cc6ae8f383591829010c8
Cuid'Arte,2026-03-21,2026-12-19,"MAAT - Museu de Arte, Arquitetura e Tecnologia","Avenida de Brasília, Central Tejo, 1300-598, Lisboa",Lisboa,https://www.agendalx.pt/wp-json/agendalx/v1/events,https://www.agendalx.pt/content/uploads/2026/02/CuidArte_MAAT-Paulo-Alexandre-Coelho-scaled.jpg,artes,,,free,approved,agendalx,231599,https://www.agendalx.pt/wp-json/agendalx/v1/events,0ef42d2e429f87e5d670d685675f0d47c3342de9
Lisboa em Poesia,2026-03-21,2026-03-21,,,Lisboa,https://www.agendalx.pt/wp-json/agendalx/v1/events,https://www.agendalx.pt/content/uploads/2026/02/a-graca-da-graca-scaled.jpg,visitas guiadas,,,"a:1:{i:0;a:1:{s:5:""value"";s:2:""22"";}}",approved,agendalx,231698,https://www.agendalx.pt/wp-json/agendalx/v1/events,2654fdf6ff3214fb5e2c6be451b7096d25b53227
Comunicar é Natural – A Botânica nas Comunicações,2026-03-21,2026-03-21,Fundação Portuguesa das Comunicações – Museu das Comunicações,"Rua do Instituto Industrial, 16, 1200-109, Lisboa",Lisboa,https://www.agendalx.pt/wp-json/agendalx/v1/events,https://www.agendalx.pt/content/uploads/2026/02/mar_orientada_artigo.png,visitas guiadas,,,free,approved,agendalx,231717,https://www.agendalx.pt/wp-json/agendalx/v1/events,c4c867ba71fdb9f2322b9bb6cd6b390df879a4de
Entre Raízes e Fios,2026-03-21,2026-03-21,Parque Florestal de Monsanto - Centro de Interpretação de Monsanto,"Estrada do Barcal, Monte das Perdizes, 1500, Lisboa",Lisboa,https://www.agendalx.pt/wp-json/agendalx/v1/events,https://www.agendalx.pt/content/uploads/2026/03/monsanto004-05152020-scaled.jpg,artes,,,free,approved,agendalx,232782,https://www.agendalx.pt/wp-json/agendalx/v1/events,af1d7e2c0592cda7a28500155996f343e95309f6
Pássaros únicos e coloridos,2026-03-21,2026-03-21,Museu Nacional do Traje,"Largo Júlio de Castilho, 1600-760, Lisboa",Lisboa,https://www.agendalx.pt/wp-json/agendalx/v1/events,https://www.agendalx.pt/content/uploads/2026/01/entre-passaros-e-lagartos-2022b.jpg,ciências,,,"a:1:{i:0;a:2:{s:5:""value"";s:1:""3"";s:11:""description"";s:12:""participante"";}}",approved,agendalx,230051,https://www.agendalx.pt/wp-json/agendalx/v1/events,6c424ae58902a531cd015092486eee5edafe552f
Dia Mundial da Poesia no CCB,2026-03-21,2026-03-21,Centro Cultural de Belém,"Praça do Império, 1449-003, Lisboa",Lisboa,https://www.agendalx.pt/wp-json/agendalx/v1/events,https://www.agendalx.pt/content/uploads/2026/03/Dia-Mundial-PoesiaCCB.-jpg.webp,literatura,,,free,approved,agendalx,232465,https://www.agendalx.pt/wp-json/agendalx/v1/events,2483889e7b2a806f9f8ae3d55348bac91cb49127
Pelas Asas da Saudade,2026-03-21,2026-03-21,Museu do Fado,"Largo do Chafariz de Dentro, 1, 1100-575, Lisboa",Lisboa,https://www.agendalx.pt/wp-json/agendalx/v1/events,https://www.agendalx.pt/content/uploads/2026/03/jose-frade-17-07-25-06385_520_310.jpeg,visitas guiadas,,,"a:1:{i:0;a:1:{s:5:""value"";s:1:""3"";}}",approved,agendalx,232199,https://www.agendalx.pt/wp-json/agendalx/v1/events,dd832daf6045d8dad83690e5caf0ff07f592f939
O Norte e a Engrenagem do Ar,2026-03-21,2026-03-21,Basílica dos Mártires,"Rua Garrett (ao Chiado), 1200-205, Lisboa",Lisboa,https://www.agendalx.pt/wp-json/agendalx/v1/events,https://www.agendalx.pt/content/uploads/2026/03/rui-valdemar.jpg,música,,,free,approved,agendalx,232330,https://www.agendalx.pt/wp-json/agendalx/v1/events,7b74f72e37678e98af310a359d0e269474c442ea
Missão impossível,2026-03-21,2026-03-21,Museu de Lisboa - Fábrica de Moagem,"Rua da Manutenção, 71, 1900-500, Lisboa",Lisboa,https://www.agendalx.pt/wp-json/agendalx/v1/events,https://www.agendalx.pt/content/uploads/2026/02/21-MAR_Oficina_Missao-Impossivel-©-EGEAC-Museu-de-Lisboa-Raquel-Montez.jpg,"artes, visitas guiadas",,,,approved,agendalx,231403,https://www.agendalx.pt/wp-json/agendalx/v1/events,e8801096c7a5be4af4501e31a293e62fe0a7c4c0
As Coisas Invisíveis,2026-03-21,2026-03-21,FUFU Loja Atelier,"R. Luciano Cordeiro 27D, 1150-212 Lisboa",Lisboa,https://www.agendalx.pt/wp-json/agendalx/v1/events,https://www.agendalx.pt/content/uploads/2026/03/fulana-1.jpg,artes,,,,approved,agendalx,232793,https://www.agendalx.pt/wp-json/agendalx/v1/events,b7a2102cf8ef32e8f85902310c7adf570d2b362a
Buluku,2026-03-21,2026-03-22,Teatro do Bairro,"Rua Luz Soriano, 63, 1200-109, Lisboa",Lisboa,https://www.agendalx.pt/wp-json/agendalx/v1/events,https://www.agendalx.pt/content/uploads/2026/02/5_BULUKU_©Marcio-Martins-_-MM-STUDIO.png,dança,,,,approved,agendalx,230926,https://www.agendalx.pt/wp-json/agendalx/v1/events,377f7d7c546cc960fc6cd8de2a5478641be5abab
A Garota Não,2026-03-21,2026-03-22,Centro Cultural de Belém,"Praça do Império, 1449-003, Lisboa",Lisboa,https://www.agendalx.pt/wp-json/agendalx/v1/events,https://www.agendalx.pt/content/uploads/2026/02/AGarotaNao.jpg,música,,,"a:1:{i:0;a:1:{s:5:""value"";s:10:""5 € a 25"";}}",approved,agendalx,231140,https://www.agendalx.pt/wp-json/agendalx/v1/events,52e647d044715178eb5028becd192027f4a1e251
As Quatro Mortes de Napoleão,2026-03-21,2026-04-04,São Luiz Teatro Municipal,"Rua António Maria Cardoso, 38, 1200-026, Lisboa",Lisboa,https://www.agendalx.pt/wp-json/agendalx/v1/events,https://www.agendalx.pt/content/uploads/2026/03/FacebookEventosNAPOLEÃO.jpg,teatro,,,"a:1:{i:0;a:2:{s:5:""value"";s:2:""12"";s:11:""description"";s:41:""preço normal (ver descontos aplicáveis)"";}}",approved,agendalx,229016,https://www.agendalx.pt/wp-json/agendalx/v1/events,920afe23db885586dfe85e2ab826a73ed313cf24
UHF,2026-03-21,2026-03-21,Lisboa ao Vivo,"Av. Marechal Gomes da Costa, nº 29 B1, 1800-255, Lisboa",Lisboa,https://www.agendalx.pt/wp-json/agendalx/v1/events,https://www.agendalx.pt/content/uploads/2026/02/UHF.png,música,,,"a:1:{i:0;a:1:{s:5:""value"";s:2:""25"";}}",approved,agendalx,230382,https://www.agendalx.pt/wp-json/agendalx/v1/events,2937833445db0ee5045795a453116464eea3db40
Deejay Telio,2026-03-21,2026-03-21,Sagres Campo Pequeno,"Centro de Lazer Campo Pequeno, Torreão Sul, 1050-026, Lisboa",Lisboa,https://www.agendalx.pt/wp-json/agendalx/v1/events,https://www.agendalx.pt/content/uploads/2026/01/deejay-telio.jpeg,música,,,"a:1:{i:0;a:1:{s:5:""value"";s:11:""24 € a 34"";}}",approved,agendalx,229745,https://www.agendalx.pt/wp-json/agendalx/v1/events,09fa66d08cab50b0d39c45626028bd73c085724f
Em Processo,2026-03-21,2026-03-21,Clube Estefânia,"Rua Alexandre Braga, 24A, 1000-232, Lisboa",Lisboa,https://www.agendalx.pt/wp-json/agendalx/v1/events,https://www.agendalx.pt/content/uploads/2026/02/em-processo.jpg,teatro,,,,approved,agendalx,230989,https://www.agendalx.pt/wp-json/agendalx/v1/events,d954f2d322004d47f87aea16561a9590c12aa8db
Noruz,2026-03-21,2026-03-21,Fundação Calouste Gulbenkian,"Avenida de Berna, 45A, 1050-078, Lisboa",Lisboa,https://www.agendalx.pt/wp-json/agendalx/v1/events,https://www.agendalx.pt/content/uploads/2026/02/55_Noruz_LA-174_16x9-1.jpg,música,,,"a:1:{i:0;a:1:{s:5:""value"";s:2:""17"";}}",approved,agendalx,231632,https://www.agendalx.pt/wp-json/agendalx/v1/events,aa1575177a5ba4bdc33eb55bd5b85d53dba65548
Contraste,2026-03-21,2026-05-16,Boutique da Cultura - Um Teatro em Cada Bairro,"Avenida Colégio Militar, 1500-187, Lisboa",Lisboa,https://www.agendalx.pt/wp-json/agendalx/v1/events,https://www.agendalx.pt/content/uploads/2026/03/Contraste.jpg,teatro,,,"a:1:{i:0;a:1:{s:5:""value"";s:2:""10"";}}",approved,agendalx,232454,https://www.agendalx.pt/wp-json/agendalx/v1/events,9fdbbcee3f8bc65aa1d53ea430015da43bff791e
Luta Livre,2026-03-21,2026-03-21,BOTA Anjos,"Largo Santa Bárbara 3D, 1150-040, Lisboa",Lisboa,https://www.agendalx.pt/wp-json/agendalx/v1/events,https://www.agendalx.pt/content/uploads/2026/01/luta-livre.jpg,música,,,"a:1:{i:0;a:1:{s:5:""value"";s:2:""15"";}}",approved,agendalx,229554,https://www.agendalx.pt/wp-json/agendalx/v1/events,d22693f2f7c32991b4a80b69a2c63c2af91a79de
Deitemos Água Pouca em Muito Fogo,2026-03-21,2026-03-21,Teatro Cinearte,"Largo de Santos, 2, 1200-109, Lisboa",Lisboa,https://www.agendalx.pt/wp-json/agendalx/v1/events,https://www.agendalx.pt/content/uploads/2025/02/camoes-estatua.jpg,teatro,,,"a:1:{i:0;a:2:{s:5:""value"";s:2:""16"";s:11:""description"";s:41:""preço normal (ver descontos aplicáveis)"";}}",approved,agendalx,227464,https://www.agendalx.pt/wp-json/agendalx/v1/events,3eb0b673ef4582b55a005c2a38886b8a72142ea5
Alma portuguesa pelas ruas de Lisboa,2026-03-21,2026-12-19,,,Lisboa,https://www.agendalx.pt/wp-json/agendalx/v1/events,https://www.agendalx.pt/content/uploads/2023/06/Chiado-Lisboa-Portugal-002.webp,visitas guiadas,,,"a:1:{i:0;a:1:{s:5:""value"";s:2:""15"";}}",approved,agendalx,172538,https://www.agendalx.pt/wp-json/agendalx/v1/events,55b908ea782200945ee11cfed7e43dc0bf9b49fd
Visita ao Museu do Tesouro Real,2026-03-22,2026-03-29,Museu do Tesouro Real,"Largo da Ajuda, 1349-021, Lisboa",Lisboa,https://www.agendalx.pt/wp-json/agendalx/v1/events,https://www.agendalx.pt/content/uploads/2024/01/sala-exposicao.jpg,visitas guiadas,,,,approved,agendalx,184720,https://www.agendalx.pt/wp-json/agendalx/v1/events,d85d2139fa9c4a9e83d272cc033189bc91ab71f9
Pelos Trilhos de Monsanto: A Rota da Água,2026-03-22,2026-03-22,Parque Florestal de Monsanto - Centro de Interpretação de Monsanto,"Estrada do Barcal, Monte das Perdizes, 1500, Lisboa",Lisboa,https://www.agendalx.pt/wp-json/agendalx/v1/events,https://www.agendalx.pt/content/uploads/2023/10/202105-MonsantoEtarporAlineMacedo-8.jpg,visitas guiadas,,,free,approved,agendalx,228413,https://www.agendalx.pt/wp-json/agendalx/v1/events,6ca5adba3ab9140cce1c84e1e6c8a44f0564d2cc
À descoberta da Água,2026-03-22,2026-03-22,Fábrica de Águas de Beirolas,"Rua Chen He, 1990-513, Lisboa",Lisboa,https://www.agendalx.pt/wp-json/agendalx/v1/events,https://www.agendalx.pt/content/uploads/2026/03/agua.jpg,visitas guiadas,,,free,approved,agendalx,232339,https://www.agendalx.pt/wp-json/agendalx/v1/events,586f83064d21f3172c83534196d54bc6ad9fc485
"Oui, madame!",2026-03-22,2026-03-22,Museu de Lisboa - Palácio Pimenta,"Campo Grande 245, 1700-162, Lisboa",Lisboa,https://www.agendalx.pt/wp-json/agendalx/v1/events,https://www.agendalx.pt/content/uploads/2025/12/oficina-oui-madame_laura-farias-04-2048x1536-1.jpg,artes,,,"a:1:{i:0;a:2:{s:5:""value"";s:1:""5"";s:11:""description"";s:25:""Inclui a entrada no museu"";}}",approved,agendalx,226697,https://www.agendalx.pt/wp-json/agendalx/v1/events,c5c5abdec123c6178a28ce621b842df97b0d6588
Um Hotel de Insetos,2026-03-22,2026-03-22,Museu de Lisboa - Palácio Pimenta,"Campo Grande 245, 1700-162, Lisboa",Lisboa,https://www.agendalx.pt/wp-json/agendalx/v1/events,https://www.agendalx.pt/content/uploads/2023/02/IMG_20220915_155956.jpg,ciências,,,"a:1:{i:0;a:2:{s:5:""value"";s:1:""5"";s:11:""description"";s:23:""inclui entrada no museu"";}}",approved,agendalx,84811,https://www.agendalx.pt/wp-json/agendalx/v1/events,f781071540ea122df030ccd8a9c861e8dc0da1d9
O Romance da Raposa,2026-03-22,2026-03-22,Museu da Marioneta,"Rua da Esperança, 146, 1200-660 Lisboa, Lisboa",Lisboa,https://www.agendalx.pt/wp-json/agendalx/v1/events,https://www.agendalx.pt/content/uploads/2025/08/visita-diretora-5-1024x371-1.jpg,teatro,,,,approved,agendalx,220104,https://www.agendalx.pt/wp-json/agendalx/v1/events,59536fb3428853a2d411f0c0ae2c95ac64930fb4
30 anos de Canal Panda,2026-03-22,2026-03-22,Coliseu dos Recreios,"Rua das Portas de Santo Antão, 96, 1150-269 Lisboa, Lisboa",Lisboa,https://www.agendalx.pt/wp-json/agendalx/v1/events,https://www.agendalx.pt/content/uploads/2026/02/Sem-Titulo.png,"música, teatro",,,,approved,agendalx,231849,https://www.agendalx.pt/wp-json/agendalx/v1/events,62c01fc5d1f630743d0cbf84eb7014706b37c6d6
O Poder e a Glória,2026-03-22,2026-06-14,Fundação Calouste Gulbenkian,"Avenida de Berna, 45A, 1050-078, Lisboa",Lisboa,https://www.agendalx.pt/wp-json/agendalx/v1/events,https://www.agendalx.pt/content/uploads/2026/02/hospital_header.jpg,cinema,,,"a:1:{i:0;a:1:{s:5:""value"";s:1:""4"";}}",approved,agendalx,220899,https://www.agendalx.pt/wp-json/agendalx/v1/events,b84adf8ca76c4a97e8a161d36a019fffb7faf71f
Concerto de Primavera,2026-03-22,2026-03-22,Teatro Tivoli BBVA,"Avenida da Liberdade, 182 A, 1250-146, Lisboa",Lisboa,https://www.agendalx.pt/wp-json/agendalx/v1/events,https://www.agendalx.pt/content/uploads/2026/01/ConcertodePrimavera.jpg,música,,,"a:1:{i:0;a:1:{s:5:""value"";s:11:""10 € a 20"";}}",approved,agendalx,229705,https://www.agendalx.pt/wp-json/agendalx/v1/events,1e1bb6369a4ae00c7f042bc87747b830da75a03e
Cine Alegria,2026-03-23,2026-03-23,Quinta Alegre - Um Teatro em Cada Bairro,"Campo das Amoreiras, 94, 1750-025, Lisboa",Lisboa,https://www.agendalx.pt/wp-json/agendalx/v1/events,https://www.agendalx.pt/content/uploads/2026/02/A-Cancao-de-Lisboa.jpg,cinema,,,,approved,agendalx,231060,https://www.agendalx.pt/wp-json/agendalx/v1/events,61ae9b6d069ddc5cd56f6b7f4202e13e01657b75
"Robert Beavers, o cinema como revelação",2026-03-23,2026-03-28,Cinemateca Portuguesa - Museu do Cinema,"Rua Barata Salgueiro 39, 1250-096, Lisboa",Lisboa,https://www.agendalx.pt/wp-json/agendalx/v1/events,https://www.agendalx.pt/content/uploads/2026/02/Sotiros_4n.jpg,cinema,,,,approved,agendalx,231929,https://www.agendalx.pt/wp-json/agendalx/v1/events,5ad1d058e2f0220bd130021dd910cec45c170dfd
Coffee Week,2026-03-23,2026-03-29,8 Marvila,"Praça David Leandro da Silva, 8, 1950-064, Lisboa",Lisboa,https://www.agendalx.pt/wp-json/agendalx/v1/events,https://www.agendalx.pt/content/uploads/2026/03/Lisbon-Coffee-Week-1_creditos-reservados.jpg,feiras,,,"a:3:{i:0;a:2:{s:5:""value"";s:2:""10"";s:11:""description"";s:58:""Bilhete diário inclui uma chávena oficial para as provas"";}i:1;a:2:{s:5:""value"";s:2:""22"";s:11:""description"";s:98:""Passe de fim de semana, que dá acesso aos três dias de Festival, chávena e uma tote bag oficial"";}i:2;a:2:{s:5:""value"";s:3:""120"";s:11:""description"";s:190:""Passe experiência que inclui, entre outras vantagens, acesso ao jantar de networking, estacionamento e ainda uma caixa que inclui variedades de café dos melhores Coffee Roasters a concurso"";}}",approved,agendalx,232653,https://www.agendalx.pt/wp-json/agendalx/v1/events,b65e9c21cc327691a62bfd3e83a9cb0134c963e9
Podia ser na Tate mas é aqui,2026-03-23,2026-03-23,São Luiz Teatro Municipal,"Rua António Maria Cardoso, 38, 1200-026, Lisboa",Lisboa,https://www.agendalx.pt/wp-json/agendalx/v1/events,https://www.agendalx.pt/content/uploads/2025/12/Podia-ser-na-Tate-mas-e-aqui_vertical_cFilipe-Heath.jpg,teatro,,,free,approved,agendalx,226962,https://www.agendalx.pt/wp-json/agendalx/v1/events,904efe5c5297f02d273f1b6b7201ec41658bc3ab
À Primeira Vista,2026-03-23,2026-03-31,Teatro Maria Matos,"Avenida Frei Miguel Contreiras, 52, 1700-081, Lisboa",Lisboa,https://www.agendalx.pt/wp-json/agendalx/v1/events,https://www.agendalx.pt/content/uploads/2025/01/primeira-vista_1511_max©Filipe-Ferreira-scaled.jpg,teatro,,,"a:1:{i:0;a:1:{s:5:""value"";s:2:""20"";}}",approved,agendalx,226782,https://www.agendalx.pt/wp-json/agendalx/v1/events,ad84875d485058ac1effe1cc24d98ef23c5060e6
A Obra Eleita,2026-03-24,2026-03-24,Museu de São Roque,"Largo Trindade Coelho, 1200, Lisboa",Lisboa,https://www.agendalx.pt/wp-json/agendalx/v1/events,https://www.agendalx.pt/content/uploads/2026/02/obra-eleita-maquete-da-csjb.jpg,visitas guiadas,,,,approved,agendalx,231711,https://www.agendalx.pt/wp-json/agendalx/v1/events,482f9a44a65ca3fff1b175972a1fbbd6644682dc
Cinetendinha,2026-03-24,2026-03-24,Chapitô,"Costa do Castelo, 1/7, 1100-129, Lisboa",Lisboa,https://www.agendalx.pt/wp-json/agendalx/v1/events,https://www.agendalx.pt/content/uploads/2021/10/camera-ge1aa37e09_1920.jpg,cinema,,,free,approved,agendalx,231192,https://www.agendalx.pt/wp-json/agendalx/v1/events,d5c859d5e10cf0318866c7c201cdb5edca7960f0
Eileen Alister,2026-03-24,2026-03-24,Casa Capitão,"Rua do Grilo, 119, 1950-144, Lisboa",Lisboa,https://www.agendalx.pt/wp-json/agendalx/v1/events,https://www.agendalx.pt/content/uploads/2026/01/eileen-alister.jpeg,música,,,"a:1:{i:0;a:1:{s:5:""value"";s:5:""27,03"";}}",approved,agendalx,229698,https://www.agendalx.pt/wp-json/agendalx/v1/events,c0267c3d45ab7b67562355ed7f073445022d9d86
Ciclo Cinema e Direito,2026-03-25,2026-04-23,Turim - Um Teatro em Cada Bairro,"Estrada de Benfica, nº 723 A, 1500-088 Lisboa, 1500-109, Lisboa",Lisboa,https://www.agendalx.pt/wp-json/agendalx/v1/events,https://www.agendalx.pt/content/uploads/2022/11/outro-pais.jpg,cinema,,,free,approved,agendalx,231351,https://www.agendalx.pt/wp-json/agendalx/v1/events,98261aaa3371ca64721990362a7031102420fe78
Anna Maria Maiolino,2026-03-25,2026-08-31,"MAAT - Museu de Arte, Arquitetura e Tecnologia","Avenida de Brasília, Central Tejo, 1300-598, Lisboa",Lisboa,https://www.agendalx.pt/wp-json/agendalx/v1/events,https://www.agendalx.pt/content/uploads/2026/02/Imagem1-20.jpg,artes,,,,approved,agendalx,232062,https://www.agendalx.pt/wp-json/agendalx/v1/events,7db8387cb31ab9bc73750400d2a17265a7f54173
Viver com Arte,2026-03-25,2026-03-28,Quinta Alegre - Um Teatro em Cada Bairro,"Campo das Amoreiras, 94, 1750-025, Lisboa",Lisboa,https://www.agendalx.pt/wp-json/agendalx/v1/events,https://www.agendalx.pt/content/uploads/2026/02/Exposicao-Viver-com-Arte.jpg,artes,,,free,approved,agendalx,232082,https://www.agendalx.pt/wp-json/agendalx/v1/events,75b75e07f5326a07d953ece498d4d08a8622db8c
Visitas à Fundação Mário Soares e Maria Barroso,2026-03-25,2026-07-29,Fundação Mário Soares e Maria Barroso,"Rua de São Bento, 176, 1200-821 Lisboa, 1200-816, Lisboa",Lisboa,https://www.agendalx.pt/wp-json/agendalx/v1/events,https://www.agendalx.pt/content/uploads/2026/03/c677473c-f0a4-4095-801c-abd8a34e4a62.jpg,visitas guiadas,,,free,approved,agendalx,232461,https://www.agendalx.pt/wp-json/agendalx/v1/events,63f780811b49fcdebaa93b7921f3754a7333aaf2
Anna Maria Maiolino,2026-03-25,2026-08-31,"MAAT - Museu de Arte, Arquitetura e Tecnologia","Avenida de Brasília, Central Tejo, 1300-598, Lisboa",Lisboa,https://www.agendalx.pt/wp-json/agendalx/v1/events,https://www.agendalx.pt/content/uploads/2026/03/2.-Anna-Maria-Maiolino-installation-Ao-Infinito-Biennale-di-Venezia-2025.-Photo-Livia-Gonzaga-scaled.jpg,artes,,,,approved,agendalx,232777,https://www.agendalx.pt/wp-json/agendalx/v1/events,19cb2d218fe7e37e17be03c66a07a31405d816c9
Visita ao Observatório Astronómico de Lisboa,2026-03-25,2026-03-25,Observatório Astronómico de Lisboa,"Edifício Leste - Tapada da Ajuda, 1349-018 Lisboa, 1300, Lisboa",Lisboa,https://www.agendalx.pt/wp-json/agendalx/v1/events,https://www.agendalx.pt/content/uploads/2022/12/fachada_OAL_FB.jpg,"ciências, visitas guiadas",,,,approved,agendalx,81384,https://www.agendalx.pt/wp-json/agendalx/v1/events,01c86619f81d3877e5eb3a7a084d9d4ca721d4cd
Breve encontro,2026-03-25,2026-03-25,Casa-Museu Dr. Anastácio Gonçalves,"Avenida 5 de Outubro, 6 - 8, 1050-055, Lisboa",Lisboa,https://www.agendalx.pt/wp-json/agendalx/v1/events,https://www.agendalx.pt/content/uploads/2025/11/casa-museu-anastacio.jpeg,visitas guiadas,,,free,approved,agendalx,226217,https://www.agendalx.pt/wp-json/agendalx/v1/events,54c9f06687f510ede4901417a223665d6cfe451b
Monsanto: Onde a História Ganha Vida,2026-03-25,2026-03-25,Parque Florestal de Monsanto - Centro de Interpretação de Monsanto,"Estrada do Barcal, Monte das Perdizes, 1500, Lisboa",Lisboa,https://www.agendalx.pt/wp-json/agendalx/v1/events,https://www.agendalx.pt/content/uploads/2024/09/monsanto.jpg,visitas guiadas,,,free,approved,agendalx,228404,https://www.agendalx.pt/wp-json/agendalx/v1/events,1e28822e3b017a87b546d02d939e1f2336a7d2ab
In the Heights,2026-03-25,2026-05-03,Teatro Variedades,"Parque Mayer, 1250-096, Lisboa",Lisboa,https://www.agendalx.pt/wp-json/agendalx/v1/events,https://www.agendalx.pt/content/uploads/2026/01/In-the-heights.jpg,teatro,,,"a:1:{i:0;a:1:{s:5:""value"";s:11:""20 € a 30"";}}",approved,agendalx,228960,https://www.agendalx.pt/wp-json/agendalx/v1/events,b460a66a3176cf42aa76bf81a039e0d8feb3c559
Bach³,2026-03-25,2026-03-25,Igreja da Graça,"Largo da Graça, Lisboa",Lisboa,https://www.agendalx.pt/wp-json/agendalx/v1/events,https://www.agendalx.pt/content/uploads/2026/02/bach.png,música,,,free,approved,agendalx,231257,https://www.agendalx.pt/wp-json/agendalx/v1/events,a1f714e58bf8dc0efd4ddcc45743ba0f186c99c8
Sean Riley & The Slowriders,2026-03-25,2026-03-25,Casa Capitão,"Rua do Grilo, 119, 1950-144, Lisboa",Lisboa,https://www.agendalx.pt/wp-json/agendalx/v1/events,https://www.agendalx.pt/content/uploads/2026/02/©AnaViotti_Sean-Riley_edit-1.jpg,música,,,"a:1:{i:0;a:1:{s:5:""value"";s:2:""16"";}}",approved,agendalx,231115,https://www.agendalx.pt/wp-json/agendalx/v1/events,196c47368d650227b8c4629e265fd10a144f5d7d
Código Noite – O papel da madeira nas Comunicações,2026-03-26,2026-03-26,Fundação Portuguesa das Comunicações – Museu das Comunicações,"Rua do Instituto Industrial, 16, 1200-109, Lisboa",Lisboa,https://www.agendalx.pt/wp-json/agendalx/v1/events,https://www.agendalx.pt/content/uploads/2026/02/mar_cnoite_artigo.png,visitas guiadas,,,free,approved,agendalx,231720,https://www.agendalx.pt/wp-json/agendalx/v1/events,2428ad434ef3e2636864d3e12b79cbdb0f5774ad
Christian Rosa,2026-03-26,2026-05-09,Kubikgallery,"Rua Garcia da Orta, 71, Loja 19, 1200-680, Lisboa",Lisboa,https://www.agendalx.pt/wp-json/agendalx/v1/events,https://www.agendalx.pt/content/uploads/2026/03/Imagem1-5.jpg,artes,,,,approved,agendalx,232711,https://www.agendalx.pt/wp-json/agendalx/v1/events,76c71463aee9bdbd192f7611c9419b905900523c
Desligar é assim tão difícil?,2026-03-26,2026-03-26,Centro Académico do Caleidoscópio,"Campo Grande 18, 1700-162, Lisboa",Lisboa,https://www.agendalx.pt/wp-json/agendalx/v1/events,https://www.agendalx.pt/content/uploads/2026/02/DEsligar.png,ciências,,,free,approved,agendalx,231508,https://www.agendalx.pt/wp-json/agendalx/v1/events,74729ea979a0da8f97f286a94cca3bfa108c9ff3
Teresina,2026-03-26,2026-03-26,Museu de Lisboa - Teatro Romano,"Rua de São Mamede, 3A, 1100-532, Lisboa",Lisboa,https://www.agendalx.pt/wp-json/agendalx/v1/events,https://www.agendalx.pt/content/uploads/2026/02/26-MAR_Musica_Teresina_hora-de-baco.jpg,música,,,free,approved,agendalx,231252,https://www.agendalx.pt/wp-json/agendalx/v1/events,93e705daaaacb531ea63d261406608e452656692
Vargas Llosa e Saramago,2026-03-26,2026-03-26,Fundação José Saramago,"Casa dos Bicos, Rua dos Bacalhoeiros, 1100-135, Lisboa",Lisboa,https://www.agendalx.pt/wp-json/agendalx/v1/events,https://www.agendalx.pt/content/uploads/2026/01/Saramago-Llosa.jpg,literatura,,,free,approved,agendalx,229860,https://www.agendalx.pt/wp-json/agendalx/v1/events,7f4d4f775b0596d49afd1b8c739b89540966a5c0
Um dia no palácio,2026-03-26,2026-03-26,Museu Nacional do Traje,"Largo Júlio de Castilho, 1600-760, Lisboa",Lisboa,https://www.agendalx.pt/wp-json/agendalx/v1/events,https://www.agendalx.pt/content/uploads/2026/03/traje.jpg,ciências,,,free,approved,agendalx,232238,https://www.agendalx.pt/wp-json/agendalx/v1/events,6d60fa84f36ec670fae43a77d05b518865aa19ba
Sobre a verdade da mentira,2026-03-26,2026-06-25,Centro Cultural de Belém,"Praça do Império, 1449-003, Lisboa",Lisboa,https://www.agendalx.pt/wp-json/agendalx/v1/events,https://www.agendalx.pt/content/uploads/2025/09/Antonio-de-Castro-Caeiro_20231027_32-@Matilde-Fieschi.jpg,ciências,,,"a:1:{i:0;a:2:{s:5:""value"";s:2:""63"";s:11:""description"";s:21:""integral/ 10 sessões"";}}",approved,agendalx,221634,https://www.agendalx.pt/wp-json/agendalx/v1/events,93588fc7184c96a9eed481c73e92587dc0a09cc8
Para que serve um museu (nacional)?,2026-03-26,2026-03-26,Brotéria,"Rua de S. Pedro de Alcântara, 3, 1250-237, Lisboa",Lisboa,https://www.agendalx.pt/wp-json/agendalx/v1/events,https://www.agendalx.pt/content/uploads/2026/03/PHOTO_Filipa-Oliveira.jpg,"artes, ciências",,,free,approved,agendalx,232223,https://www.agendalx.pt/wp-json/agendalx/v1/events,b5d629e2fcf9a3acd1e8d0bf7e3b122746502681
Kumina,2026-03-26,2026-03-29,Teatro do Bairro Alto,"Rua Tenente Raúl Cascais 1A, 1250-268, Lisboa",Lisboa,https://www.agendalx.pt/wp-json/agendalx/v1/events,https://www.agendalx.pt/content/uploads/2025/12/kumina.jpg,teatro,,,"a:1:{i:0;a:2:{s:5:""value"";s:2:""12"";s:11:""description"";s:41:""preço normal (ver descontos aplicáveis)"";}}",approved,agendalx,227897,https://www.agendalx.pt/wp-json/agendalx/v1/events,796da11bc1b81e57bd24b3dbb3a5c8e9591f2d74
Lee Ritenour & Friends,2026-03-26,2026-03-26,Centro Cultural de Belém,"Praça do Império, 1449-003, Lisboa",Lisboa,https://www.agendalx.pt/wp-json/agendalx/v1/events,https://www.agendalx.pt/content/uploads/2026/02/lee-ritenour.png,música,,,"a:1:{i:0;a:1:{s:5:""value"";s:11:""20 € a 35"";}}",approved,agendalx,231146,https://www.agendalx.pt/wp-json/agendalx/v1/events,7e738e45babc3bf90f6f89ce3a1df040ad77b829
Concerto de Aranjuez,2026-03-26,2026-03-27,Fundação Calouste Gulbenkian,"Avenida de Berna, 45A, 1050-078, Lisboa",Lisboa,https://www.agendalx.pt/wp-json/agendalx/v1/events,https://www.agendalx.pt/content/uploads/2026/02/Pablo-Sainz-Villegas.jpg,música,,,"a:1:{i:0;a:1:{s:5:""value"";s:11:""27 € a 55"";}}",approved,agendalx,231636,https://www.agendalx.pt/wp-json/agendalx/v1/events,1c320e37fde49bcc14fdc69de348113efc5c1eb9
Maro,2026-03-26,2026-03-26,Coliseu dos Recreios,"Rua das Portas de Santo Antão, 96, 1150-269 Lisboa, Lisboa",Lisboa,https://www.agendalx.pt/wp-json/agendalx/v1/events,https://www.agendalx.pt/content/uploads/2026/01/maro.jpeg,música,,,"a:1:{i:0;a:1:{s:5:""value"";s:2:""32"";}}",approved,agendalx,229594,https://www.agendalx.pt/wp-json/agendalx/v1/events,47a96eac4ab2982b3fce1b3eb3debc60db15775d
Hornfuckers,2026-03-26,2026-03-28,Culturgest,"Rua Arco do Cego, 50, 1000-020, Lisboa",Lisboa,https://www.agendalx.pt/wp-json/agendalx/v1/events,https://www.agendalx.pt/content/uploads/2026/02/hornfuckers.jpg,dança,,,"a:1:{i:0;a:2:{s:5:""value"";s:2:""16"";s:11:""description"";s:20:""normal com descontos"";}}",approved,agendalx,231882,https://www.agendalx.pt/wp-json/agendalx/v1/events,3f8fa77dab63950ceec631e70973d73ccaeb8f07
Alex D'Alva e Rita Onofre,2026-03-26,2026-03-26,LuxFrágil,"Av. Infante D. Henrique, Armazém A, Cais da Pedra a Sta. Apolónia, 1950-376, Lisboa",Lisboa,https://www.agendalx.pt/wp-json/agendalx/v1/events,https://www.agendalx.pt/content/uploads/2026/01/alex-e-rita-onofre.jpg,música,,,"a:1:{i:0;a:1:{s:5:""value"";s:2:""15"";}}",approved,agendalx,229569,https://www.agendalx.pt/wp-json/agendalx/v1/events,c5f63340ccfafcb234f5eb7e06afb368e5744507
Celso,2026-03-26,2026-03-26,Casa Capitão,"Rua do Grilo, 119, 1950-144, Lisboa",Lisboa,https://www.agendalx.pt/wp-json/agendalx/v1/events,https://www.agendalx.pt/content/uploads/2026/02/celso.png,música,,,"a:1:{i:0;a:1:{s:5:""value"";s:5:""11,92"";}}",approved,agendalx,231066,https://www.agendalx.pt/wp-json/agendalx/v1/events,9a405d3ab1a35d29cfec46f0d604afa64a79892a
Blaya,2026-03-26,2026-03-26,B.Leza,"Cais da Ribeira Nova, Armazém B, 1200-109, Lisboa",Lisboa,https://www.agendalx.pt/wp-json/agendalx/v1/events,https://www.agendalx.pt/content/uploads/2026/03/blaya.png,música,,,"a:1:{i:0;a:1:{s:5:""value"";s:2:""12"";}}",approved,agendalx,232468,https://www.agendalx.pt/wp-json/agendalx/v1/events,7d7f89c25922b24b4be76d56baef5c1819adaf7a
Vítor Franco,2026-03-27,2026-04-17,Biblioteca Orlando Ribeiro,"Antigo Solar da Nora, Estrada de Telheiras 146, 1600-772 Lisboa",Lisboa,https://www.agendalx.pt/wp-json/agendalx/v1/events,https://www.agendalx.pt/content/uploads/2026/02/Expo_Acreditar.jpg,artes,,,free,approved,agendalx,231522,https://www.agendalx.pt/wp-json/agendalx/v1/events,5bd79938be884bdaeed3df8fa701d8b6a259f386
Estelle Valente,2026-03-27,2026-07-19,São Luiz Teatro Municipal,"Rua António Maria Cardoso, 38, 1200-026, Lisboa",Lisboa,https://www.agendalx.pt/wp-json/agendalx/v1/events,https://www.agendalx.pt/content/uploads/2026/02/perfil-perdido-marco-martins-2020-20-2000x1333-1.jpg,artes,,,free,approved,agendalx,232108,https://www.agendalx.pt/wp-json/agendalx/v1/events,78921eb4609f6a9677d04e7064817ca0201617c1
Japão: Festas e Rituais,2026-03-27,2026-03-27,Museu do Oriente,"Avenida Brasília, Doca de Alcântara, 1350-279, Lisboa",Lisboa,https://www.agendalx.pt/wp-json/agendalx/v1/events,https://www.agendalx.pt/content/uploads/2024/01/a2cfb316e0576ac797e16e5d9cdfdaf58abb829a.jpg,visitas guiadas,,,"a:1:{i:0;a:1:{s:5:""value"";s:1:""6"";}}",approved,agendalx,184471,https://www.agendalx.pt/wp-json/agendalx/v1/events,d4181fbd82ed0bd1384cb0d54c945c1605ae207c
Luzes na Caverna X,2026-03-27,2026-03-27,Prosa - Plataforma Cultural,"Rua Alves Torgo, 8, 1000-033 Lisboa",Lisboa,https://www.agendalx.pt/wp-json/agendalx/v1/events,https://www.agendalx.pt/content/uploads/2026/02/do_the_right_thing.webp,cinema,,,"a:1:{i:0;a:1:{s:11:""description"";s:32:""Gratuito. Donativo sugerido 3€"";}}",approved,agendalx,231475,https://www.agendalx.pt/wp-json/agendalx/v1/events,f015168fafc5dc759e49c4d8aa374bd64e4ecb4d
Alvorada,2026-03-27,2026-05-22,Casa do Concelho de Ponte de Lima,"Rua de Campolide, 316, Lisboa",Lisboa,https://www.agendalx.pt/wp-json/agendalx/v1/events,https://www.agendalx.pt/content/uploads/2026/02/Alvorada.jpg,stand up comedy,,,"a:1:{i:0;a:1:{s:5:""value"";s:1:""8"";}}",approved,agendalx,230609,https://www.agendalx.pt/wp-json/agendalx/v1/events,3e0889bc027510f9ac09c14c97dbc6aaa2d947fd
Evita,2026-03-27,2026-06-28,Capitólio,"Parque Mayer, 1250-096, Lisboa",Lisboa,https://www.agendalx.pt/wp-json/agendalx/v1/events,https://www.agendalx.pt/content/uploads/2026/01/Evita.jpg,teatro,,,"a:1:{i:0;a:2:{s:5:""value"";s:11:""25 € a 35"";s:11:""description"";s:41:""preço normal (ver descontos aplicáveis)"";}}",approved,agendalx,230101,https://www.agendalx.pt/wp-json/agendalx/v1/events,03bb9ac932722cd0498b2b271514a9f6d2428d33
Descoberta das Orquídeas Silvestres,2026-03-27,2026-03-27,Parque Florestal de Monsanto - Centro de Interpretação de Monsanto,"Estrada do Barcal, Monte das Perdizes, 1500, Lisboa",Lisboa,https://www.agendalx.pt/wp-json/agendalx/v1/events,https://www.agendalx.pt/content/uploads/2026/03/ophrys_apifera_150509_3932.jpg,visitas guiadas,,,free,approved,agendalx,232352,https://www.agendalx.pt/wp-json/agendalx/v1/events,af948be99660a7150be4618df18a4a343932d869
Mercado do Chocolate,2026-03-27,2026-03-27,Posto de Informação e Promoção Turística da Madeira,"Rua Nova do Almada, 55 e 57, 1200-288, Lisboa",Lisboa,https://www.agendalx.pt/wp-json/agendalx/v1/events,https://www.agendalx.pt/content/uploads/2026/02/Madeira-Web-72-1.jpg,feiras,,,,approved,agendalx,232169,https://www.agendalx.pt/wp-json/agendalx/v1/events,08345c6ae633c8f5c770cf166cd419b79440f7ed
Filodemo,2026-03-27,2026-04-18,Sala Estúdio Valentim de Barros,"Rua Gomes Freire, 161, 1150-176, Lisboa",Lisboa,https://www.agendalx.pt/wp-json/agendalx/v1/events,https://www.agendalx.pt/content/uploads/2026/02/Filodemo_075_med_FilipeFerreira_TNDMII.jpg,teatro,,,"a:1:{i:0;a:2:{s:5:""value"";s:2:""12"";s:11:""description"";s:41:""preço normal (ver descontos aplicáveis)"";}}",approved,agendalx,227766,https://www.agendalx.pt/wp-json/agendalx/v1/events,1f32700b14d8692ed1a834ff34e23ff0cb053fb3
Oscar e a Senhora Cor-de-Rosa,2026-03-27,2026-04-10,Museu do Fado,"Largo do Chafariz de Dentro, 1, 1100-575, Lisboa",Lisboa,https://www.agendalx.pt/wp-json/agendalx/v1/events,https://www.agendalx.pt/content/uploads/2026/03/lidia-francojsilveirar.jpg,teatro,,,"a:1:{i:0;a:1:{s:5:""value"";s:1:""5"";}}",approved,agendalx,232826,https://www.agendalx.pt/wp-json/agendalx/v1/events,b62ca9ee72a7d036d0d86c5eaf05441362a5ca9b
"Sessões Nimas Fora de Horas: 'Exit 8', de Genki Kawamura",2026-03-27,2026-03-27,Cinema Nimas,"Avenida 5 de Outubro 42B, 1050-053, Lisboa",Lisboa,https://www.agendalx.pt/wp-json/agendalx/v1/events,https://www.agendalx.pt/content/uploads/2026/03/サブ⑧-scaled.jpg,cinema,,,,approved,agendalx,232694,https://www.agendalx.pt/wp-json/agendalx/v1/events,a2bfd1acc19fd8c3422e1f9d27db80d6bf31c225
Ana Ferreira e Livre Corte (Hérnan Badilla),2026-03-28,2026-04-18,Espaço Imperfeito,"Rua Coronel Luna de Oliveira, 2 A, 1900-167, Lisboa",Lisboa,https://www.agendalx.pt/wp-json/agendalx/v1/events,https://www.agendalx.pt/content/uploads/2026/03/20230830_205711-scaled.jpg,artes,,,,approved,agendalx,232705,https://www.agendalx.pt/wp-json/agendalx/v1/events,91ff6f8ae6ab374a45f2edca0340ce23f32f0e9a
Visitas guiadas ao Teatro São Luiz,2026-03-28,2026-07-11,São Luiz Teatro Municipal,"Rua António Maria Cardoso, 38, 1200-026, Lisboa",Lisboa,https://www.agendalx.pt/wp-json/agendalx/v1/events,https://www.agendalx.pt/content/uploads/2019/10/SaoLuiz.jpg,visitas guiadas,,,"a:1:{i:0;a:1:{s:5:""value"";s:1:""2"";}}",approved,agendalx,20484,https://www.agendalx.pt/wp-json/agendalx/v1/events,890138024168d3e3c8b1e3fe6c98c980a1403378
A Saúde nas Aventuras de Astérix e Panoramix no Museu da Farmácia,2026-03-28,2026-03-28,Museu da Farmácia,"Rua Marechal Saldanha, 1, 1249-069, Lisboa",Lisboa,https://www.agendalx.pt/wp-json/agendalx/v1/events,https://www.agendalx.pt/content/uploads/2025/02/asterix.jpg,visitas guiadas,,,"a:2:{i:0;a:1:{s:5:""value"";s:1:""9"";}i:1;a:2:{s:5:""value"";s:1:""6"";s:11:""description"";s:9:""estudante"";}}",approved,agendalx,207548,https://www.agendalx.pt/wp-json/agendalx/v1/events,dd9ba5412580663b81608e00d5ee2744b6718241
Visita ao Museu Geológico,2026-03-28,2026-03-28,"Museu Geológico - LNEG, IP","Rua da Academia das Ciências, 19, 1200-418, Lisboa",Lisboa,https://www.agendalx.pt/wp-json/agendalx/v1/events,https://www.agendalx.pt/content/uploads/2026/02/MUSEU_GEOLOGICO.png,visitas guiadas,,,,approved,agendalx,231739,https://www.agendalx.pt/wp-json/agendalx/v1/events,fb018a056218234d01b53eba4abd95e04a567ae8
Diogo Pimentão,2026-03-28,2026-09-14,Fundação Calouste Gulbenkian - Centro de Arte Moderna,"Rua Doutor Nicolau Bettencourt, 1050-078, Lisboa",Lisboa,https://www.agendalx.pt/wp-json/agendalx/v1/events,https://www.agendalx.pt/content/uploads/2026/02/foto-Rebecca-Fanuele-Imagem-principal-de-evento-1.jpg,artes,,,,approved,agendalx,232050,https://www.agendalx.pt/wp-json/agendalx/v1/events,ca8d0598c999062eb883d5376336401d69259f8e
"Hora do Planeta - Natureza, Poesia e Partilha",2026-03-28,2026-03-28,Parque Florestal de Monsanto - Centro de Interpretação de Monsanto,"Estrada do Barcal, Monte das Perdizes, 1500, Lisboa",Lisboa,https://www.agendalx.pt/wp-json/agendalx/v1/events,https://www.agendalx.pt/content/uploads/2026/01/Parque-Florestal-Monsanto_LVT1505-scaled-1.jpg,visitas guiadas,,,free,approved,agendalx,232359,https://www.agendalx.pt/wp-json/agendalx/v1/events,36b912f6e28d0af6b5d6348277b2a01c0082a132
Oficina Casa Sustentável - Construção Criativa,2026-03-28,2026-03-28,Fab Lab Lisboa,"Mercado do Forno de Tijolo, Rua Maria da Fonte, 1170-221 Lisboa, Lisboa",Lisboa,https://www.agendalx.pt/wp-json/agendalx/v1/events,https://www.agendalx.pt/content/uploads/2026/03/FABLAB_LVT0809-scaled.jpg,"artes, ciências",,,,approved,agendalx,232790,https://www.agendalx.pt/wp-json/agendalx/v1/events,915ef09ee7ac04ead9a05ef5b48a2fb04caf07f8
O meu primeiro Santo António,2026-03-28,2026-03-28,Museu de Lisboa - Santo António,"Largo de Santo António da Sé, 22, 1100-171, Lisboa",Lisboa,https://www.agendalx.pt/wp-json/agendalx/v1/events,https://www.agendalx.pt/content/uploads/2022/09/08_OUT_O_meu_primeiro_Santo_Antonio_Jose_Avelar_MuseudeLisboa.jpg,artes,,,free,approved,agendalx,76920,https://www.agendalx.pt/wp-json/agendalx/v1/events,fcfc98c66233d09ee4b1aa1043d64d7bcb90664d
"Cineastas de bolso, estórias que mexem",2026-03-28,2026-03-28,Cinemateca Portuguesa - Museu do Cinema,"Rua Barata Salgueiro 39, 1250-096, Lisboa",Lisboa,https://www.agendalx.pt/wp-json/agendalx/v1/events,https://www.agendalx.pt/content/uploads/2026/02/Cineastas-de-bolso-scaled.jpeg,cinema,,,,approved,agendalx,231400,https://www.agendalx.pt/wp-json/agendalx/v1/events,385de362addebba0e51a14ac4c41e30be3ad5347
Palavras com pássaros,2026-03-28,2026-03-29,LU.CA - Teatro Luís de Camões,"Calçada da Ajuda, 80, 1300-015, Lisboa",Lisboa,https://www.agendalx.pt/wp-json/agendalx/v1/events,https://www.agendalx.pt/content/uploads/2026/02/brujuncae-1024x659-1.jpg,literatura,,,,approved,agendalx,231744,https://www.agendalx.pt/wp-json/agendalx/v1/events,ae91bf2b53e531ef3a5872f1dd7a2ac03a602a48
Tralhas d'Ajuda,2026-03-28,2026-03-28,,,Lisboa,https://www.agendalx.pt/wp-json/agendalx/v1/events,https://www.agendalx.pt/content/uploads/2026/03/Imagem1-2.jpg,feiras,,,,approved,agendalx,232634,https://www.agendalx.pt/wp-json/agendalx/v1/events,dce79562e15a7e2a023a487d0ae7491c72df4cb3
Dama e o Vagabundo,2026-03-28,2026-03-28,Aula Magna,"Alameda da Universidade, Lisboa",Lisboa,https://www.agendalx.pt/wp-json/agendalx/v1/events,https://www.agendalx.pt/content/uploads/2026/02/0f8dd0227c043af0c1c1338aeb2cee0b679e4af13d3c4f10667505a8318c39b3.jpg,teatro,,,,approved,agendalx,231824,https://www.agendalx.pt/wp-json/agendalx/v1/events,65876ef578e1a94a8fe270d2e43607856650ee7e
Caça ao Tesouro,2026-03-28,2026-03-28,Museu da Farmácia,"Rua Marechal Saldanha, 1, 1249-069, Lisboa",Lisboa,https://www.agendalx.pt/wp-json/agendalx/v1/events,https://www.agendalx.pt/content/uploads/2026/03/Sem-Titulo-1.png,ciências,,,"a:1:{i:0;a:2:{s:5:""value"";s:2:""12"";s:11:""description"";s:12:""participante"";}}",approved,agendalx,232617,https://www.agendalx.pt/wp-json/agendalx/v1/events,eec8cdfeccd98241c7f58a0036e6f1212404017e
Conseguimos ser felizes,2026-03-28,2026-03-29,LU.CA - Teatro Luís de Camões,"Calçada da Ajuda, 80, 1300-015, Lisboa",Lisboa,https://www.agendalx.pt/wp-json/agendalx/v1/events,https://www.agendalx.pt/content/uploads/2026/02/play-marco-1024x576-1.jpg,cinema,,,,approved,agendalx,231738,https://www.agendalx.pt/wp-json/agendalx/v1/events,5ee13ddfaded51648af973d480ca99d85950db0f
"Livrinho, mostra-me o caminho",2026-03-28,2026-03-28,Auditório da Biblioteca Orlando Ribeiro,"Antigo Solar da Nora, Estrada de Telheiras, 146, 1600-598, Lisboa",Lisboa,https://www.agendalx.pt/wp-json/agendalx/v1/events,https://www.agendalx.pt/content/uploads/2026/02/img-20251121-wa0044-1398x1095-800x627-1.jpg,teatro,,,"a:1:{i:0;a:1:{s:5:""value"";s:1:""8"";}}",approved,agendalx,231821,https://www.agendalx.pt/wp-json/agendalx/v1/events,622535bd9218094a12416c9238ad1e1555ed5894
Sven Jungbeck,2026-03-28,2026-03-28,Fábrica Braço de Prata,"Rua da Fábrica do Material de Guerra, 1, 1950-128, Lisboa",Lisboa,https://www.agendalx.pt/wp-json/agendalx/v1/events,https://www.agendalx.pt/content/uploads/2026/03/Sven-Jungbeck-at-Django-Portugal-3.4-e1772553192583.png,música,,,,approved,agendalx,232306,https://www.agendalx.pt/wp-json/agendalx/v1/events,8ecc5f4dc5f2a74d1e4a3a8678f63afaa56909ed
João Xavier,2026-03-28,2026-03-28,Museu do Oriente,"Avenida Brasília, Doca de Alcântara, 1350-279, Lisboa",Lisboa,https://www.agendalx.pt/wp-json/agendalx/v1/events,https://www.agendalx.pt/content/uploads/2026/02/joao-xavier.png,música,,,"a:1:{i:0;a:1:{s:5:""value"";s:2:""15"";}}",approved,agendalx,231098,https://www.agendalx.pt/wp-json/agendalx/v1/events,6195f7fcbfd998216a36b41b2c49bf87ad8d35d8
Ana Sofia Varela,2026-03-28,2026-03-28,Centro Cultural de Belém,"Praça do Império, 1449-003, Lisboa",Lisboa,https://www.agendalx.pt/wp-json/agendalx/v1/events,https://www.agendalx.pt/content/uploads/2026/02/Ana-Sofia-Varela_Alfredo-Matos.jpg,música,,,"a:1:{i:0;a:1:{s:5:""value"";s:10:""5 € a 25"";}}",approved,agendalx,231151,https://www.agendalx.pt/wp-json/agendalx/v1/events,56caf9a0089018a9248a7125c3faea308da83183
Harry Potter e a Pedra Filosofal,2026-03-28,2026-03-28,Sagres Campo Pequeno,"Centro de Lazer Campo Pequeno, Torreão Sul, 1050-026, Lisboa",Lisboa,https://www.agendalx.pt/wp-json/agendalx/v1/events,https://www.agendalx.pt/content/uploads/2026/01/banner_1200x630px_HP1.jpg,"cinema, música",,,"a:1:{i:0;a:1:{s:5:""value"";s:12:""35 € a 100"";}}",approved,agendalx,229689,https://www.agendalx.pt/wp-json/agendalx/v1/events,c53651d77e91730572a783aab17635513bde9312
Ensaio Aberto: O fim da História Humana,2026-03-28,2026-03-28,Escola do Largo,"Largo do Chiado, 15, 1200-108, Lisboa",Lisboa,https://www.agendalx.pt/wp-json/agendalx/v1/events,https://www.agendalx.pt/content/uploads/2026/03/O-fim-da-historia.jpg,teatro,,,"a:1:{i:0;a:2:{s:5:""value"";s:2:""12"";s:11:""description"";s:41:""preço normal (ver descontos aplicáveis)"";}}",approved,agendalx,232291,https://www.agendalx.pt/wp-json/agendalx/v1/events,d465b1da460d8c2c12023d4842d63060d3a3765c
Descobrir o Mosteiro,2026-03-29,2026-03-29,Igreja e Mosteiro de São Vicente de Fora,"Largo de São Vicente, 1100-571, Lisboa",Lisboa,https://www.agendalx.pt/wp-json/agendalx/v1/events,https://www.agendalx.pt/content/uploads/2019/05/Mosteiro.jpg,visitas guiadas,,,,approved,agendalx,15002,https://www.agendalx.pt/wp-json/agendalx/v1/events,7d5e8cf372879d1e1a240aba79b7dee5fa8a3bbe
Passear na Lisboa do Zé,2026-03-29,2026-03-29,Museu Bordalo Pinheiro,"Campo Grande, 382, 1700-097, Lisboa",Lisboa,https://www.agendalx.pt/wp-json/agendalx/v1/events,https://www.agendalx.pt/content/uploads/2020/12/ze-povinho_-bordalo-scaled-e1732196079937.jpg,visitas guiadas,,,"a:1:{i:0;a:1:{s:5:""value"";s:1:""5"";}}",approved,agendalx,217368,https://www.agendalx.pt/wp-json/agendalx/v1/events,aa75e4a6ef16240c2c7d40e390986e92d1a483d5
Cinema de Animação,2026-03-29,2026-03-29,Museu da Marioneta,"Rua da Esperança, 146, 1200-660 Lisboa, Lisboa",Lisboa,https://www.agendalx.pt/wp-json/agendalx/v1/events,https://www.agendalx.pt/content/uploads/2026/03/santo-aleixo.png,cinema,,,"a:1:{i:0;a:2:{s:5:""value"";s:2:""10"";s:11:""description"";s:17:""adulto + criança"";}}",approved,agendalx,232195,https://www.agendalx.pt/wp-json/agendalx/v1/events,0ac2044ad526251f1010a1891624896be07e461d
Mărțișor – Festa Da Primavera,2026-03-29,2026-03-29,Parque dos Moinhos de Santana,"Rua Tristão Vaz, 22, Lisboa",Lisboa,https://www.agendalx.pt/wp-json/agendalx/v1/events,https://www.agendalx.pt/content/uploads/2026/01/Martisor-e1769527368312.jpg,feiras,,,free,approved,agendalx,229855,https://www.agendalx.pt/wp-json/agendalx/v1/events,b0f24e7a074882381a3af2b92b5810f4f8c9d1da
Bateu Matou,2026-03-29,2026-03-29,Casa Capitão,"Rua do Grilo, 119, 1950-144, Lisboa",Lisboa,https://www.agendalx.pt/wp-json/agendalx/v1/events,https://www.agendalx.pt/content/uploads/2026/02/HMM9551.jpg,música,,,"a:2:{i:0;a:2:{s:5:""value"";s:5:""19,50"";s:11:""description"";s:14:""bilhete normal"";}i:1;a:2:{s:5:""value"";s:4:""5,50"";s:11:""description"";s:9:""6-12 anos"";}}",approved,agendalx,231793,https://www.agendalx.pt/wp-json/agendalx/v1/events,14a05dafff213b11b7ad9d0a8f554c0b2a26e4d3
Os Tubarões,2026-03-29,2026-03-29,Lisboa ao Vivo,"Av. Marechal Gomes da Costa, nº 29 B1, 1800-255, Lisboa",Lisboa,https://www.agendalx.pt/wp-json/agendalx/v1/events,https://www.agendalx.pt/content/uploads/2026/02/os-tubaroes.png,música,,,"a:1:{i:0;a:1:{s:5:""value"";s:11:""30 € a 40"";}}",approved,agendalx,232027,https://www.agendalx.pt/wp-json/agendalx/v1/events,363ed876df90adfb925c104669319ef8a6e7e560
Luísa Pereira da Fonseca,2026-03-30,2026-04-29,Atmosfera M,"Rua Castilho, 5, 1250-096, Lisboa",Lisboa,https://www.agendalx.pt/wp-json/agendalx/v1/events,https://www.agendalx.pt/content/uploads/2026/03/ENTROPIA_Luisa-Pereira-da-Fonseca.jpg,artes,,,,approved,agendalx,232618,https://www.agendalx.pt/wp-json/agendalx/v1/events,add929c747cbc85482e1a5c28aba640f03394056
Lisboa/Budapeste 2026,2026-03-31,2026-03-31,Divisão de Ação Cultural da CML,"Rua da Boavista, 9, 1200-066 Lisboa, Lisboa",Lisboa,https://www.agendalx.pt/wp-json/agendalx/v1/events,https://www.agendalx.pt/content/uploads/2026/02/Room-broken-hearts-anushka-apaixonarte-FB-event-02-1.jpg,artes,,,,approved,agendalx,231304,https://www.agendalx.pt/wp-json/agendalx/v1/events,cc0453eef583d8066801df374fdbbcd526002af4
"ANIM, 30 anos",2026-03-31,2026-03-31,Cinemateca Portuguesa - Museu do Cinema,"Rua Barata Salgueiro 39, 1250-096, Lisboa",Lisboa,https://www.agendalx.pt/wp-json/agendalx/v1/events,https://www.agendalx.pt/content/uploads/2026/02/image-w1280.webp,cinema,,,,approved,agendalx,231938,https://www.agendalx.pt/wp-json/agendalx/v1/events,7dfba6f331dd0e84b20111481d79b86cf0e78157
Hans Zimmer,2026-03-31,2026-04-01,MEO Arena,"Rossio dos Olivais - Parque das Nações, 1990-231, Lisboa",Lisboa,https://www.agendalx.pt/wp-json/agendalx/v1/events,https://www.agendalx.pt/content/uploads/2023/04/hans-zimmer.png,música,,,"a:1:{i:0;a:1:{s:5:""value"";s:12:""60 € a 300"";}}",approved,agendalx,229676,https://www.agendalx.pt/wp-json/agendalx/v1/events,f2e4cee5f64e14b7a596582f9c0bd928ed49b409
After Moonlight,2026-04-01,2026-04-03,Tasca das Artes,"Rua Professor Celestino da Costa, 6A, 1170-322, Lisboa",Lisboa,https://www.agendalx.pt/wp-json/agendalx/v1/events,https://www.agendalx.pt/content/uploads/2026/02/after.jpg,teatro,,,,approved,agendalx,231877,https://www.agendalx.pt/wp-json/agendalx/v1/events,46104db7c5386f46fb94d3a19ccb8ebeee62f8b3
A Cerimónia,2026-04-01,2026-04-01,Teatro Maria Matos,"Avenida Frei Miguel Contreiras, 52, 1700-081, Lisboa",Lisboa,https://www.agendalx.pt/wp-json/agendalx/v1/events,https://www.agendalx.pt/content/uploads/2026/02/DR-LOVE.jpeg,stand up comedy,,,"a:1:{i:0;a:1:{s:5:""value"";s:2:""20"";}}",approved,agendalx,231639,https://www.agendalx.pt/wp-json/agendalx/v1/events,ff8ccee2d5d85c8e168750e40c253a0b20599dc7
Sr. Engenheiro - alegadamente um musical,2026-04-01,2026-04-12,Teatro Tivoli BBVA,"Avenida da Liberdade, 182 A, 1250-146, Lisboa",Lisboa,https://www.agendalx.pt/wp-json/agendalx/v1/events,https://www.agendalx.pt/content/uploads/2026/01/sr-engenheiro.jpg,teatro,,,"a:1:{i:0;a:1:{s:5:""value"";s:13:""20€ a 37,50"";}}",approved,agendalx,228509,https://www.agendalx.pt/wp-json/agendalx/v1/events,c9cf8ae40d2d55108aa3d5b39f06adb2927641bf
Isto é uma exposição?,2026-04-02,2026-04-24,Biblioteca Camões,"Largo do Calhariz, 17 -1º Esq, 1200-086, Lisboa",Lisboa,https://www.agendalx.pt/wp-json/agendalx/v1/events,https://www.agendalx.pt/content/uploads/2026/03/Sara-Batista.png,artes,,,free,approved,agendalx,232816,https://www.agendalx.pt/wp-json/agendalx/v1/events,bf917aac54a7dafbcf262f7e52b27702689e38d3
A Mão do Senhor,2026-04-02,2026-04-05,Igreja de São João Baptista do Lumiar,"Largo São João Baptista 1, 1600-483, Lisboa",Lisboa,https://www.agendalx.pt/wp-json/agendalx/v1/events,https://www.agendalx.pt/content/uploads/2025/12/mds-01-8.jpg,teatro,,,"a:1:{i:0;a:1:{s:5:""value"";s:2:""10"";}}",approved,agendalx,228279,https://www.agendalx.pt/wp-json/agendalx/v1/events,9e7c873cb2a4d516445eeede633ff4e0429fc608
Sweeney Todd - o cruel barbeiro da Rua Fleet,2026-04-02,2026-05-03,Teatro Armando Cortez,"Estrada da Pontinha, 7, 1600-582, Lisboa",Lisboa,https://www.agendalx.pt/wp-json/agendalx/v1/events,https://www.agendalx.pt/content/uploads/2026/02/Sweeney-Todd.jpg,teatro,,,"a:1:{i:0;a:1:{s:5:""value"";s:11:""25 € a 35"";}}",approved,agendalx,231643,https://www.agendalx.pt/wp-json/agendalx/v1/events,deead03008c493b23042a13d2b3ab11c074e3755
Rei Lear,2026-04-03,2026-04-26,Teatro do Bairro,"Rua Luz Soriano, 63, 1200-109, Lisboa",Lisboa,https://www.agendalx.pt/wp-json/agendalx/v1/events,https://www.agendalx.pt/content/uploads/2026/03/rei-lear.jpg,teatro,,,"a:2:{i:0;a:2:{s:5:""value"";s:2:""15"";s:11:""description"";s:41:""preço normal (ver descontos aplicáveis)"";}i:1;a:2:{s:5:""value"";s:1:""8"";s:11:""description"";s:42:""dia do espectador (quarta) - preço único"";}}",approved,agendalx,232768,https://www.agendalx.pt/wp-json/agendalx/v1/events,182a714a37a26865ed48e777377f307844a5b016
Mercado de Trocas,2026-04-04,2026-12-05,Biblioteca Camões,"Largo do Calhariz, 17 -1º Esq, 1200-086, Lisboa",Lisboa,https://www.agendalx.pt/wp-json/agendalx/v1/events,https://www.agendalx.pt/content/uploads/2026/01/Mercado-de-Trocas.jpg,feiras,,,free,approved,agendalx,229173,https://www.agendalx.pt/wp-json/agendalx/v1/events,45ece9f7d8491397aad6b121968ef79eb921d9cb
Ibrahim Maalouf,2026-04-04,2026-04-04,Coliseu dos Recreios,"Rua das Portas de Santo Antão, 96, 1150-269 Lisboa, Lisboa",Lisboa,https://www.agendalx.pt/wp-json/agendalx/v1/events,https://www.agendalx.pt/content/uploads/2026/03/IBRAHIM-MAALOUF.jpeg,música,,,"a:1:{i:0;a:1:{s:5:""value"";s:12:""40 € a 120"";}}",approved,agendalx,232668,https://www.agendalx.pt/wp-json/agendalx/v1/events,9b65f8293472ce0dbcc241c996906fe7ecb6f5ac
Visita aos Paços do Concelho,2026-04-05,2026-12-06,Paços do Concelho,"Praça do Município, Lisboa",Lisboa,https://www.agendalx.pt/wp-json/agendalx/v1/events,https://www.agendalx.pt/content/uploads/2018/07/pacos_concelho.jpg,visitas guiadas,,,free,approved,agendalx,3017,https://www.agendalx.pt/wp-json/agendalx/v1/events,4b9c400cc63417de1d701a82bdceb377954a5563
Caça aos ovos no Castelo,2026-04-05,2026-04-05,Castelo de São Jorge,"Rua de Santa Cruz do Castelo, 1100-129, Lisboa",Lisboa,https://www.agendalx.pt/wp-json/agendalx/v1/events,https://www.agendalx.pt/content/uploads/2026/02/Caca_aos_ovos©Jose-Frade.jpg,ciências,,,,approved,agendalx,231963,https://www.agendalx.pt/wp-json/agendalx/v1/events,0b32c72dbe24734761becbec7d64cd72b1822185
Percurso Secreto,2026-04-05,2026-12-06,"MAAT - Museu de Arte, Arquitetura e Tecnologia","Avenida de Brasília, Central Tejo, 1300-598, Lisboa",Lisboa,https://www.agendalx.pt/wp-json/agendalx/v1/events,https://www.agendalx.pt/content/uploads/2020/06/percurso-secreto.jpg,visitas guiadas,,,"a:1:{i:0;a:1:{s:5:""value"";s:2:""15"";}}",approved,agendalx,28792,https://www.agendalx.pt/wp-json/agendalx/v1/events,f3faffdaa5680ac2a86e7131f8f8f17a6f2fc835
Ponto de Partida,2026-04-06,2026-05-06,Teatro Aberto,"R. Armando Cortez, 1050-107, Lisboa",Lisboa,https://www.agendalx.pt/wp-json/agendalx/v1/events,https://www.agendalx.pt/content/uploads/2025/10/Ponto-de-Partida-Monica-Garnel-e1760627608628.jpg,ciências,,,free,approved,agendalx,223148,https://www.agendalx.pt/wp-json/agendalx/v1/events,bd9ffe398719945c4f53a89bb3ba674ebd820f45
O amor é fodid*,2026-04-07,2026-04-08,Teatro Maria Matos,"Avenida Frei Miguel Contreiras, 52, 1700-081, Lisboa",Lisboa,https://www.agendalx.pt/wp-json/agendalx/v1/events,https://www.agendalx.pt/content/uploads/2026/02/O_AMOR_E_FODIDO.jpeg,teatro,,,"a:1:{i:0;a:1:{s:5:""value"";s:2:""18"";}}",approved,agendalx,231646,https://www.agendalx.pt/wp-json/agendalx/v1/events,ecf59356245bd1824a438c35e0790bde0aade993
Rosalía,2026-04-08,2026-04-09,MEO Arena,"Rossio dos Olivais - Parque das Nações, 1990-231, Lisboa",Lisboa,https://www.agendalx.pt/wp-json/agendalx/v1/events,https://www.agendalx.pt/content/uploads/2025/12/rosalia-e1764875102918.png,música,,,,approved,agendalx,226861,https://www.agendalx.pt/wp-json/agendalx/v1/events,0e51ee8899c01e7328fabcfcb4c2dafae27c9382
Os contratos do comerciante,2026-04-08,2026-04-12,São Luiz Teatro Municipal,"Rua António Maria Cardoso, 38, 1200-026, Lisboa",Lisboa,https://www.agendalx.pt/wp-json/agendalx/v1/events,https://www.agendalx.pt/content/uploads/2026/02/aueeeu-jelinek2.jpg,teatro,,,"a:1:{i:0;a:2:{s:5:""value"";s:2:""12"";s:11:""description"";s:41:""preço normal (ver descontos aplicáveis)"";}}",approved,agendalx,231649,https://www.agendalx.pt/wp-json/agendalx/v1/events,b983f780039792b0dfe6bdef97af112b7d1ad3ff
Mohamed Ahmed Ibrahim,2026-04-09,2026-06-06,Perve Galeria,"Rua das Escolas Gerais, 17, 1100-213, Lisboa",Lisboa,https://www.agendalx.pt/wp-json/agendalx/v1/events,https://www.agendalx.pt/content/uploads/2026/03/MAI042.jpg,artes,,,,approved,agendalx,232798,https://www.agendalx.pt/wp-json/agendalx/v1/events,dea5beb7510924edd60b694bff51e30f031418aa
Torrente,2026-04-09,2026-04-19,ZDB 8 Marvila,"Praça David Leandro da Silva, 2, 1950-131",Lisboa,https://www.agendalx.pt/wp-json/agendalx/v1/events,https://www.agendalx.pt/content/uploads/2026/03/Torrente_Teatro-do-Vestido_acervo-A.A.Costa-site.png,teatro,,,,approved,agendalx,232437,https://www.agendalx.pt/wp-json/agendalx/v1/events,8a8c5bab2ee75da217ef132acc23cc19dec2616e
Antes que canalha caia em desuso,2026-04-09,2026-04-12,Clube Estefânia,"Rua Alexandre Braga, 24A, 1000-232, Lisboa",Lisboa,https://www.agendalx.pt/wp-json/agendalx/v1/events,https://www.agendalx.pt/content/uploads/2026/02/antes-que.jpg,teatro,,,"a:1:{i:0;a:2:{s:5:""value"";s:5:""12,50"";s:11:""description"";s:41:""preço normal (ver descontos aplicáveis)"";}}",approved,agendalx,231123,https://www.agendalx.pt/wp-json/agendalx/v1/events,60f6e0133f78e83235cacd713ea00c2ad091bd96
Noites de Impro,2026-04-09,2026-05-14,Com Calma Espaço Cultural,"Rua República da Bolívia n.º5 C, 1500-543, Lisboa",Lisboa,https://www.agendalx.pt/wp-json/agendalx/v1/events,https://www.agendalx.pt/content/uploads/2025/07/ImproMix.jpg,teatro,,,"a:1:{i:0;a:1:{s:5:""value"";s:1:""5"";}}",approved,agendalx,218534,https://www.agendalx.pt/wp-json/agendalx/v1/events,8ae2f69215128ded35d47786c3e7db0127f6c5e5
Presença Portuguesa na Ásia,2026-04-10,2026-12-11,Museu do Oriente,"Avenida Brasília, Doca de Alcântara, 1350-279, Lisboa",Lisboa,https://www.agendalx.pt/wp-json/agendalx/v1/events,https://www.agendalx.pt/content/uploads/2024/01/9bc988238f3a3e34420e2f7d1e5677239b4a0c1d.jpg,visitas guiadas,,,"a:1:{i:0;a:1:{s:5:""value"";s:1:""6"";}}",approved,agendalx,184467,https://www.agendalx.pt/wp-json/agendalx/v1/events,b259e6320854139020d0795eb1e5080ced8d3e00
Edmundo Inácio,2026-04-10,2026-04-10,Casa Capitão,"Rua do Grilo, 119, 1950-144, Lisboa",Lisboa,https://www.agendalx.pt/wp-json/agendalx/v1/events,https://www.agendalx.pt/content/uploads/2026/03/edmundo-inacio.png,música,,,"a:1:{i:0;a:1:{s:5:""value"";s:2:""13"";}}",approved,agendalx,232735,https://www.agendalx.pt/wp-json/agendalx/v1/events,746f432a87962a97ae4c0000ea9725b73057b88d
Oficina do Carmo,2026-04-11,2026-05-16,Ruínas e Museu Arqueológico do Carmo,"Largo do Carmo, 1200-092, Lisboa",Lisboa,https://www.agendalx.pt/wp-json/agendalx/v1/events,https://www.agendalx.pt/content/uploads/2026/02/Imagem-de-divulgacao1-scaled.jpg,,,,"a:1:{i:0;a:1:{s:5:""value"";s:2:""15"";}}",approved,agendalx,231786,https://www.agendalx.pt/wp-json/agendalx/v1/events,a95bdfeb41de91a0040c4f7d0f32b4b4ea7cb109
A Quinta dos Animais,2026-04-11,2026-04-19,LU.CA - Teatro Luís de Camões,"Calçada da Ajuda, 80, 1300-015, Lisboa",Lisboa,https://www.agendalx.pt/wp-json/agendalx/v1/events,https://www.agendalx.pt/content/uploads/2026/03/a-quinta-dos-animais-lu.ca-manuel-lino-41-1024x683-1.jpg,teatro,,,,approved,agendalx,232180,https://www.agendalx.pt/wp-json/agendalx/v1/events,594f4e6e421f3c591b84023aa49a03d4ce277ca9
AH!,2026-04-11,2026-06-28,LU.CA - Teatro Luís de Camões,"Calçada da Ajuda, 80, 1300-015, Lisboa",Lisboa,https://www.agendalx.pt/wp-json/agendalx/v1/events,https://www.agendalx.pt/content/uploads/2026/03/felicidade10b.png,artes,,,free,approved,agendalx,232809,https://www.agendalx.pt/wp-json/agendalx/v1/events,51a027686372d9943a95c2be0d9537bebd8c4b9c
Aqui há minhocas!,2026-04-11,2026-04-11,Museu de Lisboa - Palácio Pimenta,"Campo Grande 245, 1700-162, Lisboa",Lisboa,https://www.agendalx.pt/wp-json/agendalx/v1/events,https://www.agendalx.pt/content/uploads/2024/05/26MAI_aqui-ha-minhocas.png,ciências,,,free,approved,agendalx,84808,https://www.agendalx.pt/wp-json/agendalx/v1/events,ebef4afc5e24154c02515b64adb35db95e53dab9
Kabeça Orí,2026-04-11,2026-04-18,São Luiz Teatro Municipal,"Rua António Maria Cardoso, 38, 1200-026, Lisboa",Lisboa,https://www.agendalx.pt/wp-json/agendalx/v1/events,https://www.agendalx.pt/content/uploads/2026/02/kabeca-ori-by-joniricos-2000x1333-1.jpg,teatro,,,"a:1:{i:0;a:2:{s:5:""value"";s:2:""12"";s:11:""description"";s:41:""preço normal (ver descontos aplicáveis)"";}}",approved,agendalx,231653,https://www.agendalx.pt/wp-json/agendalx/v1/events,567fa0775e25526bb1d2a13b26a3e42bcd1c44f6
Lis Vegas Fest,2026-04-11,2026-04-11,Sociedade Filarmónica Recordação D’Apolo,"Rua do Cruzeiro, 46A, 1300-160, Ajuda",Ajuda,https://www.agendalx.pt/wp-json/agendalx/v1/events,https://www.agendalx.pt/content/uploads/2026/02/LisVegasFest_01.jpg,teatro,,,,approved,agendalx,230499,https://www.agendalx.pt/wp-json/agendalx/v1/events,8f9a5dbd2b8e2cf9593f7e606805fc5f115ce9fd
Mercado CCB,2026-04-12,2026-07-05,Centro Cultural de Belém,"Praça do Império, 1449-003, Lisboa",Lisboa,https://www.agendalx.pt/wp-json/agendalx/v1/events,https://www.agendalx.pt/content/uploads/2026/02/JCC-Mercado-CCB-04.jpg,feiras,,,free,approved,agendalx,231582,https://www.agendalx.pt/wp-json/agendalx/v1/events,fee6ec0131ac85bdb0b7f0993b8313bc7f953a20
Máscaras romanas,2026-04-12,2026-04-12,Museu de Lisboa - Teatro Romano,"Rua de São Mamede, 3A, 1100-532, Lisboa",Lisboa,https://www.agendalx.pt/wp-json/agendalx/v1/events,https://www.agendalx.pt/content/uploads/2022/01/29AGOMascarasRomanas_PX.jpg,artes,,,free,approved,agendalx,62225,https://www.agendalx.pt/wp-json/agendalx/v1/events,56accf554d1bc22875b2f2663577b8acdb78b9bb
A Viagem de Miss Cindy,2026-04-12,2026-04-12,Sagres Campo Pequeno,"Centro de Lazer Campo Pequeno, Torreão Sul, 1050-026, Lisboa",Lisboa,https://www.agendalx.pt/wp-json/agendalx/v1/events,https://www.agendalx.pt/content/uploads/2026/02/channels4_profile.jpg,música,,,,approved,agendalx,231840,https://www.agendalx.pt/wp-json/agendalx/v1/events,6b363e316a53e3bb71f7686d31814e093bbf7770
Jardim Aberto,2026-04-13,2026-06-09,São Luiz Teatro Municipal,"Rua António Maria Cardoso, 38, 1200-026, Lisboa",Lisboa,https://www.agendalx.pt/wp-json/agendalx/v1/events,https://www.agendalx.pt/content/uploads/2025/05/tmsl-jardim-aberto.jpg,música,,,free,approved,agendalx,218611,https://www.agendalx.pt/wp-json/agendalx/v1/events,40dcc38abf31a644339211739a5133bdf9d0ff4f
Clube de Leitura do Teatro Variedades,2026-04-13,2026-08-17,Teatro Variedades,"Parque Mayer, 1250-096, Lisboa",Lisboa,https://www.agendalx.pt/wp-json/agendalx/v1/events,https://www.agendalx.pt/content/uploads/2025/12/Teatro-Variedades.jpg,literatura,,,free,approved,agendalx,227451,https://www.agendalx.pt/wp-json/agendalx/v1/events,486fa40d0287da473317c10b743856fcc5f1d5e0
Isto não vai dar em nada,2026-04-15,2026-04-15,Turim - Um Teatro em Cada Bairro,"Estrada de Benfica, nº 723 A, 1500-088 Lisboa, 1500-109, Lisboa",Lisboa,https://www.agendalx.pt/wp-json/agendalx/v1/events,https://www.agendalx.pt/content/uploads/2025/12/isto-nao-vai-dar.jpg,stand up comedy,,,"a:1:{i:0;a:1:{s:5:""value"";s:1:""9"";}}",approved,agendalx,227750,https://www.agendalx.pt/wp-json/agendalx/v1/events,05f85137e1b5f2d3df7b5ab31c2f4a4be4fe0f6a
António Zambujo,2026-04-16,2026-04-17,Coliseu dos Recreios,"Rua das Portas de Santo Antão, 96, 1150-269 Lisboa, Lisboa",Lisboa,https://www.agendalx.pt/wp-json/agendalx/v1/events,https://www.agendalx.pt/content/uploads/2026/03/AZ_ZABBUJO_DSC3516_FIN_LR.jpg,música,,,"a:1:{i:0;a:1:{s:5:""value"";s:11:""25 € a 65"";}}",approved,agendalx,232727,https://www.agendalx.pt/wp-json/agendalx/v1/events,361c98311a600c3acad4fecdfd6bf15edcf36b27
Terra Criativa Pop Up,2026-04-17,2026-04-19,Chapitô,"Costa do Castelo, 1/7, 1100-129, Lisboa",Lisboa,https://www.agendalx.pt/wp-json/agendalx/v1/events,https://www.agendalx.pt/content/uploads/2026/03/Imagem1-3.jpg,feiras,,,,approved,agendalx,232697,https://www.agendalx.pt/wp-json/agendalx/v1/events,425cedc5932b2a23b50a5f650b954e3dbb6141ac
É melhor ficar descalço 2,2026-04-17,2026-05-03,Boutique da Cultura - Um Teatro em Cada Bairro,"Avenida Colégio Militar, 1500-187, Lisboa",Lisboa,https://www.agendalx.pt/wp-json/agendalx/v1/events,https://www.agendalx.pt/content/uploads/2026/03/Descalco.jpg,teatro,,,"a:1:{i:0;a:1:{s:5:""value"";s:2:""10"";}}",approved,agendalx,232397,https://www.agendalx.pt/wp-json/agendalx/v1/events,1d6ef2e0e9b97c89c19e083582c7db26fe0f7489
João Penalva,2026-04-18,2026-07-12,Culturgest,"Rua Arco do Cego, 50, 1000-020, Lisboa",Lisboa,https://www.agendalx.pt/wp-json/agendalx/v1/events,https://www.agendalx.pt/content/uploads/2026/03/lm44-eb621995.png__1920x580_q85_crop_subject_location-14221296_subsampling-2_upscale.jpg,artes,,,,approved,agendalx,232781,https://www.agendalx.pt/wp-json/agendalx/v1/events,df6751e6a232a3bd171d5cf7a2288a2289eaaf5d
Um Teatro com quatro vidas,2026-04-18,2026-04-18,Museu de Lisboa - Teatro Romano,"Rua de São Mamede, 3A, 1100-532, Lisboa",Lisboa,https://www.agendalx.pt/wp-json/agendalx/v1/events,https://www.agendalx.pt/content/uploads/2024/05/25MAI_um-teatro-quatro-vidas_cJose_Avelar.jpg,visitas guiadas,,,"a:1:{i:0;a:2:{s:5:""value"";s:1:""5"";s:11:""description"";s:23:""inclui entrada no museu"";}}",approved,agendalx,57255,https://www.agendalx.pt/wp-json/agendalx/v1/events,46e0c26015bdda7670486f0526ace8cacf090fb2
Contos Baralhados,2026-04-18,2026-04-18,Casa Fernando Pessoa,"Rua Coelho da Rocha, 16-18, 1250-096, Lisboa",Lisboa,https://www.agendalx.pt/wp-json/agendalx/v1/events,https://www.agendalx.pt/content/uploads/2026/03/DSC0171-Levina-Valentim-scaled.jpg,"literatura, música",,,,approved,agendalx,231771,https://www.agendalx.pt/wp-json/agendalx/v1/events,1368ee29b37d13094756e36d0a91ed5220867b66
Nuno Ribeiro,2026-04-18,2026-04-18,Coliseu dos Recreios,"Rua das Portas de Santo Antão, 96, 1150-269 Lisboa, Lisboa",Lisboa,https://www.agendalx.pt/wp-json/agendalx/v1/events,https://www.agendalx.pt/content/uploads/2026/03/NunoRibeiro42273.png,música,,,"a:1:{i:0;a:1:{s:5:""value"";s:11:""20 € a 40"";}}",approved,agendalx,232654,https://www.agendalx.pt/wp-json/agendalx/v1/events,a0117d010b1822bce9e2488b3f5bf51c0be4cd0b
Lagum,2026-04-18,2026-04-18,Lisboa ao Vivo,"Av. Marechal Gomes da Costa, nº 29 B1, 1800-255, Lisboa",Lisboa,https://www.agendalx.pt/wp-json/agendalx/v1/events,https://www.agendalx.pt/content/uploads/2026/03/lagum.png,música,,,"a:1:{i:0;a:1:{s:5:""value"";s:2:""25"";}}",approved,agendalx,232674,https://www.agendalx.pt/wp-json/agendalx/v1/events,d0cc191a0c0300ce592c8816134ef081c878f0f9
Como começa uma ditadura?,2026-04-19,2026-04-19,Quinta Alegre - Um Teatro em Cada Bairro,"Campo das Amoreiras, 94, 1750-025, Lisboa",Lisboa,https://www.agendalx.pt/wp-json/agendalx/v1/events,https://www.agendalx.pt/content/uploads/2026/03/Como-comeca-uma-ditadura_-Pedro-Soares.jpg,teatro,,,free,approved,agendalx,232409,https://www.agendalx.pt/wp-json/agendalx/v1/events,c6efb7b626d6ec82914a7f85602d05c17fa190ad
Ne-Yo,2026-04-19,2026-04-19,MEO Arena,"Rossio dos Olivais - Parque das Nações, 1990-231, Lisboa",Lisboa,https://www.agendalx.pt/wp-json/agendalx/v1/events,https://www.agendalx.pt/content/uploads/2026/03/PRESS-PHOTO.jpg,música,,,"a:1:{i:0;a:1:{s:5:""value"";s:11:""35 € a 85"";}}",approved,agendalx,232722,https://www.agendalx.pt/wp-json/agendalx/v1/events,67740b2a5431fe1666034d86a3e8386b553ad9c3
Tortoise,2026-04-20,2026-04-20,Culturgest,"Rua Arco do Cego, 50, 1000-020, Lisboa",Lisboa,https://www.agendalx.pt/wp-json/agendalx/v1/events,https://www.agendalx.pt/content/uploads/2026/03/tortoise.jpg,música,,,"a:1:{i:0;a:1:{s:5:""value"";s:2:""35"";}}",approved,agendalx,232719,https://www.agendalx.pt/wp-json/agendalx/v1/events,42f85e8084e555bb0b9ba6036afdb9f93014e12d
Próxima Paragem,2026-04-21,2026-04-21,Teatro Villaret,"Avenida Fontes Pereira de Melo 30 A, 1050-010, Lisboa",Lisboa,https://www.agendalx.pt/wp-json/agendalx/v1/events,https://www.agendalx.pt/content/uploads/2025/11/Monica-vale-de-Gato.jpg,stand up comedy,,,"a:1:{i:0;a:1:{s:5:""value"";s:2:""20"";}}",approved,agendalx,225012,https://www.agendalx.pt/wp-json/agendalx/v1/events,103f4d08e4260972ed2180d9e4c44d38aa406a89
A Escola,2026-04-21,2026-05-07,Boutique da Cultura - Um Teatro em Cada Bairro,"Avenida Colégio Militar, 1500-187, Lisboa",Lisboa,https://www.agendalx.pt/wp-json/agendalx/v1/events,https://www.agendalx.pt/content/uploads/2025/09/A-escola.jpg,teatro,,,"a:1:{i:0;a:2:{s:5:""value"";s:2:""10"";s:11:""description"";s:41:""preço normal (ver descontos aplicáveis)"";}}",approved,agendalx,232294,https://www.agendalx.pt/wp-json/agendalx/v1/events,2a81bd86acb986ce006c1bf9b8358a76e61adc15
Magia da Ópera e Bailado no Cinema,2026-04-21,2026-04-21,Cinema NOS Amoreiras,"Av. Eng. Duarte Pacheco, 103, 1070-103, Lisboa",Lisboa,https://www.agendalx.pt/wp-json/agendalx/v1/events,https://www.agendalx.pt/content/uploads/2025/10/d75d592b-70b1-462c-88b1-09f6effb36d6_Image.jpg,"dança, música",,,"a:1:{i:0;a:1:{s:5:""value"";s:2:""12"";}}",approved,agendalx,222443,https://www.agendalx.pt/wp-json/agendalx/v1/events,416f45887371fec2372fd3b564ba8fd8fd8795af
D. Juan ou a queda de um mito,2026-04-22,2026-04-26,São Luiz Teatro Municipal,"Rua António Maria Cardoso, 38, 1200-026, Lisboa",Lisboa,https://www.agendalx.pt/wp-json/agendalx/v1/events,https://www.agendalx.pt/content/uploads/2026/02/DJuan-leandrofernandes-1195x2000-1.jpg,teatro,,,"a:1:{i:0;a:2:{s:5:""value"";s:11:""12 € a 15"";s:11:""description"";s:41:""preço normal (ver descontos aplicáveis)"";}}",approved,agendalx,231661,https://www.agendalx.pt/wp-json/agendalx/v1/events,65165914b82d7bd231f93daffc011322ec33aa53
Verdadeiro Oeste,2026-04-23,2026-06-07,Teatro da Trindade INATEL,"Rua Nova da Trindade, 9, 1200-301, Lisboa",Lisboa,https://www.agendalx.pt/wp-json/agendalx/v1/events,https://www.agendalx.pt/content/uploads/2026/02/verdadeiro-oestepedro-macedo-framed-photos.jpg,teatro,,,"a:1:{i:0;a:1:{s:5:""value"";s:11:""10 € a 14"";}}",approved,agendalx,231466,https://www.agendalx.pt/wp-json/agendalx/v1/events,2700c17f983e00c8884d78740840450c8c3a52f7
Analphabet,2026-04-23,2026-04-24,Teatro do Bairro Alto,"Rua Tenente Raúl Cascais 1A, 1250-268, Lisboa",Lisboa,https://www.agendalx.pt/wp-json/agendalx/v1/events,https://www.agendalx.pt/content/uploads/2025/07/Analfabet.jpg,teatro,,,"a:1:{i:0;a:2:{s:5:""value"";s:2:""12"";s:11:""description"";s:41:""preço normal (ver descontos aplicáveis)"";}}",approved,agendalx,231667,https://www.agendalx.pt/wp-json/agendalx/v1/events,5ba45c571d8eab6dd09afb6ae5ef12833790484c
Burn Burn Burn,2026-04-23,2026-04-25,Culturgest,"Rua Arco do Cego, 50, 1000-020, Lisboa",Lisboa,https://www.agendalx.pt/wp-json/agendalx/v1/events,https://www.agendalx.pt/content/uploads/2025/10/Burn_1783_original_redes_FilipeFerreira.jpg,teatro,,,"a:1:{i:0;a:2:{s:5:""value"";s:2:""14"";s:11:""description"";s:41:""preço normal (ver descontos aplicáveis)"";}}",approved,agendalx,227757,https://www.agendalx.pt/wp-json/agendalx/v1/events,44de3745cad5642d43427202ed10f4d6647639b5
Abril no Castelo: Caminhos da Liberdade,2026-04-25,2026-04-25,Castelo de São Jorge,"Rua de Santa Cruz do Castelo, 1100-129, Lisboa",Lisboa,https://www.agendalx.pt/wp-json/agendalx/v1/events,https://www.agendalx.pt/content/uploads/2026/03/CasteloSaoJorgeFN3899-e1770044010355.jpg,ciências,,,,approved,agendalx,232819,https://www.agendalx.pt/wp-json/agendalx/v1/events,2b13575d9ed330027c0c4ef635c211fc6567a016
Djodje,2026-04-25,2026-04-25,Coliseu dos Recreios,"Rua das Portas de Santo Antão, 96, 1150-269 Lisboa, Lisboa",Lisboa,https://www.agendalx.pt/wp-json/agendalx/v1/events,https://www.agendalx.pt/content/uploads/2026/03/Djodje_foto-promo_single_Lua_IMG_1462.jpg,música,,,"a:1:{i:0;a:1:{s:5:""value"";s:11:""25 € a 50"";}}",approved,agendalx,232746,https://www.agendalx.pt/wp-json/agendalx/v1/events,84b17e3d3d0e51250b307ea41017fe2b48b5597c
Pablo Alborán,2026-04-25,2026-04-25,MEO Arena,"Rossio dos Olivais - Parque das Nações, 1990-231, Lisboa",Lisboa,https://www.agendalx.pt/wp-json/agendalx/v1/events,https://www.agendalx.pt/content/uploads/2026/03/pablo-alboran.jpg,música,,,"a:1:{i:0;a:1:{s:5:""value"";s:11:""25 € a 90"";}}",approved,agendalx,232679,https://www.agendalx.pt/wp-json/agendalx/v1/events,f86c9551d24b3eb17ac5c71d9f9e1adaf0dc108d
Museu Fora do Armário: Uma outra Lisboa – De sodomitas a queers,2026-04-26,2026-12-06,Museu de Lisboa - Palácio Pimenta,"Campo Grande 245, 1700-162, Lisboa",Lisboa,https://www.agendalx.pt/wp-json/agendalx/v1/events,https://www.agendalx.pt/content/uploads/2024/10/02-NOV_O-Museu-Fora-do-armario-©-Direitos-Reservados-scaled.jpg,visitas guiadas,,,"a:1:{i:0;a:2:{s:5:""value"";s:1:""5"";s:11:""description"";s:10:""em Bolt.pt"";}}",approved,agendalx,201619,https://www.agendalx.pt/wp-json/agendalx/v1/events,5aee517e57fc5d5d62462f8beb52532c3aa88a49
Riso Dissonante,2026-04-26,2026-09-28,Casa da Achada – Centro Mário Dionísio,"Rua da Achada, 11, r/c, 1100-236, Lisboa",Lisboa,https://www.agendalx.pt/wp-json/agendalx/v1/events,https://www.agendalx.pt/content/uploads/2026/03/Castelao_CML-scaled.jpg,artes,,,,approved,agendalx,232745,https://www.agendalx.pt/wp-json/agendalx/v1/events,690accae8b1f29faedc3d3ffe3ae832f0cac1588
Insuficiente,2026-04-26,2026-04-26,Coliseu dos Recreios,"Rua das Portas de Santo Antão, 96, 1150-269 Lisboa, Lisboa",Lisboa,https://www.agendalx.pt/wp-json/agendalx/v1/events,https://www.agendalx.pt/content/uploads/2026/02/insuficiente.jpg,stand up comedy,,,"a:1:{i:0;a:1:{s:5:""value"";s:11:""15 € e 35"";}}",approved,agendalx,231768,https://www.agendalx.pt/wp-json/agendalx/v1/events,f13b629131b63863e80ea3f0c03e47644690011a
Quem Te Viu e Quem Te Vê,2026-04-28,2026-04-28,Teatro Villaret,"Avenida Fontes Pereira de Melo 30 A, 1050-010, Lisboa",Lisboa,https://www.agendalx.pt/wp-json/agendalx/v1/events,https://www.agendalx.pt/content/uploads/2026/03/Quem-te-viu.jpeg,stand up comedy,,,,approved,agendalx,232432,https://www.agendalx.pt/wp-json/agendalx/v1/events,0a89642f30f8a2f3ec012275ddd927bc6f0dcd0c
Luz e Sombra,2026-04-30,2026-04-30,Égide - Associação Portuguesa das Artes,"Rua de São Pedro de Alcântara, 85, 1200-089, Lisboa",Lisboa,https://www.agendalx.pt/wp-json/agendalx/v1/events,https://www.agendalx.pt/content/uploads/2026/01/HORIZONTAL-scaled.jpg,artes,,,,approved,agendalx,229181,https://www.agendalx.pt/wp-json/agendalx/v1/events,2afec5519a9073e2d8e18353e9115e8138fe8398
Clube dos Poetas Mortos,2026-04-30,2026-08-02,Teatro da Trindade INATEL,"Rua Nova da Trindade, 9, 1200-301, Lisboa",Lisboa,https://www.agendalx.pt/wp-json/agendalx/v1/events,https://www.agendalx.pt/content/uploads/2026/03/clubepoetas.jpg,teatro,,,"a:1:{i:0;a:1:{s:5:""value"";s:11:""10 € a 22"";}}",approved,agendalx,232211,https://www.agendalx.pt/wp-json/agendalx/v1/events,70b41a58ce938e423190eeb2f78501d9181e9ba4
Os reis mostram o Palácio da Ajuda,2026-05-02,2026-05-02,Palácio Nacional da Ajuda,"Largo da Ajuda, 1300, Lisboa",Lisboa,https://www.agendalx.pt/wp-json/agendalx/v1/events,https://www.agendalx.pt/content/uploads/2026/03/Os-reis_-familias-em-ingles.jpg,visitas guiadas,,,,approved,agendalx,224960,https://www.agendalx.pt/wp-json/agendalx/v1/events,44ed7212631727f4c5a4c7761d567424470abfdf
Masterchef Romano,2026-05-03,2026-10-10,Museu de Lisboa - Teatro Romano,"Rua de São Mamede, 3A, 1100-532, Lisboa",Lisboa,https://www.agendalx.pt/wp-json/agendalx/v1/events,https://www.agendalx.pt/content/uploads/2026/01/PSX_20250902_121431-2048x1536-1.jpg,ciências,,,"a:1:{i:0;a:2:{s:5:""value"";s:1:""3"";s:11:""description"";s:12:""participante"";}}",approved,agendalx,228412,https://www.agendalx.pt/wp-json/agendalx/v1/events,82a9452128d547136f3403d106ad11e10ab8a21d
Um Domingo na Avenida,2026-05-03,2026-05-03,Parque Eduardo VII,"Parque Eduardo VII, 1070-099",Lisboa,https://www.agendalx.pt/wp-json/agendalx/v1/events,https://www.agendalx.pt/content/uploads/2026/03/Imagem1-6.jpg,feiras,,,,approved,agendalx,232749,https://www.agendalx.pt/wp-json/agendalx/v1/events,6be85f4b03cbe9a8ca565c62538ed39d0e734abc
Exposição de Pintura Jovens Artistas,2026-05-06,2026-05-15,Grémio Literário,"Rua Ivens. 37, 1200-226",Lisboa,https://www.agendalx.pt/wp-json/agendalx/v1/events,https://www.agendalx.pt/content/uploads/2026/03/PJM2026-imagem-agenda-lx.jpg,artes,,,,approved,agendalx,232625,https://www.agendalx.pt/wp-json/agendalx/v1/events,b080db78cf3612a250f09f180d4bf350609a4939
O tamanho das coisas,2026-05-07,2026-05-17,Teatro Variedades,"Parque Mayer, 1250-096, Lisboa",Lisboa,https://www.agendalx.pt/wp-json/agendalx/v1/events,https://www.agendalx.pt/content/uploads/2026/02/O_TAMANHO_DAS_COISAS.jpg,teatro,,,"a:1:{i:0;a:2:{s:5:""value"";s:11:""12 € a 17"";s:11:""description"";s:41:""preço normal (ver descontos aplicáveis)"";}}",approved,agendalx,231668,https://www.agendalx.pt/wp-json/agendalx/v1/events,da4daf4936d838666732f83fae64ba8e23ddf95f
Lisbon Art Collective,2026-05-08,2026-06-05,Café Curva,"Rua Damasceno Monteiro, 108 D, 1170-113, Lisboa",Lisboa,https://www.agendalx.pt/wp-json/agendalx/v1/events,https://www.agendalx.pt/content/uploads/2026/03/WhatsApp-Image-2026-02-23-at-17.38.45-1.jpeg,artes,,,,approved,agendalx,232762,https://www.agendalx.pt/wp-json/agendalx/v1/events,de28e6039c42d927d87fcded22631b65acd914de
Bordalo Surpresa,2026-05-13,2026-05-13,Museu Bordalo Pinheiro,"Campo Grande, 382, 1700-097, Lisboa",Lisboa,https://www.agendalx.pt/wp-json/agendalx/v1/events,https://www.agendalx.pt/content/uploads/2023/03/DSC09716-1_credito-Nuno-Silva.jpg,visitas guiadas,,,"a:1:{i:0;a:1:{s:5:""value"";s:1:""2"";}}",approved,agendalx,87972,https://www.agendalx.pt/wp-json/agendalx/v1/events,03e3d30bde036ea615b113565b2c8a579e5ff563
Em sede própria,2026-05-17,2026-05-28,Coliseu dos Recreios,"Rua das Portas de Santo Antão, 96, 1150-269 Lisboa, Lisboa",Lisboa,https://www.agendalx.pt/wp-json/agendalx/v1/events,https://www.agendalx.pt/content/uploads/2025/12/Joana-Marques.jpg,stand up comedy,,,"a:1:{i:0;a:1:{s:5:""value"";s:11:""22 € a 40"";}}",approved,agendalx,227460,https://www.agendalx.pt/wp-json/agendalx/v1/events,619b05a4e2a4cc213ec86a191e49b2a7b8160052
João Taborda Portuguese Memorial 2026,2026-05-20,2026-05-20,,,Lisboa,https://www.agendalx.pt/wp-json/agendalx/v1/events,https://www.agendalx.pt/content/uploads/2026/02/Imagem1-2.jpg,artes,,,,approved,agendalx,230445,https://www.agendalx.pt/wp-json/agendalx/v1/events,8172c4dcedd47c02460eda46dda932101ccd6f1e
Rent,2026-05-21,2026-06-28,Casino Lisboa,"Alameda dos Oceanos 45, 1990-204, Lisboa",Lisboa,https://www.agendalx.pt/wp-json/agendalx/v1/events,https://www.agendalx.pt/content/uploads/2025/02/Rent-1.jpg,teatro,,,"a:1:{i:0;a:1:{s:5:""value"";s:11:""26 € a 35"";}}",approved,agendalx,229066,https://www.agendalx.pt/wp-json/agendalx/v1/events,8c9f9ffad2c848803752e04c5bf41be87f9820fb
Hotel Paradoxo,2026-05-21,2026-05-23,Planetário da Marinha,"Praça do Império, 1400-206, Lisboa",Lisboa,https://www.agendalx.pt/wp-json/agendalx/v1/events,https://www.agendalx.pt/content/uploads/2026/01/Hotel-Paradoxo.jpg,teatro,,,"a:1:{i:0;a:1:{s:5:""value"";s:2:""10"";}}",approved,agendalx,228583,https://www.agendalx.pt/wp-json/agendalx/v1/events,41d54761ea24789a0609745303a84f47725c974c
The Calm Down tour,2026-05-26,2026-05-26,Teatro Tivoli BBVA,"Avenida da Liberdade, 182 A, 1250-146, Lisboa",Lisboa,https://www.agendalx.pt/wp-json/agendalx/v1/events,https://www.agendalx.pt/content/uploads/2026/01/LauraRamoso.jpg,stand up comedy,,,"a:1:{i:0;a:1:{s:5:""value"";s:11:""25 € a 40"";}}",approved,agendalx,230222,https://www.agendalx.pt/wp-json/agendalx/v1/events,612485604493457e9e20ee2a66372b02598c108b
TOSHiiB4,2026-05-27,2026-05-31,Sala Estúdio Valentim de Barros,"Rua Gomes Freire, 161, 1150-176, Lisboa",Lisboa,https://www.agendalx.pt/wp-json/agendalx/v1/events,https://www.agendalx.pt/content/uploads/2025/12/Toshib4.jpg,teatro,,,"a:1:{i:0;a:2:{s:5:""value"";s:2:""12"";s:11:""description"";s:41:""preço normal (ver descontos aplicáveis)"";}}",approved,agendalx,227769,https://www.agendalx.pt/wp-json/agendalx/v1/events,ff4cc78d426cc12931c1368e0674258e974a478c
Amigável,2026-06-02,2026-06-02,Teatro Tivoli BBVA,"Avenida da Liberdade, 182 A, 1250-146, Lisboa",Lisboa,https://www.agendalx.pt/wp-json/agendalx/v1/events,https://www.agendalx.pt/content/uploads/2026/02/guilherme-fonseca.jpg,stand up comedy,,,,approved,agendalx,231864,https://www.agendalx.pt/wp-json/agendalx/v1/events,4ddf68f90ba16a86952db474feb531294246ad7a
Verificando se você é humano,2026-06-06,2026-06-06,MEO Arena,"Rossio dos Olivais - Parque das Nações, 1990-231, Lisboa",Lisboa,https://www.agendalx.pt/wp-json/agendalx/v1/events,https://www.agendalx.pt/content/uploads/2025/11/ricardo-araujo-pereira-verificando-se-voce-e-humano.webp,stand up comedy,,,"a:1:{i:0;a:1:{s:5:""value"";s:11:""30 € a 80"";}}",approved,agendalx,225203,https://www.agendalx.pt/wp-json/agendalx/v1/events,616faa65b28d93472cae48b25c234026308d6bf4
Conan Gray,2026-06-07,2026-06-07,MEO Arena,"Rossio dos Olivais - Parque das Nações, 1990-231, Lisboa",Lisboa,https://www.agendalx.pt/wp-json/agendalx/v1/events,https://www.agendalx.pt/content/uploads/2025/10/conan-gray.jpg,música,,,"a:1:{i:0;a:1:{s:5:""value"";s:11:""45 € a 75"";}}",approved,agendalx,223353,https://www.agendalx.pt/wp-json/agendalx/v1/events,3065053c8e65e9d1ff099982256cd285a24b16a8
A Bronx Tale: One Man Show,2026-06-10,2026-06-10,Cinema São Jorge,"Avenida da Liberdade, 175, 1250-141, Lisboa",Lisboa,https://www.agendalx.pt/wp-json/agendalx/v1/events,https://www.agendalx.pt/content/uploads/2026/01/Chazz-Palminteri.jpg,teatro,,,"a:1:{i:0;a:1:{s:5:""value"";s:11:""20 € a 45"";}}",approved,agendalx,228274,https://www.agendalx.pt/wp-json/agendalx/v1/events,5433905b27a1978cff25e6b31e3962325f776f02
Travesty,2026-06-11,2026-06-11,Teatro Tivoli BBVA,"Avenida da Liberdade, 182 A, 1250-146, Lisboa",Lisboa,https://www.agendalx.pt/wp-json/agendalx/v1/events,https://www.agendalx.pt/content/uploads/2026/01/travesty.jpg,stand up comedy,,,,approved,agendalx,230104,https://www.agendalx.pt/wp-json/agendalx/v1/events,43fb110069b46561c3e49bf3cf13fcbd3cc3b4a3
Manel e Chico descobrem o Teatro Romano,2026-06-14,2026-06-14,Museu de Lisboa - Teatro Romano,"Rua de São Mamede, 3A, 1100-532, Lisboa",Lisboa,https://www.agendalx.pt/wp-json/agendalx/v1/events,https://www.agendalx.pt/content/uploads/2026/01/LR_franciscaramalho_livro-teatro-romano_9.jpeg,literatura,,,free,approved,agendalx,229684,https://www.agendalx.pt/wp-json/agendalx/v1/events,42c143847c5bc7efa9b6a4bef165031283157de5
Exercício de montagem,2026-06-18,2026-06-28,Centro Cultural de Belém,"Praça do Império, 1449-003, Lisboa",Lisboa,https://www.agendalx.pt/wp-json/agendalx/v1/events,https://www.agendalx.pt/content/uploads/2026/03/exercicio-de-montagem.jpg,teatro,,,"a:1:{i:0;a:2:{s:5:""value"";s:11:""12 € e 15"";s:11:""description"";s:41:""preço normal (ver descontos aplicáveis)"";}}",approved,agendalx,232295,https://www.agendalx.pt/wp-json/agendalx/v1/events,53891fc574ac5c97299e25f076fd6b5d3b5035ef
Rock in Rio Lisboa,2026-06-20,2026-06-28,Parque Urbano do Tejo e do Trancão,Passeio do Tejo,Lisboa,https://www.agendalx.pt/wp-json/agendalx/v1/events,https://www.agendalx.pt/content/uploads/2026/02/katy-pery.png,música,,,,approved,agendalx,230498,https://www.agendalx.pt/wp-json/agendalx/v1/events,11b16378e3b59ed48732da19abdbc5e660ad7ec5
Uma cidade com 2000 anos,2026-06-27,2026-11-28,Museu de Lisboa - Teatro Romano,"Rua de São Mamede, 3A, 1100-532, Lisboa",Lisboa,https://www.agendalx.pt/wp-json/agendalx/v1/events,https://www.agendalx.pt/content/uploads/2025/10/Uma-cidade-com-2000-anos-Jose-Avelar.jpg,visitas guiadas,,,"a:1:{i:0;a:2:{s:5:""value"";s:1:""3"";s:11:""description"";s:10:""em Bolt.pt"";}}",approved,agendalx,223654,https://www.agendalx.pt/wp-json/agendalx/v1/events,a9c6458d0e04dbc5db78c1c97e1661e98b7e7d4a
Grande entre os assassinos,2026-06-29,2026-06-29,Teatro Tivoli BBVA,"Avenida da Liberdade, 182 A, 1250-146, Lisboa",Lisboa,https://www.agendalx.pt/wp-json/agendalx/v1/events,https://www.agendalx.pt/content/uploads/2026/02/eduardo-madeira.jpg,stand up comedy,,,"a:1:{i:0;a:1:{s:5:""value"";s:11:""14 € a 22"";}}",approved,agendalx,231794,https://www.agendalx.pt/wp-json/agendalx/v1/events,8fc900e9aae31b7b1d686996fe0a153cb5f002ef
Um julgamento,2026-07-03,2026-07-05,Centro Cultural de Belém,"Praça do Império, 1449-003, Lisboa",Lisboa,https://www.agendalx.pt/wp-json/agendalx/v1/events,https://www.agendalx.pt/content/uploads/2026/01/um-julgamento.jpg,teatro,,,"a:1:{i:0;a:1:{s:5:""value"";s:11:""21 € a 30"";}}",approved,agendalx,228333,https://www.agendalx.pt/wp-json/agendalx/v1/events,c7f4a5a54e921c7d14b4d662b5d13a162df27f6a
Rocha n´Roll,2026-07-04,2026-07-04,Casino Lisboa,"Alameda dos Oceanos 45, 1990-204, Lisboa",Lisboa,https://www.agendalx.pt/wp-json/agendalx/v1/events,https://www.agendalx.pt/content/uploads/2026/02/rocha.jpg,stand up comedy,,,"a:1:{i:0;a:1:{s:5:""value"";s:11:""20 € a 22"";}}",approved,agendalx,231854,https://www.agendalx.pt/wp-json/agendalx/v1/events,cdc55fdcafe20339086211c0a54135bc5bf200e9
Iron Maiden,2026-07-07,2026-07-07,Estádio do Sport Lisboa e Benfica,"Avenida General Norton de Matos, Lisboa",Lisboa,https://www.agendalx.pt/wp-json/agendalx/v1/events,https://www.agendalx.pt/content/uploads/2026/02/iron-maiden.png,música,,,"a:1:{i:0;a:1:{s:5:""value"";s:11:""70 € a 90"";}}",approved,agendalx,230523,https://www.agendalx.pt/wp-json/agendalx/v1/events,2149247157548ccad62b5498ed23ec5749225035
Scorpions,2026-07-08,2026-07-08,MEO Arena,"Rossio dos Olivais - Parque das Nações, 1990-231, Lisboa",Lisboa,https://www.agendalx.pt/wp-json/agendalx/v1/events,https://www.agendalx.pt/content/uploads/2026/02/scorpions.jpeg,música,,,"a:1:{i:0;a:1:{s:5:""value"";s:11:""45 € a 65"";}}",approved,agendalx,230536,https://www.agendalx.pt/wp-json/agendalx/v1/events,b6921ca71a30d57b507bc7f9ca87917d44b73865
Belle and Sebastian,2026-07-21,2026-07-21,Coliseu dos Recreios,"Rua das Portas de Santo Antão, 96, 1150-269 Lisboa, Lisboa",Lisboa,https://www.agendalx.pt/wp-json/agendalx/v1/events,https://www.agendalx.pt/content/uploads/2026/02/AIC_9526-F.jpg,música,,,"a:1:{i:0;a:1:{s:5:""value"";s:11:""40 € a 60"";}}",approved,agendalx,230541,https://www.agendalx.pt/wp-json/agendalx/v1/events,7343663afb3c973fa120bb76fa13cd2a87401861
Macbeth,2026-07-21,2026-07-25,Capitólio,"Parque Mayer, 1250-096, Lisboa",Lisboa,https://www.agendalx.pt/wp-json/agendalx/v1/events,https://www.agendalx.pt/content/uploads/2026/02/macbeth.jpg,teatro,,,"a:1:{i:0;a:2:{s:5:""value"";s:2:""15"";s:11:""description"";s:41:""preço normal (ver descontos aplicáveis)"";}}",approved,agendalx,231176,https://www.agendalx.pt/wp-json/agendalx/v1/events,086f4d52bf19841b7f3bbe41a1a1903eaf084f3b
Worten Mock Fest,2026-08-28,2026-08-30,Cinema São Jorge,"Avenida da Liberdade, 175, 1250-141, Lisboa",Lisboa,https://www.agendalx.pt/wp-json/agendalx/v1/events,https://www.agendalx.pt/content/uploads/2024/03/cinema-sao-jorge.jpg,stand up comedy,,,,approved,agendalx,228277,https://www.agendalx.pt/wp-json/agendalx/v1/events,6862393717ddd9dbcf084222452f7a414151cc44
MEO Kalorama,2026-08-28,2026-08-30,Parque da Belavista,"Parque da Belavista, 1950-000, Lisboa",Lisboa,https://www.agendalx.pt/wp-json/agendalx/v1/events,https://www.agendalx.pt/content/uploads/2026/02/Robbie-Williams.png,música,,,"a:1:{i:0;a:1:{s:5:""value"";s:13:""100 € a 120"";}}",approved,agendalx,230515,https://www.agendalx.pt/wp-json/agendalx/v1/events,74cf1353d1b32b5cfedf24379d69626d924279b9
The Weeknd,2026-09-05,2026-09-05,Estádio do Restelo,"Praceta Torres do Restelo, 1449-015, Lisboa",Lisboa,https://www.agendalx.pt/wp-json/agendalx/v1/events,https://www.agendalx.pt/content/uploads/2025/10/Photo-by-Sebastien-Nagy-4.jpg,música,,,,approved,agendalx,222782,https://www.agendalx.pt/wp-json/agendalx/v1/events,8027f16a45ca0cf1668133b1eb68ca4c54e30485
Rádio Macau,2026-09-30,2026-10-02,Coliseu dos Recreios,"Rua das Portas de Santo Antão, 96, 1150-269 Lisboa, Lisboa",Lisboa,https://www.agendalx.pt/wp-json/agendalx/v1/events,https://www.agendalx.pt/content/uploads/2026/03/Radio-Macau-5.2.jpg,música,,,"a:1:{i:0;a:1:{s:5:""value"";s:11:""18 € a 45"";}}",approved,agendalx,232493,https://www.agendalx.pt/wp-json/agendalx/v1/events,8443ec7c42efcbf6dc00815015a96e88b1c6da1f
Está tudo sob controle,2026-10-28,2026-10-28,Teatro Villaret,"Avenida Fontes Pereira de Melo 30 A, 1050-010, Lisboa",Lisboa,https://www.agendalx.pt/wp-json/agendalx/v1/events,https://www.agendalx.pt/content/uploads/2026/02/laura.jpg,stand up comedy,,,"a:1:{i:0;a:1:{s:5:""value"";s:2:""12"";}}",approved,agendalx,231872,https://www.agendalx.pt/wp-json/agendalx/v1/events,3962420faac33a9fb95d39b2f01e4998d971b43e
The Mo You Know,2026-11-25,2026-11-25,Teatro Maria Matos,"Avenida Frei Miguel Contreiras, 52, 1700-081, Lisboa",Lisboa,https://www.agendalx.pt/wp-json/agendalx/v1/events,https://www.agendalx.pt/content/uploads/2026/01/Mo.jpg,stand up comedy,,,"a:1:{i:0;a:1:{s:5:""value"";s:11:""23 € e 26"";}}",approved,agendalx,229063,https://www.agendalx.pt/wp-json/agendalx/v1/events,8100e01638ece2c53d3c082bcde96322b83a3c50